2459215.50 0 0 0 0 0 0 0 0 0 0 0 0 0 0 4.900302763182745 0
2459215.54 0 0 0 0 0 0 0 0 0 0 0 0 0 0 4.901036360942574 0
2459215.58 0 0 0 0 0 0 0 0 0 0 0 0 0 0 4.901769958702404 0
2459215.63 0 0 0 0 0 0 0 0 0 0 0 0 0 0 4.902503556462234 0
2459215.67 0 0 0 0 0 0 0 0 0 0 0 0 0 0 4.903237154222063 0
2459215.71 0 0 0 0 0 0 0 0 0 0 0 0 0 0 4.903970751981893 0
2459215.75 0 0 0 0 0 0 0 0 0 0 0 0 0 0 4.904704349741722 0
2459215.79 0 0 0 0 0 0 0 0 0 0 0 0 0 0 4.905437947501551 0
2459215.83 0 0 0 0 0 0 0 0 0 0 0 0 0 0 4.906171545261381 0
2459215.88 0 0 0 0 0 0 0 0 0 0 0 0 0 0 4.90690514302121 0
2459215.92 0 0 0 0 0 0 0 0 0 0 0 0 0 0 4.9076387407810405 0
2459215.96 0 0 0 0 0 0 0 0 0 0 0 0 0 0 4.90837233854087 0
2459216.00 0 0 0 0 0 0 0 0 0 0 0 0 0 0 4.9091059363006995 0
2459216.04 0 0 0 0 0 0 0 0 0 0 0 0 0 0 4.909839534060528 0
2459216.08 0 0 0 0 0 0 0 0 0 0 0 0 0 0 4.9105731318203585 0
2459216.13 0 0 0 0 0 0 0 0 0 0 0 0 0 0 4.911306729580187 0
2459216.17 0 0 0 0 0 0 0 0 0 0 0 0 0 0 4.9120403273400175 0
2459216.21 0 0 0 0 0 0 0 0 0 0 0 0 0 0 4.912773925099846 0
2459216.25 0 0 0 0 0 0 0 0 0 0 0 0 0 0 4.913507522859676 0
2459216.29 0 0 0 0 0 0 0 0 0 0 0 0 0 0 4.914241120619505 0
2459216.33 0 0 0 0 0 0 0 0 0 0 0 0 0 0 4.9149747183793355 0
2459216.38 0 0 0 0 0 0 0 0 0 0 0 0 0 0 4.915708316139164 0
2459216.42 0 0 0 0 0 0 0 0 0 0 0 0 0 0 4.9164419138989945 0
2459216.46 0 0 0 0 0 0 0 0 0 0 0 0 0 0 4.917175511658823 0
2459216.50 0 0 0 0 0 0 0 0 0 0 0 0 0 0 4.917909109418653 0
2459216.54 0 0 0 0 0 0 0 0 0 0 0 0 0 0 4.918642707178482 0
2459216.58 0 0 0 0 0 0 0 0 0 0 0 0 0 0 4.919376304938312 0
2459216.63 0 0 0 0 0 0 0 0 0 0 0 0 0 0 4.920109902698141 0
2459216.67 0 0 0 0 0 0 0 0 0 0 0 0 0 0 4.920843500457972 0
2459216.71 0 0 0 0 0 0 0 0 0 0 0 0 0 0 4.9215770982178 0
2459216.75 0 0 0 0 0 0 0 0 0 0 0 0 0 0 4.922310695977629 0
2459216.79 0 0 0 0 0 0 0 0 0 0 0 0 0 0 4.923044293737459 0
2459216.83 0 0 0 0 0 0 0 0 0 0 0 0 0 0 4.923777891497289 0
2459216.88 0 0 0 0 0 0 0 0 0 0 0 0 0 0 4.924511489257118 0
2459216.92 0 0 0 0 0 0 0 0 0 0 0 0 0 0 4.925245087016947 0
2459216.96 0 0 0 0 0 0 0 0 0 0 0 0 0 0 4.925978684776777 0
2459217.00 0 0 0 0 0 0 0 0 0 0 0 0 0 0 4.926712282536606 0
2459217.04 0 0 0 0 0 0 0 0 0 0 0 0 0 0 4.927445880296436 0
2459217.08 0 0 0 0 0 0 0 0 0 0 0 0 0 0 4.928179478056265 0
2459217.13 0 0 0 0 0 0 0 0 0 0 0 0 0 0 4.928913075816094 0
2459217.17 0 0 0 0 0 0 0 0 0 0 0 0 0 0 4.929646673575924 0
2459217.21 0 0 0 0 0 0 0 0 0 0 0 0 0 0 4.930380271335754 0
2459217.25 0 0 0 0 0 0 0 0 0 0 0 0 0 0 4.931113869095583 0
2459217.29 0 0 0 0 0 0 0 0 0 0 0 0 0 0 4.931847466855413 0
2459217.33 0 0 0 0 0 0 0 0 0 0 0 0 0 0 4.932581064615242 0
2459217.38 0 0 0 0 0 0 0 0 0 0 0 0 0 0 4.933314662375071 0
2459217.42 0 0 0 0 0 0 0 0 0 0 0 0 0 0 4.934048260134901 0
2459217.46 0 0 0 0 0 0 0 0 0 0 0 0 0 0 4.9347818578947305 0
2459217.50 0 0 0 0 0 0 0 0 0 0 0 0 0 0 4.93551545565456 0
2459217.54 0 0 0 0 0 0 0 0 0 0 0 0 0 0 4.93624905341439 0
2459217.58 0 0 0 0 0 0 0 0 0 0 0 0 0 0 4.936982651174219 0
2459217.63 0 0 0 0 0 0 0 0 0 0 0 0 0 0 4.9377162489340485 0
2459217.67 0 0 0 0 0 0 0 0 0 0 0 0 0 0 4.938449846693877 0
2459217.71 0 0 0 0 0 0 0 0 0 0 0 0 0 0 4.9391834444537075 0
2459217.75 0 0 0 0 0 0 0 0 0 0 0 0 0 0 4.939917042213537 0
2459217.79 0 0 0 0 0 0 0 0 0 0 0 0 0 0 4.9406506399733665 0
2459217.84 0 0 0 0 0 0 0 0 0 0 0 0 0 0 4.941384237733196 0
2459217.88 0 0 0 0 0 0 0 0 0 0 0 0 0 0 4.9421178354930255 0
2459217.92 0 0 0 0 0 0 0 0 0 0 0 0 0 0 4.942851433252854 0
2459217.96 0 0 0 0 0 0 0 0 0 0 0 0 0 0 4.9435850310126845 0
2459218.00 0 0 0 0 0 0 0 0 0 0 0 0 0 0 4.944318628772513 0
2459218.04 0 0 0 0 0 0 0 0 0 0 0 0 0 0 4.945052226532343 0
2459218.09 0 0 0 0 0 0 0 0 0 0 0 0 0 0 4.945785824292173 0
2459218.13 0 0 0 0 0 0 0 0 0 0 0 0 0 0 4.946519422052002 0
2459218.17 0 0 0 0 0 0 0 0 0 0 0 0 0 0 4.947253019811831 0
2459218.21 0 0 0 0 0 0 0 0 0 0 0 0 0 0 4.94798661757166 0
2459218.25 0 0 0 0 0 0 0 0 0 0 0 0 0 0 4.94872021533149 0
2459218.29 0 0 0 0 0 0 0 0 0 0 0 0 0 0 4.94945381309132 0
2459218.34 0 0 0 0 0 0 0 0 0 0 0 0 0 0 4.950187410851149 0
2459218.38 0 0 0 0 0 0 0 0 0 0 0 0 0 0 4.950921008610979 0
2459218.42 0 0 0 0 0 0 0 0 0 0 0 0 0 0 4.951654606370808 0
2459218.46 0 0 0 0 0 0 0 0 0 0 0 0 0 0 4.952388204130637 0
2459218.50 0 0 0 0 0 0 0 0 0 0 0 0 0 0 4.953121801890467 0
2459218.54 0 0 0 0 0 0 0 0 0 0 0 0 0 0 4.953855399650296 0
2459218.59 0 0 0 0 0 0 0 0 0 0 0 0 0 0 4.954588997410126 0
2459218.63 0 0 0 0 0 0 0 0 0 0 0 0 0 0 4.955322595169956 0
2459218.67 0 0 0 0 0 0 0 0 0 0 0 0 0 0 4.956056192929785 0
2459218.71 0 0 0 0 0 0 0 0 0 0 0 0 0 0 4.956789790689614 0
2459218.75 0 0 0 0 0 0 0 0 0 0 0 0 0 0 4.957523388449444 0
2459218.79 0 0 0 0 0 0 0 0 0 0 0 0 0 0 4.958256986209273 0
2459218.84 0 0 0 0 0 0 0 0 0 0 0 0 0 0 4.958990583969103 0
2459218.88 0 0 0 0 0 0 0 0 0 0 0 0 0 0 4.959724181728932 0
2459218.92 0 0 0 0 0 0 0 0 0 0 0 0 0 0 4.960457779488762 0
2459218.96 0 0 0 0 0 0 0 0 0 0 0 0 0 0 4.961191377248591 0
2459219.00 0 0 0 0 0 0 0 0 0 0 0 0 0 0 4.961924975008421 0
2459219.04 0 0 0 0 0 0 0 0 0 0 0 0 0 0 4.96265857276825 0
2459219.09 0 0 0 0 0 0 0 0 0 0 0 0 0 0 4.96339217052808 0
2459219.13 0 0 0 0 0 0 0 0 0 0 0 0 0 0 4.964125768287909 0
2459219.17 0 0 0 0 0 0 0 0 0 0 0 0 0 0 4.9648593660477385 0
2459219.21 0 0 0 0 0 0 0 0 0 0 0 0 0 0 4.965592963807568 0
2459219.25 0 0 0 0 0 0 0 0 0 0 0 0 0 0 4.9663265615673975 0
2459219.29 0 0 0 0 0 0 0 0 0 0 0 0 0 0 4.967060159327227 0
2459219.34 0 0 0 0 0 0 0 0 0 0 0 0 0 0 4.967793757087056 0
2459219.38 0 0 0 0 0 0 0 0 0 0 0 0 0 0 4.968527354846886 0
2459219.42 0 0 0 0 0 0 0 0 0 0 0 0 0 0 4.9692609526067155 0
2459219.46 0 0 0 0 0 0 0 0 0 0 0 0 0 0 4.969994550366545 0
2459219.50 0 0 0 0 0 0 0 0 0 0 0 0 0 0 4.9707281481263745 0
2459219.54 0 0 0 0 0 0 0 0 0 0 0 0 0 0 4.971461745886204 0
2459219.59 0 0 0 0 0 0 0 0 0 0 0 0 0 0 4.972195343646033 0
2459219.63 0 0 0 0 0 0 0 0 0 0 0 0 0 0 4.972928941405863 0
2459219.67 0 0 0 0 0 0 0 0 0 0 0 0 0 0 4.973662539165692 0
2459219.71 0 0 0 0 0 0 0 0 0 0 0 0 0 0 4.974396136925522 0
2459219.75 0 0 0 0 0 0 0 0 0 0 0 0 0 0 4.975129734685352 0
2459219.80 0 0 0 0 0 0 0 0 0 0 0 0 0 0 4.975863332445181 0
2459219.84 0 0 0 0 0 0 0 0 0 0 0 0 0 0 4.97659693020501 0
2459219.88 0 0 0 0 0 0 0 0 0 0 0 0 0 0 4.97733052796484 0
2459219.92 0 0 0 0 0 0 0 0 0 0 0 0 0 0 4.978064125724669 0
2459219.96 0 0 0 0 0 0 0 0 0 0 0 0 0 0 4.978797723484499 0
2459220.00 0 0 0 0 0 0 0 0 0 0 0 0 0 0 4.979531321244328 0
2459220.05 0 0 0 0 0 0 0 0 0 0 0 0 0 0 4.980264919004157 0
2459220.09 0 0 0 0 0 0 0 0 0 0 0 0 0 0 4.980998516763987 0
2459220.13 0 0 0 0 0 0 0 0 0 0 0 0 0 0 4.981732114523817 0
2459220.17 0 0 0 0 0 0 0 0 0 0 0 0 0 0 4.982465712283646 0
2459220.21 0 0 0 0 0 0 0 0 0 0 0 0 0 0 4.983199310043476 0
2459220.25 0 0 0 0 0 0 0 0 0 0 0 0 0 0 4.983932907803305 0
2459220.30 0 0 0 0 0 0 0 0 0 0 0 0 0 0 4.984666505563134 0
2459220.34 0 0 0 0 0 0 0 0 0 0 0 0 0 0 4.985400103322964 0
2459220.38 0 0 0 0 0 0 0 0 0 0 0 0 0 0 4.986133701082793 0
2459220.42 0 0 0 0 0 0 0 0 0 0 0 0 0 0 4.986867298842623 0
2459220.46 0 0 0 0 0 0 0 0 0 0 0 0 0 0 4.987600896602453 0
2459220.50 0 0 0 0 0 0 0 0 0 0 0 0 0 0 4.988334494362282 0
2459220.55 0 0 0 0 0 0 0 0 0 0 0 0 0 0 4.98906809212211 0
2459220.59 0 0 0 0 0 0 0 0 0 0 0 0 0 0 4.98980168988194 0
2459220.63 0 0 0 0 0 0 0 0 0 0 0 0 0 0 4.9905352876417695 0
2459220.67 0 0 0 0 0 0 0 0 0 0 0 0 0 0 4.9912688854016 0
2459220.71 0 0 0 0 0 0 0 0 0 0 0 0 0 0 4.9920024831614285 0
2459220.75 0 0 0 0 0 0 0 0 0 0 0 0 0 0 4.992736080921259 0
2459220.80 0 0 0 0 0 0 0 0 0 0 0 0 0 0 4.9934696786810875 0
2459220.84 0 0 0 0 0 0 0 0 0 0 0 0 0 0 4.994203276440917 0
2459220.88 0 0 0 0 0 0 0 0 0 0 0 0 0 0 4.9949368742007465 0
2459220.92 0 0 0 0 0 0 0 0 0 0 0 0 0 0 4.995670471960576 0
2459220.96 0 0 0 0 0 0 0 0 0 0 0 0 0 0 4.9964040697204055 0
2459221.00 0 0 0 0 0 0 0 0 0 0 0 0 0 0 4.997137667480236 0
2459221.05 0 0 0 0 0 0 0 0 0 0 0 0 0 0 4.9978712652400645 0
2459221.09 0 0 0 0 0 0 0 0 0 0 0 0 0 0 4.998604862999894 0
2459221.13 0 0 0 0 0 0 0 0 0 0 0 0 0 0 4.999338460759723 0
2459221.17 0 0 0 0 0 0 0 0 0 0 0 0 0 0 5.000072058519553 0
2459221.21 0 0 0 0 0 0 0 0 0 0 0 0 0 0 5.000805656279383 0
2459221.25 0 0 0 0 0 0 0 0 0 0 0 0 0 0 5.001539254039212 0
2459221.30 0 0 0 0 0 0 0 0 0 0 0 0 0 0 5.002272851799042 0
2459221.34 0 0 0 0 0 0 0 0 0 0 0 0 0 0 5.003006449558871 0
2459221.38 0 0 0 0 0 0 0 0 0 0 0 0 0 0 5.0037400473187 0
2459221.42 0 0 0 0 0 0 0 0 0 0 0 0 0 0 5.00447364507853 0
2459221.46 0 0 0 0 0 0 0 0 0 0 0 0 0 0 5.005207242838359 0
2459221.50 0 0 0 0 0 0 0 0 0 0 0 0 0 0 5.005940840598189 0
2459221.55 0 0 0 0 0 0 0 0 0 0 0 0 0 0 5.006674438358019 0
2459221.59 0 0 0 0 0 0 0 0 0 0 0 0 0 0 5.007408036117848 0
2459221.63 0 0 0 0 0 0 0 0 0 0 0 0 0 0 5.008141633877678 0
2459221.67 0 0 0 0 0 0 0 0 0 0 0 0 0 0 5.008875231637507 0
2459221.71 0 0 0 0 0 0 0 0 0 0 0 0 0 0 5.009608829397336 0
2459221.75 0 0 0 0 0 0 0 0 0 0 0 0 0 0 5.010342427157165 0
2459221.80 0 0 0 0 0 0 0 0 0 0 0 0 0 0 5.011076024916995 0
2459221.84 0 0 0 0 0 0 0 0 0 0 0 0 0 0 5.011809622676824 0
2459221.88 0 0 0 0 0 0 0 0 0 0 0 0 0 0 5.012543220436655 0
2459221.92 0 0 0 0 0 0 0 0 0 0 0 0 0 0 5.013276818196483 0
2459221.96 0 0 0 0 0 0 0 0 0 0 0 0 0 0 5.014010415956313 0
2459222.01 0 0 0 0 0 0 0 0 0 0 0 0 0 0 5.014744013716141 0
2459222.05 0 0 0 0 0 0 0 0 0 0 0 0 0 0 5.015477611475972 0
2459222.09 0 0 0 0 0 0 0 0 0 0 0 0 0 0 5.016211209235801 0
2459222.13 0 0 0 0 0 0 0 0 0 0 0 0 0 0 5.016944806995631 0
2459222.17 0 0 0 0 0 0 0 0 0 0 0 0 0 0 5.01767840475546 0
2459222.21 0 0 0 0 0 0 0 0 0 0 0 0 0 0 5.01841200251529 0
2459222.26 0 0 0 0 0 0 0 0 0 0 0 0 0 0 5.0191456002751185 0
2459222.30 0 0 0 0 0 0 0 0 0 0 0 0 0 0 5.019879198034949 0
2459222.34 0 0 0 0 0 0 0 0 0 0 0 0 0 0 5.0206127957947775 0
2459222.38 0 0 0 0 0 0 0 0 0 0 0 0 0 0 5.021346393554608 0
2459222.42 0 0 0 0 0 0 0 0 0 0 0 0 0 0 5.022079991314437 0
2459222.46 0 0 0 0 0 0 0 0 0 0 0 0 0 0 5.022813589074267 0
2459222.51 0 0 0 0 0 0 0 0 0 0 0 0 0 0 5.0235471868340955 0
2459222.55 0 0 0 0 0 0 0 0 0 0 0 0 0 0 5.024280784593926 0
2459222.59 0 0 0 0 0 0 0 0 0 0 0 0 0 0 5.0250143823537545 0
2459222.63 0 0 0 0 0 0 0 0 0 0 0 0 0 0 5.025747980113585 0
2459222.67 0 0 0 0 0 0 0 0 0 0 0 0 0 0 5.0264815778734135 0
2459222.71 0 0 0 0 0 0 0 0 0 0 0 0 0 0 5.027215175633244 0
2459222.76 0 0 0 0 0 0 0 0 0 0 0 0 0 0 5.027948773393073 0
2459222.80 0 0 0 0 0 0 0 0 0 0 0 0 0 0 5.028682371152903 0
2459222.84 0 0 0 0 0 0 0 0 0 0 0 0 0 0 5.029415968912732 0
2459222.88 0 0 0 0 0 0 0 0 0 0 0 0 0 0 5.030149566672562 0
2459222.92 0 0 0 0 0 0 0 0 0 0 0 0 0 0 5.030883164432391 0
2459222.96 0 0 0 0 0 0 0 0 0 0 0 0 0 0 5.03161676219222 0
2459223.01 0 0 0 0 0 0 0 0 0 0 0 0 0 0 5.03235035995205 0
2459223.05 0 0 0 0 0 0 0 0 0 0 0 0 0 0 5.033083957711878 0
2459223.09 0 0 0 0 0 0 0 0 0 0 0 0 0 0 5.033817555471709 0
2459223.13 0 0 0 0 0 0 0 0 0 0 0 0 0 0 5.034551153231537 0
2459223.17 0 0 0 0 0 0 0 0 0 0 0 0 0 0 5.035284750991368 0
2459223.21 0 0 0 0 0 0 0 0 0 0 0 0 0 0 5.036018348751197 0
2459223.26 0 0 0 0 0 0 0 0 0 0 0 0 0 0 5.036751946511027 0
2459223.30 0 0 0 0 0 0 0 0 0 0 0 0 0 0 5.037485544270855 0
2459223.34 0 0 0 0 0 0 0 0 0 0 0 0 0 0 5.038219142030686 0
2459223.38 0 0 0 0 0 0 0 0 0 0 0 0 0 0 5.038952739790514 0
2459223.42 0 0 0 0 0 0 0 0 0 0 0 0 0 0 5.039686337550345 0
2459223.46 0 0 0 0 0 0 0 0 0 0 0 0 0 0 5.040419935310173 0
2459223.51 0 0 0 0 0 0 0 0 0 0 0 0 0 0 5.041153533070003 0
2459223.55 0 0 0 0 0 0 0 0 0 0 0 0 0 0 5.041887130829832 0
2459223.59 0 0 0 0 0 0 0 0 0 0 0 0 0 0 5.042620728589663 0
2459223.63 0 0 0 0 0 0 0 0 0 0 0 0 0 0 5.043354326349491 0
2459223.67 0 0 0 0 0 0 0 0 0 0 0 0 0 0 5.044087924109322 0
2459223.71 0 0 0 0 0 0 0 0 0 0 0 0 0 0 5.04482152186915 0
2459223.76 0 0 0 0 0 0 0 0 0 0 0 0 0 0 5.04555511962898 0
2459223.80 0 0 0 0 0 0 0 0 0 0 0 0 0 0 5.046288717388809 0
2459223.84 0 0 0 0 0 0 0 0 0 0 0 0 0 0 5.047022315148639 0
2459223.88 0 0 0 0 0 0 0 0 0 0 0 0 0 0 5.047755912908468 0
2459223.92 0 0 0 0 0 0 0 0 0 0 0 0 0 0 5.048489510668299 0
2459223.97 0 0 0 0 0 0 0 0 0 0 0 0 0 0 5.049223108428127 0
2459224.01 0 0 0 0 0 0 0 0 0 0 0 0 0 0 5.049956706187957 0
2459224.05 0 0 0 0 0 0 0 0 0 0 0 0 0 0 5.050690303947786 0
2459224.09 0 0 0 0 0 0 0 0 0 0 0 0 0 0 5.051423901707616 0
2459224.13 0 0 0 0 0 0 0 0 0 0 0 0 0 0 5.052157499467445 0
2459224.17 0 0 0 0 0 0 0 0 0 0 0 0 0 0 5.052891097227274 0
2459224.22 0 0 0 0 0 0 0 0 0 0 0 0 0 0 5.053624694987104 0
2459224.26 0 0 0 0 0 0 0 0 0 0 0 0 0 0 5.054358292746933 0
2459224.30 0 0 0 0 0 0 0 0 0 0 0 0 0 0 5.055091890506763 0
2459224.34 0 0 0 0 0 0 0 0 0 0 0 0 0 0 5.055825488266592 0
2459224.38 0 0 0 0 0 0 0 0 0 0 0 0 0 0 5.056559086026422 0
2459224.42 0 0 0 0 0 0 0 0 0 0 0 0 0 0 5.057292683786251 0
2459224.47 0 0 0 0 0 0 0 0 0 0 0 0 0 0 5.0580262815460815 0
2459224.51 0 0 0 0 0 0 0 0 0 0 0 0 0 0 5.05875987930591 0
2459224.55 0 0 0 0 0 0 0 0 0 0 0 0 0 0 5.0594934770657405 0
2459224.59 0 0 0 0 0 0 0 0 0 0 0 0 0 0 5.060227074825569 0
2459224.63 0 0 0 0 0 0 0 0 0 0 0 0 0 0 5.060960672585399 0
2459224.67 0 0 0 0 0 0 0 0 0 0 0 0 0 0 5.061694270345228 0
2459224.72 0 0 0 0 0 0 0 0 0 0 0 0 0 0 5.062427868105058 0
2459224.76 0 0 0 0 0 0 0 0 0 0 0 0 0 0 5.063161465864887 0
2459224.80 0 0 0 0 0 0 0 0 0 0 0 0 0 0 5.0638950636247175 0
2459224.84 0 0 0 0 0 0 0 0 0 0 0 0 0 0 5.064628661384546 0
2459224.88 0 0 0 0 0 0 0 0 0 0 0 0 0 0 5.065362259144376 0
2459224.92 0 0 0 0 0 0 0 0 0 0 0 0 0 0 5.066095856904204 0
2459224.97 0 0 0 0 0 0 0 0 0 0 0 0 0 0 5.066829454664035 0
2459225.01 0 0 0 0 0 0 0 0 0 0 0 0 0 0 5.067563052423864 0
2459225.05 0 0 0 0 0 0 0 0 0 0 0 0 0 0 5.068296650183694 0
2459225.09 0 0 0 0 0 0 0 0 0 0 0 0 0 0 5.069030247943523 0
2459225.13 0 0 0 0 0 0 0 0 0 0 0 0 0 0 5.069763845703353 0
2459225.17 0 0 0 0 0 0 0 0 0 0 0 0 0 0 5.070497443463181 0
2459225.22 0 0 0 0 0 0 0 0 0 0 0 0 0 0 5.071231041223012 0
2459225.26 0 0 0 0 0 0 0 0 0 0 0 0 0 0 5.07196463898284 0
2459225.30 0 0 0 0 0 0 0 0 0 0 0 0 0 0 5.072698236742671 0
2459225.34 0 0 0 0 0 0 0 0 0 0 0 0 0 0 5.0734318345025 0
2459225.38 0 0 0 0 0 0 0 0 0 0 0 0 0 0 5.07416543226233 0
2459225.42 0 0 0 0 0 0 0 0 0 0 0 0 0 0 5.074899030022158 0
2459225.47 0 0 0 0 0 0 0 0 0 0 0 0 0 0 5.075632627781987 0
2459225.51 0 0 0 0 0 0 0 0 0 0 0 0 0 0 5.076366225541817 0
2459225.55 0 0 0 0 0 0 0 0 0 0 0 0 0 0 5.077099823301647 0
2459225.59 0 0 0 0 0 0 0 0 0 0 0 0 0 0 5.077833421061476 0
2459225.63 0 0 0 0 0 0 0 0 0 0 0 0 0 0 5.078567018821306 0
2459225.67 0 0 0 0 0 0 0 0 0 0 0 0 0 0 5.079300616581135 0
2459225.72 0 0 0 0 0 0 0 0 0 0 0 0 0 0 5.080034214340964 0
2459225.76 0 0 0 0 0 0 0 0 0 0 0 0 0 0 5.080767812100794 0
2459225.80 0 0 0 0 0 0 0 0 0 0 0 0 0 0 5.081501409860623 0
2459225.84 0 0 0 0 0 0 0 0 0 0 0 0 0 0 5.082235007620453 0
2459225.88 0 0 0 0 0 0 0 0 0 0 0 0 0 0 5.082968605380283 0
2459225.92 0 0 0 0 0 0 0 0 0 0 0 0 0 0 5.0837022031401125 0
2459225.97 0 0 0 0 0 0 0 0 0 0 0 0 0 0 5.084435800899941 0
2459226.01 0 0 0 0 0 0 0 0 0 0 0 0 0 0 5.0851693986597715 0
2459226.05 0 0 0 0 0 0 0 0 0 0 0 0 0 0 5.0859029964196 0
2459226.09 0 0 0 0 0 0 0 0 0 0 0 0 0 0 5.0866365941794305 0
2459226.13 0 0 0 0 0 0 0 0 0 0 0 0 0 0 5.087370191939259 0
2459226.18 0 0 0 0 0 0 0 0 0 0 0 0 0 0 5.0881037896990895 0
2459226.22 0 0 0 0 0 0 0 0 0 0 0 0 0 0 5.088837387458918 0
2459226.26 0 0 0 0 0 0 0 0 0 0 0 0 0 0 5.0895709852187485 0
2459226.30 0 0 0 0 0 0 0 0 0 0 0 0 0 0 5.090304582978577 0
2459226.34 0 0 0 0 0 0 0 0 0 0 0 0 0 0 5.0910381807384075 0
2459226.38 0 0 0 0 0 0 0 0 0 0 0 0 0 0 5.091771778498236 0
2459226.43 0 0 0 0 0 0 0 0 0 0 0 0 0 0 5.092505376258066 0
2459226.47 0 0 0 0 0 0 0 0 0 0 0 0 0 0 5.093238974017895 0
2459226.51 0 0 0 0 0 0 0 0 0 0 0 0 0 0 5.0939725717777256 0
2459226.55 0 0 0 0 0 0 0 0 0 0 0 0 0 0 5.094706169537554 0
2459226.59 0 0 0 0 0 0 0 0 0 0 0 0 0 0 5.095439767297385 0
2459226.63 0 0 0 0 0 0 0 0 0 0 0 0 0 0 5.096173365057213 0
2459226.68 0 0 0 0 0 0 0 0 0 0 0 0 0 0 5.096906962817043 0
2459226.72 0 0 0 0 0 0 0 0 0 0 0 0 0 0 5.097640560576872 0
2459226.76 0 0 0 0 0 0 0 0 0 0 0 0 0 0 5.098374158336702 0
2459226.80 0 0 0 0 0 0 0 0 0 0 0 0 0 0 5.099107756096531 0
2459226.84 0 0 0 0 0 0 0 0 0 0 0 0 0 0 5.09984135385636 0
2459226.88 0 0 0 0 0 0 0 0 0 0 0 0 0 0 5.10057495161619 0
2459226.93 0 0 0 0 0 0 0 0 0 0 0 0 0 0 5.101308549376019 0
2459226.97 0 0 0 0 0 0 0 0 0 0 0 0 0 0 5.102042147135849 0
2459227.01 0 0 0 0 0 0 0 0 0 0 0 0 0 0 5.102775744895679 0
2459227.05 0 0 0 0 0 0 0 0 0 0 0 0 0 0 5.103509342655508 0
2459227.09 0 0 0 0 0 0 0 0 0 0 0 0 0 0 5.104242940415337 0
2459227.13 0 0 0 0 0 0 0 0 0 0 0 0 0 0 5.104976538175167 0
2459227.18 0 0 0 0 0 0 0 0 0 0 0 0 0 0 5.105710135934996 0
2459227.22 0 0 0 0 0 0 0 0 0 0 0 0 0 0 5.106443733694826 0
2459227.26 0 0 0 0 0 0 0 0 0 0 0 0 0 0 5.107177331454655 0
2459227.30 0 0 0 0 0 0 0 0 0 0 0 0 0 0 5.107910929214484 0
2459227.34 0 0 0 0 0 0 0 0 0 0 0 0 0 0 5.108644526974314 0
2459227.38 0 0 0 0 0 0 0 0 0 0 0 0 0 0 5.109378124734144 0
2459227.43 0 0 0 0 0 0 0 0 0 0 0 0 0 0 5.110111722493973 0
2459227.47 0 0 0 0 0 0 0 0 0 0 0 0 0 0 5.110845320253803 0
2459227.51 0 0 0 0 0 0 0 0 0 0 0 0 0 0 5.111578918013632 0
2459227.55 0 0 0 0 0 0 0 0 0 0 0 0 0 0 5.1123125157734615 0
2459227.59 0 0 0 0 0 0 0 0 0 0 0 0 0 0 5.113046113533291 0
2459227.63 0 0 0 0 0 0 0 0 0 0 0 0 0 0 5.1137797112931205 0
2459227.68 0 0 0 0 0 0 0 0 0 0 0 0 0 0 5.11451330905295 0
2459227.72 0 0 0 0 0 0 0 0 0 0 0 0 0 0 5.11524690681278 0
2459227.76 0 0 0 0 0 0 0 0 0 0 0 0 0 0 5.115980504572609 0
2459227.80 0 0 0 0 0 0 0 0 0 0 0 0 0 0 5.1167141023324385 0
2459227.84 0 0 0 0 0 0 0 0 0 0 0 0 0 0 5.117447700092267 0
2459227.88 0 0 0 0 0 0 0 0 0 0 0 0 0 0 5.1181812978520975 0
2459227.93 0 0 0 0 0 0 0 0 0 0 0 0 0 0 5.118914895611927 0
2459227.97 0 0 0 0 0 0 0 0 0 0 0 0 0 0 5.119648493371756 0
2459228.01 0 0 0 0 0 0 0 0 0 0 0 0 0 0 5.120382091131586 0
2459228.05 0 0 0 0 0 0 0 0 0 0 0 0 0 0 5.121115688891415 0
2459228.09 0 0 0 0 0 0 0 0 0 0 0 0 0 0 5.121849286651244 0
2459228.14 0 0 0 0 0 0 0 0 0 0 0 0 0 0 5.122582884411074 0
2459228.18 0 0 0 0 0 0 0 0 0 0 0 0 0 0 5.123316482170903 0
2459228.22 0 0 0 0 0 0 0 0 0 0 0 0 0 0 5.124050079930733 0
2459228.26 0 0 0 0 0 0 0 0 0 0 0 0 0 0 5.124783677690563 0
2459228.30 0 0 0 0 0 0 0 0 0 0 0 0 0 0 5.125517275450392 0
2459228.34 0 0 0 0 0 0 0 0 0 0 0 0 0 0 5.126250873210221 0
2459228.39 0 0 0 0 0 0 0 0 0 0 0 0 0 0 5.12698447097005 0
2459228.43 0 0 0 0 0 0 0 0 0 0 0 0 0 0 5.12771806872988 0
2459228.47 0 0 0 0 0 0 0 0 0 0 0 0 0 0 5.12845166648971 0
2459228.51 0 0 0 0 0 0 0 0 0 0 0 0 0 0 5.129185264249539 0
2459228.55 0 0 0 0 0 0 0 0 0 0 0 0 0 0 5.129918862009369 0
2459228.59 0 0 0 0 0 0 0 0 0 0 0 0 0 0 5.130652459769198 0
2459228.64 0 0 0 0 0 0 0 0 0 0 0 0 0 0 5.131386057529027 0
2459228.68 0 0 0 0 0 0 0 0 0 0 0 0 0 0 5.132119655288857 0
2459228.72 0 0 0 0 0 0 0 0 0 0 0 0 0 0 5.132853253048686 0
2459228.76 0 0 0 0 0 0 0 0 0 0 0 0 0 0 5.133586850808516 0
2459228.80 0 0 0 0 0 0 0 0 0 0 0 0 0 0 5.134320448568346 0
2459228.84 0 0 0 0 0 0 0 0 0 0 0 0 0 0 5.135054046328175 0
2459228.89 0 0 0 0 0 0 0 0 0 0 0 0 0 0 5.135787644088004 0
2459228.93 0 0 0 0 0 0 0 0 0 0 0 0 0 0 5.136521241847834 0
2459228.97 0 0 0 0 0 0 0 0 0 0 0 0 0 0 5.137254839607663 0
2459229.01 0 0 0 0 0 0 0 0 0 0 0 0 0 0 5.137988437367493 0
2459229.05 0 0 0 0 0 0 0 0 0 0 0 0 0 0 5.138722035127322 0
2459229.09 0 0 0 0 0 0 0 0 0 0 0 0 0 0 5.139455632887152 0
2459229.14 0 0 0 0 0 0 0 0 0 0 0 0 0 0 5.140189230646982 0
2459229.18 0 0 0 0 0 0 0 0 0 0 0 0 0 0 5.1409228284068105 0
2459229.22 0 0 0 0 0 0 0 0 0 0 0 0 0 0 5.14165642616664 0
2459229.26 0 0 0 0 0 0 0 0 0 0 0 0 0 0 5.142390023926469 0
2459229.30 0 0 0 0 0 0 0 0 0 0 0 0 0 0 5.143123621686299 0
2459229.34 0 0 0 0 0 0 0 0 0 0 0 0 0 0 5.1438572194461285 0
2459229.39 0 0 0 0 0 0 0 0 0 0 0 0 0 0 5.144590817205958 0
2459229.43 0 0 0 0 0 0 0 0 0 0 0 0 0 0 5.1453244149657875 0
2459229.47 0 0 0 0 0 0 0 0 0 0 0 0 0 0 5.146058012725617 0
2459229.51 0 0 0 0 0 0 0 0 0 0 0 0 0 0 5.146791610485446 0
2459229.55 0 0 0 0 0 0 0 0 0 0 0 0 0 0 5.147525208245276 0
2459229.59 0 0 0 0 0 0 0 0 0 0 0 0 0 0 5.148258806005105 0
2459229.64 0 0 0 0 0 0 0 0 0 0 0 0 0 0 5.148992403764935 0
2459229.68 0 0 0 0 0 0 0 0 0 0 0 0 0 0 5.149726001524765 0
2459229.72 0 0 0 0 0 0 0 0 0 0 0 0 0 0 5.150459599284594 0
2459229.76 0 0 0 0 0 0 0 0 0 0 0 0 0 0 5.151193197044423 0
2459229.80 0 0 0 0 0 0 0 0 0 0 0 0 0 0 5.151926794804253 0
2459229.84 0 0 0 0 0 0 0 0 0 0 0 0 0 0 5.152660392564082 0
2459229.89 0 0 0 0 0 0 0 0 0 0 0 0 0 0 5.153393990323912 0
2459229.93 0 0 0 0 0 0 0 0 0 0 0 0 0 0 5.154127588083741 0
2459229.97 0 0 0 0 0 0 0 0 0 0 0 0 0 0 5.154861185843571 0
2459230.01 0 0 0 0 0 0 0 0 0 0 0 0 0 0 5.1555947836034 0
2459230.05 0 0 0 0 0 0 0 0 0 0 0 0 0 0 5.15632838136323 0
2459230.09 0 0 0 0 0 0 0 0 0 0 0 0 0 0 5.157061979123059 0
2459230.14 0 0 0 0 0 0 0 0 0 0 0 0 0 0 5.157795576882889 0
2459230.18 0 0 0 0 0 0 0 0 0 0 0 0 0 0 5.158529174642718 0
2459230.22 0 0 0 0 0 0 0 0 0 0 0 0 0 0 5.159262772402547 0
2459230.26 0 0 0 0 0 0 0 0 0 0 0 0 0 0 5.159996370162377 0
2459230.30 0 0 0 0 0 0 0 0 0 0 0 0 0 0 5.160729967922207 0
2459230.35 0 0 0 0 0 0 0 0 0 0 0 0 0 0 5.161463565682036 0
2459230.39 0 0 0 0 0 0 0 0 0 0 0 0 0 0 5.162197163441866 0
2459230.43 0 0 0 0 0 0 0 0 0 0 0 0 0 0 5.162930761201695 0
2459230.47 0 0 0 0 0 0 0 0 0 0 0 0 0 0 5.163664358961524 0
2459230.51 0 0 0 0 0 0 0 0 0 0 0 0 0 0 5.164397956721354 0
2459230.55 0 0 0 0 0 0 0 0 0 0 0 0 0 0 5.165131554481182 0
2459230.60 0 0 0 0 0 0 0 0 0 0 0 0 0 0 5.165865152241013 0
2459230.64 0 0 0 0 0 0 0 0 0 0 0 0 0 0 5.1665987500008415 0
2459230.68 0 0 0 0 0 0 0 0 0 0 0 0 0 0 5.167332347760672 0
2459230.72 0 0 0 0 0 0 0 0 0 0 0 0 0 0 5.1680659455205005 0
2459230.76 0 0 0 0 0 0 0 0 0 0 0 0 0 0 5.16879954328033 0
2459230.80 0 0 0 0 0 0 0 0 0 0 0 0 0 0 5.1695331410401595 0
2459230.85 0 0 0 0 0 0 0 0 0 0 0 0 0 0 5.17026673879999 0
2459230.89 0 0 0 0 0 0 0 0 0 0 0 0 0 0 5.1710003365598185 0
2459230.93 0 0 0 0 0 0 0 0 0 0 0 0 0 0 5.171733934319649 0
2459230.97 0 0 0 0 0 0 0 0 0 0 0 0 0 0 5.1724675320794775 0
2459231.01 0 0 0 0 0 0 0 0 0 0 0 0 0 0 5.173201129839307 0
2459231.05 0 0 0 0 0 0 0 0 0 0 0 0 0 0 5.1739347275991365 0
2459231.10 0 0 0 0 0 0 0 0 0 0 0 0 0 0 5.174668325358966 0
2459231.14 0 0 0 0 0 0 0 0 0 0 0 0 0 0 5.1754019231187955 0
2459231.18 0 0 0 0 0 0 0 0 0 0 0 0 0 0 5.176135520878626 0
2459231.22 0 0 0 0 0 0 0 0 0 0 0 0 0 0 5.176869118638455 0
2459231.26 0 0 0 0 0 0 0 0 0 0 0 0 0 0 5.177602716398284 0
2459231.30 0 0 0 0 0 0 0 0 0 0 0 0 0 0 5.178336314158113 0
2459231.35 0 0 0 0 0 0 0 0 0 0 0 0 0 0 5.179069911917943 0
2459231.39 0 0 0 0 0 0 0 0 0 0 0 0 0 0 5.179803509677773 0
2459231.43 0 0 0 0 0 0 0 0 0 0 0 0 0 0 5.180537107437602 0
2459231.47 0 0 0 0 0 0 0 0 0 0 0 0 0 0 5.181270705197432 0
2459231.51 0 0 0 0 0 0 0 0 0 0 0 0 0 0 5.182004302957261 0
2459231.55 0 0 0 0 0 0 0 0 0 0 0 0 0 0 5.182737900717091 0
2459231.60 0 0 0 0 0 0 0 0 0 0 0 0 0 0 5.18347149847692 0
2459231.64 0 0 0 0 0 0 0 0 0 0 0 0 0 0 5.184205096236749 0
2459231.68 0 0 0 0 0 0 0 0 0 0 0 0 0 0 5.184938693996579 0
2459231.72 0 0 0 0 0 0 0 0 0 0 0 0 0 0 5.185672291756409 0
2459231.76 0 0 0 0 0 0 0 0 0 0 0 0 0 0 5.186405889516237 0
2459231.80 0 0 0 0 0 0 0 0 0 0 0 0 0 0 5.187139487276068 0
2459231.85 0 0 0 0 0 0 0 0 0 0 0 0 0 0 5.187873085035896 0
2459231.89 0 0 0 0 0 0 0 0 0 0 0 0 0 0 5.188606682795726 0
2459231.93 0 0 0 0 0 0 0 0 0 0 0 0 0 0 5.189340280555555 0
2459231.97 0 0 0 0 0 0 0 0 0 0 0 0 0 0 5.190073878315385 0
2459232.01 0 0 0 0 0 0 0 0 0 0 0 0 0 0 5.190807476075214 0
2459232.05 0 0 0 0 0 0 0 0 0 0 0 0 0 0 5.191541073835045 0
2459232.10 0 0 0 0 0 0 0 0 0 0 0 0 0 0 5.192274671594873 0
2459232.14 0 0 0 0 0 0 0 0 0 0 0 0 0 0 5.193008269354703 0
2459232.18 0 0 0 0 0 0 0 0 0 0 0 0 0 0 5.1937418671145315 0
2459232.22 0 0 0 0 0 0 0 0 0 0 0 0 0 0 5.194475464874362 0
2459232.26 0 0 0 0 0 0 0 0 0 0 0 0 0 0 5.195209062634191 0
2459232.31 0 0 0 0 0 0 0 0 0 0 0 0 0 0 5.195942660394021 0
2459232.35 0 0 0 0 0 0 0 0 0 0 0 0 0 0 5.19667625815385 0
2459232.39 0 0 0 0 0 0 0 0 0 0 0 0 0 0 5.19740985591368 0
2459232.43 0 0 0 0 0 0 0 0 0 0 0 0 0 0 5.1981434536735085 0
2459232.47 0 0 0 0 0 0 0 0 0 0 0 0 0 0 5.198877051433339 0
2459232.51 0 0 0 0 0 0 0 0 0 0 0 0 0 0 5.1996106491931675 0
2459232.56 0 0 0 0 0 0 0 0 0 0 0 0 0 0 5.200344246952998 0
2459232.60 0 0 0 0 0 0 0 0 0 0 0 0 0 0 5.201077844712827 0
2459232.64 0 0 0 0 0 0 0 0 0 0 0 0 0 0 5.201811442472657 0
2459232.68 0 0 0 0 0 0 0 0 0 0 0 0 0 0 5.2025450402324855 0
2459232.72 0 0 0 0 0 0 0 0 0 0 0 0 0 0 5.203278637992316 0
2459232.76 0 0 0 0 0 0 0 0 0 0 0 0 0 0 5.2040122357521446 0
2459232.81 0 0 0 0 0 0 0 0 0 0 0 0 0 0 5.204745833511975 0
2459232.85 0 0 0 0 0 0 0 0 0 0 0 0 0 0 5.205479431271804 0
2459232.89 0 0 0 0 0 0 0 0 0 0 0 0 0 0 5.206213029031634 0
2459232.93 0 0 0 0 0 0 0 0 0 0 0 0 0 0 5.206946626791463 0
2459232.97 0 0 0 0 0 0 0 0 0 0 0 0 0 0 5.207680224551291 0
2459233.01 0 0 0 0 0 0 0 0 0 0 0 0 0 0 5.208413822311122 0
2459233.06 0 0 0 0 0 0 0 0 0 0 0 0 0 0 5.20914742007095 0
2459233.10 0 0 0 0 0 0 0 0 0 0 0 0 0 0 5.209881017830781 0
2459233.14 0 0 0 0 0 0 0 0 0 0 0 0 0 0 5.21061461559061 0
2459233.18 0 0 0 0 0 0 0 0 0 0 0 0 0 0 5.21134821335044 0
2459233.22 0 0 0 0 0 0 0 0 0 0 0 0 0 0 5.212081811110268 0
2459233.26 0 0 0 0 0 0 0 0 0 0 0 0 0 0 5.212815408870099 0
2459233.31 0 0 0 0 0 0 0 0 0 0 0 0 0 0 5.213549006629927 0
2459233.35 0 0 0 0 0 0 0 0 0 0 0 0 0 0 5.214282604389758 0
2459233.39 0 0 0 0 0 0 0 0 0 0 0 0 0 0 5.215016202149586 0
2459233.43 0 0 0 0 0 0 0 0 0 0 0 0 0 0 5.215749799909417 0
2459233.47 0 0 0 0 0 0 0 0 0 0 0 0 0 0 5.216483397669245 0
2459233.51 0 0 0 0 0 0 0 0 0 0 0 0 0 0 5.217216995429076 0
2459233.56 0 0 0 0 0 0 0 0 0 0 0 0 0 0 5.217950593188904 0
2459233.60 0 0 0 0 0 0 0 0 0 0 0 0 0 0 5.218684190948735 0
2459233.64 0 0 0 0 0 0 0 0 0 0 0 0 0 0 5.219417788708563 0
2459233.68 0 0 0 0 0 0 0 0 0 0 0 0 0 0 5.220151386468393 0
2459233.72 0 0 0 0 0 0 0 0 0 0 0 0 0 0 5.220884984228222 0
2459233.76 0 0 0 0 0 0 0 0 0 0 0 0 0 0 5.221618581988053 0
2459233.81 0 0 0 0 0 0 0 0 0 0 0 0 0 0 5.222352179747881 0
2459233.85 0 0 0 0 0 0 0 0 0 0 0 0 0 0 5.223085777507712 0
2459233.89 0 0 0 0 0 0 0 0 0 0 0 0 0 0 5.22381937526754 0
2459233.93 0 0 0 0 0 0 0 0 0 0 0 0 0 0 5.22455297302737 0
2459233.97 0 0 0 0 0 0 0 0 0 0 0 0 0 0 5.225286570787199 0
2459234.01 0 0 0 0 0 0 0 0 0 0 0 0 0 0 5.226020168547029 0
2459234.06 0 0 0 0 0 0 0 0 0 0 0 0 0 0 5.226753766306858 0
2459234.10 0 0 0 0 0 0 0 0 0 0 0 0 0 0 5.227487364066689 0
2459234.14 0 0 0 0 0 0 0 0 0 0 0 0 0 0 5.228220961826517 0
2459234.18 0 0 0 0 0 0 0 0 0 0 0 0 0 0 5.228954559586346 0
2459234.22 0 0 0 0 0 0 0 0 0 0 0 0 0 0 5.229688157346176 0
2459234.26 0 0 0 0 0 0 0 0 0 0 0 0 0 0 5.230421755106006 0
2459234.31 0 0 0 0 0 0 0 0 0 0 0 0 0 0 5.231155352865835 0
2459234.35 0 0 0 0 0 0 0 0 0 0 0 0 0 0 5.231888950625664 0
2459234.39 0 0 0 0 0 0 0 0 0 0 0 0 0 0 5.2326225483854945 0
2459234.43 0 0 0 0 0 0 0 0 0 0 0 0 0 0 5.233356146145323 0
2459234.47 0 0 0 0 0 0 0 0 0 0 0 0 0 0 5.2340897439051535 0
2459234.52 0 0 0 0 0 0 0 0 0 0 0 0 0 0 5.234823341664982 0
2459234.56 0 0 0 0 0 0 0 0 0 0 0 0 0 0 5.235556939424812 0
2459234.60 0 0 0 0 0 0 0 0 0 0 0 0 0 0 5.236290537184641 0
2459234.64 0 0 0 0 0 0 0 0 0 0 0 0 0 0 5.2370241349444715 0
2459234.68 0 0 0 0 0 0 0 0 0 0 0 0 0 0 5.2377577327043 0
2459234.72 0 0 0 0 0 0 0 0 0 0 0 0 0 0 5.2384913304641305 0
2459234.77 0 0 0 0 0 0 0 0 0 0 0 0 0 0 5.239224928223959 0
2459234.81 0 0 0 0 0 0 0 0 0 0 0 0 0 0 5.239958525983789 0
2459234.85 0 0 0 0 0 0 0 0 0 0 0 0 0 0 5.240692123743618 0
2459234.89 0 0 0 0 0 0 0 0 0 0 0 0 0 0 5.241425721503448 0
2459234.93 0 0 0 0 0 0 0 0 0 0 0 0 0 0 5.242159319263277 0
2459234.97 0 0 0 0 0 0 0 0 0 0 0 0 0 0 5.242892917023108 0
2459235.02 0 0 0 0 0 0 0 0 0 0 0 0 0 0 5.243626514782936 0
2459235.06 0 0 0 0 0 0 0 0 0 0 0 0 0 0 5.244360112542766 0
2459235.10 0 0 0 0 0 0 0 0 0 0 0 0 0 0 5.245093710302594 0
2459235.14 0 0 0 0 0 0 0 0 0 0 0 0 0 0 5.245827308062425 0
2459235.18 0 0 0 0 0 0 0 0 0 0 0 0 0 0 5.246560905822254 0
2459235.22 0 0 0 0 0 0 0 0 0 0 0 0 0 0 5.247294503582084 0
2459235.27 0 0 0 0 0 0 0 0 0 0 0 0 0 0 5.248028101341913 0
2459235.31 0 0 0 0 0 0 0 0 0 0 0 0 0 0 5.248761699101743 0
2459235.35 0 0 0 0 0 0 0 0 0 0 0 0 0 0 5.249495296861571 0
2459235.39 0 0 0 0 0 0 0 0 0 0 0 0 0 0 5.250228894621401 0
2459235.43 0 0 0 0 0 0 0 0 0 0 0 0 0 0 5.25096249238123 0
2459235.47 0 0 0 0 0 0 0 0 0 0 0 0 0 0 5.25169609014106 0
2459235.52 0 0 0 0 0 0 0 0 0 0 0 0 0 0 5.25242968790089 0
2459235.56 0 0 0 0 0 0 0 0 0 0 0 0 0 0 5.253163285660719 0
2459235.60 0 0 0 0 0 0 0 0 0 0 0 0 0 0 5.253896883420548 0
2459235.64 0 0 0 0 0 0 0 0 0 0 0 0 0 0 5.254630481180377 0
2459235.68 0 0 0 0 0 0 0 0 0 0 0 0 0 0 5.255364078940207 0
2459235.72 0 0 0 0 0 0 0 0 0 0 0 0 0 0 5.256097676700037 0
2459235.77 0 0 0 0 0 0 0 0 0 0 0 0 0 0 5.256831274459866 0
2459235.81 0 0 0 0 0 0 0 0 0 0 0 0 0 0 5.257564872219696 0
2459235.85 0 0 0 0 0 0 0 0 0 0 0 0 0 0 5.258298469979525 0
2459235.89 0 0 0 0 0 0 0 0 0 0 0 0 0 0 5.259032067739354 0
2459235.93 0 0 0 0 0 0 0 0 0 0 0 0 0 0 5.2597656654991845 0
2459235.97 0 0 0 0 0 0 0 0 0 0 0 0 0 0 5.260499263259013 0
2459236.02 0 0 0 0 0 0 0 0 0 0 0 0 0 0 5.2612328610188435 0
2459236.06 0 0 0 0 0 0 0 0 0 0 0 0 0 0 5.261966458778673 0
2459236.10 0 0 0 0 0 0 0 0 0 0 0 0 0 0 5.2627000565385025 0
2459236.14 0 0 0 0 0 0 0 0 0 0 0 0 0 0 5.263433654298331 0
2459236.18 0 0 0 0 0 0 0 0 0 0 0 0 0 0 5.2641672520581615 0
2459236.22 0 0 0 0 0 0 0 0 0 0 0 0 0 0 5.26490084981799 0
2459236.27 0 0 0 0 0 0 0 0 0 0 0 0 0 0 5.2656344475778205 0
2459236.31 0 0 0 0 0 0 0 0 0 0 0 0 0 0 5.266368045337649 0
2459236.35 0 0 0 0 0 0 0 0 0 0 0 0 0 0 5.2671016430974795 0
2459236.39 0 0 0 0 0 0 0 0 0 0 0 0 0 0 5.267835240857309 0
2459236.43 0 0 0 0 0 0 0 0 0 0 0 0 0 0 5.2685688386171385 0
2459236.48 0 0 0 0 0 0 0 0 0 0 0 0 0 0 5.269302436376967 0
2459236.52 0 0 0 0 0 0 0 0 0 0 0 0 0 0 5.2700360341367976 0
2459236.56 0 0 0 0 0 0 0 0 0 0 0 0 0 0 5.270769631896626 0
2459236.60 0 0 0 0 0 0 0 0 0 0 0 0 0 0 5.271503229656456 0
2459236.64 0 0 0 0 0 0 0 0 0 0 0 0 0 0 5.272236827416285 0
2459236.68 0 0 0 0 0 0 0 0 0 0 0 0 0 0 5.272970425176116 0
2459236.73 0 0 0 0 0 0 0 0 0 0 0 0 0 0 5.273704022935944 0
2459236.77 0 0 0 0 0 0 0 0 0 0 0 0 0 0 5.274437620695773 0
2459236.81 0 0 0 0 0 0 0 0 0 0 0 0 0 0 5.275171218455603 0
2459236.85 0 0 0 0 0 0 0 0 0 0 0 0 0 0 5.275904816215432 0
2459236.89 0 0 0 0 0 0 0 0 0 0 0 0 0 0 5.276638413975262 0
2459236.93 0 0 0 0 0 0 0 0 0 0 0 0 0 0 5.277372011735092 0
2459236.98 0 0 0 0 0 0 0 0 0 0 0 0 0 0 5.278105609494921 0
2459237.02 0 0 0 0 0 0 0 0 0 0 0 0 0 0 5.27883920725475 0
2459237.06 0 0 0 0 0 0 0 0 0 0 0 0 0 0 5.27957280501458 0
2459237.10 0 0 0 0 0 0 0 0 0 0 0 0 0 0 5.280306402774409 0
2459237.14 0 0 0 0 0 0 0 0 0 0 0 0 0 0 5.281040000534239 0
2459237.18 0 0 0 0 0 0 0 0 0 0 0 0 0 0 5.281773598294068 0
2459237.23 0 0 0 0 0 0 0 0 0 0 0 0 0 0 5.282507196053898 0
2459237.27 0 0 0 0 0 0 0 0 0 0 0 0 0 0 5.283240793813727 0
2459237.31 0 0 0 0 0 0 0 0 0 0 0 0 0 0 5.283974391573557 0
2459237.35 0 0 0 0 0 0 0 0 0 0 0 0 0 0 5.284707989333386 0
2459237.39 0 0 0 0 0 0 0 0 0 0 0 0 0 0 5.285441587093216 0
2459237.43 0 0 0 0 0 0 0 0 0 0 0 0 0 0 5.286175184853045 0
2459237.48 0 0 0 0 0 0 0 0 0 0 0 0 0 0 5.2869087826128744 0
2459237.52 0 0 0 0 0 0 0 0 0 0 0 0 0 0 5.287642380372704 0
2459237.56 0 0 0 0 0 0 0 0 0 0 0 0 0 0 5.288375978132534 0
2459237.60 0 0 0 0 0 0 0 0 0 0 0 0 0 0 5.289109575892363 0
2459237.64 0 0 0 0 0 0 0 0 0 0 0 0 0 0 5.289843173652193 0
2459237.68 0 0 0 0 0 0 0 0 0 0 0 0 0 0 5.290576771412022 0
2459237.73 0 0 0 0 0 0 0 0 0 0 0 0 0 0 5.2913103691718515 0
2459237.77 0 0 0 0 0 0 0 0 0 0 0 0 0 0 5.292043966931681 0
2459237.81 0 0 0 0 0 0 0 0 0 0 0 0 0 0 5.29277756469151 0
2459237.85 0 0 0 0 0 0 0 0 0 0 0 0 0 0 5.29351116245134 0
2459237.89 0 0 0 0 0 0 0 0 0 0 0 0 0 0 5.29424476021117 0
2459237.93 0 0 0 0 0 0 0 0 0 0 0 0 0 0 5.294978357970999 0
2459237.98 0 0 0 0 0 0 0 0 0 0 0 0 0 0 5.295711955730828 0
2459238.02 0 0 0 0 0 0 0 0 0 0 0 0 0 0 5.296445553490657 0
2459238.06 0 0 0 0 0 0 0 0 0 0 0 0 0 0 5.297179151250487 0
2459238.10 0 0 0 0 0 0 0 0 0 0 0 0 0 0 5.297912749010317 0
2459238.14 0 0 0 0 0 0 0 0 0 0 0 0 0 0 5.298646346770146 0
2459238.18 0 0 0 0 0 0 0 0 0 0 0 0 0 0 5.299379944529976 0
2459238.23 0 0 0 0 0 0 0 0 0 0 0 0 0 0 5.300113542289805 0
2459238.27 0 0 0 0 0 0 0 0 0 0 0 0 0 0 5.300847140049634 0
2459238.31 0 0 0 0 0 0 0 0 0 0 0 0 0 0 5.301580737809464 0
2459238.35 0 0 0 0 0 0 0 0 0 0 0 0 0 0 5.302314335569293 0
2459238.39 0 0 0 0 0 0 0 0 0 0 0 0 0 0 5.303047933329123 0
2459238.43 0 0 0 0 0 0 0 0 0 0 0 0 0 0 5.303781531088953 0
2459238.48 0 0 0 0 0 0 0 0 0 0 0 0 0 0 5.304515128848782 0
2459238.52 0 0 0 0 0 0 0 0 0 0 0 0 0 0 5.305248726608611 0
2459238.56 0 0 0 0 0 0 0 0 0 0 0 0 0 0 5.30598232436844 0
2459238.60 0 0 0 0 0 0 0 0 0 0 0 0 0 0 5.30671592212827 0
2459238.64 0 0 0 0 0 0 0 0 0 0 0 0 0 0 5.3074495198881 0
2459238.69 0 0 0 0 0 0 0 0 0 0 0 0 0 0 5.308183117647929 0
2459238.73 0 0 0 0 0 0 0 0 0 0 0 0 0 0 5.308916715407759 0
2459238.77 0 0 0 0 0 0 0 0 0 0 0 0 0 0 5.309650313167588 0
2459238.81 0 0 0 0 0 0 0 0 0 0 0 0 0 0 5.310383910927418 0
2459238.85 0 0 0 0 0 0 0 0 0 0 0 0 0 0 5.311117508687247 0
2459238.89 0 0 0 0 0 0 0 0 0 0 0 0 0 0 5.311851106447076 0
2459238.94 0 0 0 0 0 0 0 0 0 0 0 0 0 0 5.312584704206906 0
2459238.98 0 0 0 0 0 0 0 0 0 0 0 0 0 0 5.313318301966736 0
2459239.02 0 0 0 0 0 0 0 0 0 0 0 0 0 0 5.314051899726564 0
2459239.06 0 0 0 0 0 0 0 0 0 0 0 0 0 0 5.314785497486395 0
2459239.10 0 0 0 0 0 0 0 0 0 0 0 0 0 0 5.315519095246224 0
2459239.14 0 0 0 0 0 0 0 0 0 0 0 0 0 0 5.316252693006053 0
2459239.19 0 0 0 0 0 0 0 0 0 0 0 0 0 0 5.3169862907658825 0
2459239.23 0 0 0 0 0 0 0 0 0 0 0 0 0 0 5.317719888525712 0
2459239.27 0 0 0 0 0 0 0 0 0 0 0 0 0 0 5.3184534862855415 0
2459239.31 0 0 0 0 0 0 0 0 0 0 0 0 0 0 5.319187084045372 0
2459239.35 0 0 0 0 0 0 0 0 0 0 0 0 0 0 5.3199206818052005 0
2459239.39 0 0 0 0 0 0 0 0 0 0 0 0 0 0 5.32065427956503 0
2459239.44 0 0 0 0 0 0 0 0 0 0 0 0 0 0 5.321387877324859 0
2459239.48 0 0 0 0 0 0 0 0 0 0 0 0 0 0 5.322121475084689 0
2459239.52 0 0 0 0 0 0 0 0 0 0 0 0 0 0 5.3228550728445185 0
2459239.56 0 0 0 0 0 0 0 0 0 0 0 0 0 0 5.323588670604348 0
2459239.60 0 0 0 0 0 0 0 0 0 0 0 0 0 0 5.3243222683641775 0
2459239.64 0 0 0 0 0 0 0 0 0 0 0 0 0 0 5.325055866124007 0
2459239.69 0 0 0 0 0 0 0 0 0 0 0 0 0 0 5.325789463883836 0
2459239.73 0 0 0 0 0 0 0 0 0 0 0 0 0 0 5.326523061643666 0
2459239.77 0 0 0 0 0 0 0 0 0 0 0 0 0 0 5.327256659403495 0
2459239.81 0 0 0 0 0 0 0 0 0 0 0 0 0 0 5.327990257163325 0
2459239.85 0 0 0 0 0 0 0 0 0 0 0 0 0 0 5.328723854923155 0
2459239.89 0 0 0 0 0 0 0 0 0 0 0 0 0 0 5.329457452682984 0
2459239.94 0 0 0 0 0 0 0 0 0 0 0 0 0 0 5.330191050442813 0
2459239.98 0 0 0 0 0 0 0 0 0 0 0 0 0 0 5.330924648202643 0
2459240.02 0 0 0 0 0 0 0 0 0 0 0 0 0 0 5.331658245962472 0
2459240.06 0 0 0 0 0 0 0 0 0 0 0 0 0 0 5.332391843722302 0
2459240.10 0 0 0 0 0 0 0 0 0 0 0 0 0 0 5.333125441482131 0
2459240.14 0 0 0 0 0 0 0 0 0 0 0 0 0 0 5.333859039241961 0
2459240.19 0 0 0 0 0 0 0 0 0 0 0 0 0 0 5.33459263700179 0
2459240.23 0 0 0 0 0 0 0 0 0 0 0 0 0 0 5.33532623476162 0
2459240.27 0 0 0 0 0 0 0 0 0 0 0 0 0 0 5.336059832521449 0
2459240.31 0 0 0 0 0 0 0 0 0 0 0 0 0 0 5.336793430281279 0
2459240.35 0 0 0 0 0 0 0 0 0 0 0 0 0 0 5.337527028041108 0
2459240.39 0 0 0 0 0 0 0 0 0 0 0 0 0 0 5.338260625800937 0
2459240.44 0 0 0 0 0 0 0 0 0 0 0 0 0 0 5.338994223560767 0
2459240.48 0 0 0 0 0 0 0 0 0 0 0 0 0 0 5.339727821320595 0
2459240.52 0 0 0 0 0 0 0 0 0 0 0 0 0 0 5.340461419080426 0
2459240.56 0 0 0 0 0 0 0 0 0 0 0 0 0 0 5.341195016840254 0
2459240.60 0 0 0 0 0 0 0 0 0 0 0 0 0 0 5.341928614600085 0
2459240.65 0 0 0 0 0 0 0 0 0 0 0 0 0 0 5.3426622123599135 0
2459240.69 0 0 0 0 0 0 0 0 0 0 0 0 0 0 5.343395810119744 0
2459240.73 0 0 0 0 0 0 0 0 0 0 0 0 0 0 5.3441294078795725 0
2459240.77 0 0 0 0 0 0 0 0 0 0 0 0 0 0 5.344863005639403 0
2459240.81 0 0 0 0 0 0 0 0 0 0 0 0 0 0 5.3455966033992315 0
2459240.85 0 0 0 0 0 0 0 0 0 0 0 0 0 0 5.346330201159062 0
2459240.90 0 0 0 0 0 0 0 0 0 0 0 0 0 0 5.3470637989188905 0
2459240.94 0 0 0 0 0 0 0 0 0 0 0 0 0 0 5.34779739667872 0
2459240.98 0 0 0 0 0 0 0 0 0 0 0 0 0 0 5.3485309944385495 0
2459241.02 0 0 0 0 0 0 0 0 0 0 0 0 0 0 5.34926459219838 0
2459241.06 0 0 0 0 0 0 0 0 0 0 0 0 0 0 5.3499981899582085 0
2459241.10 0 0 0 0 0 0 0 0 0 0 0 0 0 0 5.350731787718039 0
2459241.15 0 0 0 0 0 0 0 0 0 0 0 0 0 0 5.3514653854778675 0
2459241.19 0 0 0 0 0 0 0 0 0 0 0 0 0 0 5.352198983237697 0
2459241.23 0 0 0 0 0 0 0 0 0 0 0 0 0 0 5.352932580997527 0
2459241.27 0 0 0 0 0 0 0 0 0 0 0 0 0 0 5.353666178757356 0
2459241.31 0 0 0 0 0 0 0 0 0 0 0 0 0 0 5.354399776517186 0
2459241.35 0 0 0 0 0 0 0 0 0 0 0 0 0 0 5.355133374277016 0
2459241.40 0 0 0 0 0 0 0 0 0 0 0 0 0 0 5.355866972036845 0
2459241.44 0 0 0 0 0 0 0 0 0 0 0 0 0 0 5.356600569796674 0
2459241.48 0 0 0 0 0 0 0 0 0 0 0 0 0 0 5.357334167556504 0
2459241.52 0 0 0 0 0 0 0 0 0 0 0 0 0 0 5.358067765316333 0
2459241.56 0 0 0 0 0 0 0 0 0 0 0 0 0 0 5.358801363076163 0
2459241.60 0 0 0 0 0 0 0 0 0 0 0 0 0 0 5.359534960835991 0
2459241.65 0 0 0 0 0 0 0 0 0 0 0 0 0 0 5.360268558595822 0
2459241.69 0 0 0 0 0 0 0 0 0 0 0 0 0 0 5.36100215635565 0
2459241.73 0 0 0 0 0 0 0 0 0 0 0 0 0 0 5.361735754115481 0
2459241.77 0 0 0 0 0 0 0 0 0 0 0 0 0 0 5.362469351875309 0
2459241.81 0 0 0 0 0 0 0 0 0 0 0 0 0 0 5.363202949635139 0
2459241.85 0 0 0 0 0 0 0 0 0 0 0 0 0 0 5.363936547394968 0
2459241.90 0 0 0 0 0 0 0 0 0 0 0 0 0 0 5.364670145154799 0
2459241.94 0 0 0 0 0 0 0 0 0 0 0 0 0 0 5.365403742914627 0
2459241.98 0 0 0 0 0 0 0 0 0 0 0 0 0 0 5.366137340674458 0
2459242.02 0 0 0 0 0 0 0 0 0 0 0 0 0 0 5.366870938434286 0
2459242.06 0 0 0 0 0 0 0 0 0 0 0 0 0 0 5.367604536194116 0
2459242.10 0 0 0 0 0 0 0 0 0 0 0 0 0 0 5.368338133953945 0
2459242.15 0 0 0 0 0 0 0 0 0 0 0 0 0 0 5.369071731713775 0
2459242.19 0 0 0 0 0 0 0 0 0 0 0 0 0 0 5.369805329473604 0
2459242.23 0 0 0 0 0 0 0 0 0 0 0 0 0 0 5.370538927233435 0
2459242.27 0 0 0 0 0 0 0 0 0 0 0 0 0 0 5.371272524993263 0
2459242.31 0 0 0 0 0 0 0 0 0 0 0 0 0 0 5.372006122753093 0
2459242.35 0 0 0 0 0 0 0 0 0 0 0 0 0 0 5.3727397205129215 0
2459242.40 0 0 0 0 0 0 0 0 0 0 0 0 0 0 5.373473318272752 0
2459242.44 0 0 0 0 0 0 0 0 0 0 0 0 0 0 5.374206916032581 0
2459242.48 0 0 0 0 0 0 0 0 0 0 0 0 0 0 5.374940513792411 0
2459242.52 0 0 0 0 0 0 0 0 0 0 0 0 0 0 5.37567411155224 0
2459242.56 0 0 0 0 0 0 0 0 0 0 0 0 0 0 5.37640770931207 0
2459242.60 0 0 0 0 0 0 0 0 0 0 0 0 0 0 5.3771413070718985 0
2459242.65 0 0 0 0 0 0 0 0 0 0 0 0 0 0 5.377874904831729 0
2459242.69 0 0 0 0 0 0 0 0 0 0 0 0 0 0 5.3786085025915575 0
2459242.73 0 0 0 0 0 0 0 0 0 0 0 0 0 0 5.379342100351388 0
2459242.77 0 0 0 0 0 0 0 0 0 0 0 0 0 0 5.380075698111217 0
2459242.81 0 0 0 0 0 0 0 0 0 0 0 0 0 0 5.380809295871046 0
2459242.86 0 0 0 0 0 0 0 0 0 0 0 0 0 0 5.381542893630876 0
2459242.90 0 0 0 0 0 0 0 0 0 0 0 0 0 0 5.382276491390704 0
2459242.94 0 0 0 0 0 0 0 0 0 0 0 0 0 0 5.383010089150535 0
2459242.98 0 0 0 0 0 0 0 0 0 0 0 0 0 0 5.383743686910364 0
2459243.02 0 0 0 0 0 0 0 0 0 0 0 0 0 0 5.384477284670194 0
2459243.06 0 0 0 0 0 0 0 0 0 0 0 0 0 0 5.385210882430023 0
2459243.11 0 0 0 0 0 0 0 0 0 0 0 0 0 0 5.385944480189853 0
2459243.15 0 0 0 0 0 0 0 0 0 0 0 0 0 0 5.386678077949681 0
2459243.19 0 0 0 0 0 0 0 0 0 0 0 0 0 0 5.387411675709512 0
2459243.23 0 0 0 0 0 0 0 0 0 0 0 0 0 0 5.38814527346934 0
2459243.27 0 0 0 0 0 0 0 0 0 0 0 0 0 0 5.388878871229171 0
2459243.31 0 0 0 0 0 0 0 0 0 0 0 0 0 0 5.389612468989 0
2459243.36 0 0 0 0 0 0 0 0 0 0 0 0 0 0 5.39034606674883 0
2459243.40 0 0 0 0 0 0 0 0 0 0 0 0 0 0 5.391079664508658 0
2459243.44 0 0 0 0 0 0 0 0 0 0 0 0 0 0 5.391813262268489 0
2459243.48 0 0 0 0 0 0 0 0 0 0 0 0 0 0 5.392546860028317 0
2459243.52 0 0 0 0 0 0 0 0 0 0 0 0 0 0 5.393280457788148 0
2459243.56 0 0 0 0 0 0 0 0 0 0 0 0 0 0 5.394014055547976 0
2459243.61 0 0 0 0 0 0 0 0 0 0 0 0 0 0 5.394747653307807 0
2459243.65 0 0 0 0 0 0 0 0 0 0 0 0 0 0 5.395481251067636 0
2459243.69 0 0 0 0 0 0 0 0 0 0 0 0 0 0 5.396214848827466 0
2459243.73 0 0 0 0 0 0 0 0 0 0 0 0 0 0 5.396948446587294 0
2459243.77 0 0 0 0 0 0 0 0 0 0 0 0 0 0 5.397682044347125 0
2459243.81 0 0 0 0 0 0 0 0 0 0 0 0 0 0 5.398415642106953 0
2459243.86 0 0 0 0 0 0 0 0 0 0 0 0 0 0 5.399149239866783 0
2459243.90 0 0 0 0 0 0 0 0 0 0 0 0 0 0 5.399882837626612 0
2459243.94 0 0 0 0 0 0 0 0 0 0 0 0 0 0 5.400616435386443 0
2459243.98 0 0 0 0 0 0 0 0 0 0 0 0 0 0 5.401350033146271 0
2459244.02 0 0 0 0 0 0 0 0 0 0 0 0 0 0 5.4020836309061 0
2459244.06 0 0 0 0 0 0 0 0 0 0 0 0 0 0 5.40281722866593 0
2459244.11 0 0 0 0 0 0 0 0 0 0 0 0 0 0 5.403550826425759 0
2459244.15 0 0 0 0 0 0 0 0 0 0 0 0 0 0 5.404284424185589 0
2459244.19 0 0 0 0 0 0 0 0 0 0 0 0 0 0 5.405018021945419 0
2459244.23 0 0 0 0 0 0 0 0 0 0 0 0 0 0 5.405751619705248 0
2459244.27 0 0 0 0 0 0 0 0 0 0 0 0 0 0 5.406485217465077 0
2459244.31 0 0 0 0 0 0 0 0 0 0 0 0 0 0 5.407218815224907 0
2459244.36 0 0 0 0 0 0 0 0 0 0 0 0 0 0 5.407952412984736 0
2459244.40 0 0 0 0 0 0 0 0 0 0 0 0 0 0 5.4086860107445665 0
2459244.44 0 0 0 0 0 0 0 0 0 0 0 0 0 0 5.409419608504395 0
2459244.48 0 0 0 0 0 0 0 0 0 0 0 0 0 0 5.4101532062642255 0
2459244.52 0 0 0 0 0 0 0 0 0 0 0 0 0 0 5.410886804024054 0
2459244.56 0 0 0 0 0 0 0 0 0 0 0 0 0 0 5.4116204017838845 0
2459244.61 0 0 0 0 0 0 0 0 0 0 0 0 0 0 5.412353999543713 0
2459244.65 0 0 0 0 0 0 0 0 0 0 0 0 0 0 5.4130875973035435 0
2459244.69 0 0 0 0 0 0 0 0 0 0 0 0 0 0 5.413821195063372 0
2459244.73 0 0 0 0 0 0 0 0 0 0 0 0 0 0 5.414554792823202 0
2459244.77 0 0 0 0 0 0 0 0 0 0 0 0 0 0 5.415288390583031 0
2459244.82 0 0 0 0 0 0 0 0 0 0 0 0 0 0 5.4160219883428615 0
2459244.86 0 0 0 0 0 0 0 0 0 0 0 0 0 0 5.41675558610269 0
2459244.90 0 0 0 0 0 0 0 0 0 0 0 0 0 0 5.4174891838625205 0
2459244.94 0 0 0 0 0 0 0 0 0 0 0 0 0 0 5.418222781622349 0
2459244.98 0 0 0 0 0 0 0 0 0 0 0 0 0 0 5.418956379382179 0
2459245.02 0 0 0 0 0 0 0 0 0 0 0 0 0 0 5.419689977142008 0
2459245.07 0 0 0 0 0 0 0 0 0 0 0 0 0 0 5.420423574901838 0
2459245.11 0 0 0 0 0 0 0 0 0 0 0 0 0 0 5.421157172661667 0
2459245.15 0 0 0 0 0 0 0 0 0 0 0 0 0 0 5.421890770421498 0
2459245.19 0 0 0 0 0 0 0 0 0 0 0 0 0 0 5.422624368181326 0
2459245.23 0 0 0 0 0 0 0 0 0 0 0 0 0 0 5.423357965941155 0
2459245.27 0 0 0 0 0 0 0 0 0 0 0 0 0 0 5.424091563700984 0
2459245.32 0 0 0 0 0 0 0 0 0 0 0 0 0 0 5.424825161460815 0
2459245.36 0 0 0 0 0 0 0 0 0 0 0 0 0 0 5.425558759220644 0
2459245.40 0 0 0 0 0 0 0 0 0 0 0 0 0 0 5.426292356980473 0
2459245.44 0 0 0 0 0 0 0 0 0 0 0 0 0 0 5.427025954740303 0
2459245.48 0 0 0 0 0 0 0 0 0 0 0 0 0 0 5.427759552500132 0
2459245.52 0 0 0 0 0 0 0 0 0 0 0 0 0 0 5.428493150259961 0
2459245.57 0 0 0 0 0 0 0 0 0 0 0 0 0 0 5.429226748019791 0
2459245.61 0 0 0 0 0 0 0 0 0 0 0 0 0 0 5.42996034577962 0
2459245.65 0 0 0 0 0 0 0 0 0 0 0 0 0 0 5.43069394353945 0
2459245.69 0 0 0 0 0 0 0 0 0 0 0 0 0 0 5.43142754129928 0
2459245.73 0 0 0 0 0 0 0 0 0 0 0 0 0 0 5.432161139059109 0
2459245.77 0 0 0 0 0 0 0 0 0 0 0 0 0 0 5.432894736818938 0
2459245.82 0 0 0 0 0 0 0 0 0 0 0 0 0 0 5.433628334578767 0
2459245.86 0 0 0 0 0 0 0 0 0 0 0 0 0 0 5.434361932338597 0
2459245.90 0 0 0 0 0 0 0 0 0 0 0 0 0 0 5.435095530098427 0
2459245.94 0 0 0 0 0 0 0 0 0 0 0 0 0 0 5.4358291278582564 0
2459245.98 0 0 0 0 0 0 0 0 0 0 0 0 0 0 5.436562725618086 0
2459246.02 0 0 0 0 0 0 0 0 0 0 0 0 0 0 5.4372963233779155 0
2459246.07 0 0 0 0 0 0 0 0 0 0 0 0 0 0 5.438029921137745 0
2459246.11 0 0 0 0 0 0 0 0 0 0 0 0 0 0 5.4387635188975745 0
2459246.15 0 0 0 0 0 0 0 0 0 0 0 0 0 0 5.439497116657403 0
2459246.19 0 0 0 0 0 0 0 0 0 0 0 0 0 0 5.4402307144172335 0
2459246.23 0 0 0 0 0 0 0 0 0 0 0 0 0 0 5.440964312177063 0
2459246.27 0 0 0 0 0 0 0 0 0 0 0 0 0 0 5.4416979099368925 0
2459246.32 0 0 0 0 0 0 0 0 0 0 0 0 0 0 5.442431507696722 0
2459246.36 0 0 0 0 0 0 0 0 0 0 0 0 0 0 5.4431651054565515 0
2459246.40 0 0 0 0 0 0 0 0 0 0 0 0 0 0 5.44389870321638 0
2459246.44 0 0 0 0 0 0 0 0 0 0 0 0 0 0 5.44463230097621 0
2459246.48 0 0 0 0 0 0 0 0 0 0 0 0 0 0 5.445365898736039 0
2459246.50 0 0 0 0 0 0 0 0 0 0 0 0 0 0 5.445663208880449 0
2459246.54 0 0 0 0 0 0 0 0 0 0 0 0 0 0 5.446396806640277 0
2459246.58 0 0 0 0 0 0 0 0 0 0 0 0 0 0 5.447130404400108 0
2459246.63 0 0 0 0 0 0 0 0 0 0 0 0 0 0 5.447864002159936 0
2459246.67 0 0 0 0 0 0 0 0 0 0 0 0 0 0 5.448597599919766 0
2459246.71 0 0 0 0 0 0 0 0 0 0 0 0 0 0 5.449331197679595 0
2459246.75 0 0 0 0 0 0 0 0 0 0 0 0 0 0 5.450064795439424 0
2459246.79 0 0 0 0 0 0 0 0 0 0 0 0 0 0 5.450798393199254 0
2459246.83 0 0 0 0 0 0 0 0 0 0 0 0 0 0 5.451531990959083 0
2459246.88 0 0 0 0 0 0 0 0 0 0 0 0 0 0 5.452265588718913 0
2459246.92 0 0 0 0 0 0 0 0 0 0 0 0 0 0 5.452999186478743 0
2459246.96 0 0 0 0 0 0 0 0 0 0 0 0 0 0 5.453732784238572 0
2459247.00 0 0 0 0 0 0 0 0 0 0 0 0 0 0 5.454466381998401 0
2459247.04 0 0 0 0 0 0 0 0 0 0 0 0 0 0 5.455199979758231 0
2459247.08 0 0 0 0 0 0 0 0 0 0 0 0 0 0 5.45593357751806 0
2459247.13 0 0 0 0 0 0 0 0 0 0 0 0 0 0 5.45666717527789 0
2459247.17 0 0 0 0 0 0 0 0 0 0 0 0 0 0 5.457400773037719 0
2459247.21 0 0 0 0 0 0 0 0 0 0 0 0 0 0 5.4581343707975485 0
2459247.25 0 0 0 0 0 0 0 0 0 0 0 0 0 0 5.458867968557378 0
2459247.29 0 0 0 0 0 0 0 0 0 0 0 0 0 0 5.459601566317208 0
2459247.33 0 0 0 0 0 0 0 0 0 0 0 0 0 0 5.460335164077037 0
2459247.38 0 0 0 0 0 0 0 0 0 0 0 0 0 0 5.461068761836867 0
2459247.42 0 0 0 0 0 0 0 0 0 0 0 0 0 0 5.461802359596696 0
2459247.46 0 0 0 0 0 0 0 0 0 0 0 0 0 0 5.4625359573565255 0
2459247.50 0 0 0 0 0 0 0 0 0 0 0 0 0 0 5.463269555116355 0
2459247.54 0 0 0 0 0 0 0 0 0 0 0 0 0 0 5.4640031528761845 0
2459247.58 0 0 0 0 0 0 0 0 0 0 0 0 0 0 5.464736750636014 0
2459247.63 0 0 0 0 0 0 0 0 0 0 0 0 0 0 5.4654703483958444 0
2459247.67 0 0 0 0 0 0 0 0 0 0 0 0 0 0 5.466203946155673 0
2459247.71 0 0 0 0 0 0 0 0 0 0 0 0 0 0 5.466937543915503 0
2459247.75 0 0 0 0 0 0 0 0 0 0 0 0 0 0 5.467671141675331 0
2459247.79 0 0 0 0 0 0 0 0 0 0 0 0 0 0 5.468404739435162 0
2459247.83 0 0 0 0 0 0 0 0 0 0 0 0 0 0 5.469138337194991 0
2459247.88 0 0 0 0 0 0 0 0 0 0 0 0 0 0 5.469871934954821 0
2459247.92 0 0 0 0 0 0 0 0 0 0 0 0 0 0 5.47060553271465 0
2459247.96 0 0 0 0 0 0 0 0 0 0 0 0 0 0 5.47133913047448 0
2459248.00 0 0 0 0 0 0 0 0 0 0 0 0 0 0 5.472072728234308 0
2459248.04 0 0 0 0 0 0 0 0 0 0 0 0 0 0 5.472806325994138 0
2459248.08 0 0 0 0 0 0 0 0 0 0 0 0 0 0 5.473539923753967 0
2459248.13 0 0 0 0 0 0 0 0 0 0 0 0 0 0 5.474273521513798 0
2459248.17 0 0 0 0 0 0 0 0 0 0 0 0 0 0 5.475007119273627 0
2459248.21 0 0 0 0 0 0 0 0 0 0 0 0 0 0 5.475740717033456 0
2459248.25 0 0 0 0 0 0 0 0 0 0 0 0 0 0 5.476474314793286 0
2459248.29 0 0 0 0 0 0 0 0 0 0 0 0 0 0 5.477207912553115 0
2459248.33 0 0 0 0 0 0 0 0 0 0 0 0 0 0 5.477941510312944 0
2459248.38 0 0 0 0 0 0 0 0 0 0 0 0 0 0 5.478675108072774 0
2459248.42 0 0 0 0 0 0 0 0 0 0 0 0 0 0 5.479408705832603 0
2459248.46 0 0 0 0 0 0 0 0 0 0 0 0 0 0 5.480142303592433 0
2459248.50 0 0 0 0 0 0 0 0 0 0 0 0 0 0 5.480875901352263 0
2459248.54 0 0 0 0 0 0 0 0 0 0 0 0 0 0 5.481609499112092 0
2459248.58 0 0 0 0 0 0 0 0 0 0 0 0 0 0 5.482343096871921 0
2459248.63 0 0 0 0 0 0 0 0 0 0 0 0 0 0 5.48307669463175 0
2459248.67 0 0 0 0 0 0 0 0 0 0 0 0 0 0 5.48381029239158 0
2459248.71 0 0 0 0 0 0 0 0 0 0 0 0 0 0 5.48454389015141 0
2459248.75 0 0 0 0 0 0 0 0 0 0 0 0 0 0 5.485277487911239 0
2459248.79 0 0 0 0 0 0 0 0 0 0 0 0 0 0 5.486011085671069 0
2459248.84 0 0 0 0 0 0 0 0 0 0 0 0 0 0 5.486744683430898 0
2459248.88 0 0 0 0 0 0 0 0 0 0 0 0 0 0 5.487478281190727 0
2459248.92 0 0 0 0 0 0 0 0 0 0 0 0 0 0 5.488211878950557 0
2459248.96 0 0 0 0 0 0 0 0 0 0 0 0 0 0 5.488945476710386 0
2459249.00 0 0 0 0 0 0 0 0 0 0 0 0 0 0 5.489679074470216 0
2459249.04 0 0 0 0 0 0 0 0 0 0 0 0 0 0 5.490412672230046 0
2459249.09 0 0 0 0 0 0 0 0 0 0 0 0 0 0 5.4911462699898745 0
2459249.13 0 0 0 0 0 0 0 0 0 0 0 0 0 0 5.491879867749704 0
2459249.17 0 0 0 0 0 0 0 0 0 0 0 0 0 0 5.492613465509534 0
2459249.21 0 0 0 0 0 0 0 0 0 0 0 0 0 0 5.493347063269363 0
2459249.25 0 0 0 0 0 0 0 0 0 0 0 0 0 0 5.494080661029193 0
2459249.29 0 0 0 0 0 0 0 0 0 0 0 0 0 0 5.494814258789022 0
2459249.34 0 0 0 0 0 0 0 0 0 0 0 0 0 0 5.4955478565488525 0
2459249.38 0 0 0 0 0 0 0 0 0 0 0 0 0 0 5.496281454308681 0
2459249.42 0 0 0 0 0 0 0 0 0 0 0 0 0 0 5.49701505206851 0
2459249.46 0 0 0 0 0 0 0 0 0 0 0 0 0 0 5.49774864982834 0
2459249.50 0 0 0 0 0 0 0 0 0 0 0 0 0 0 5.49848224758817 0
2459249.54 0 0 0 0 0 0 0 0 0 0 0 0 0 0 5.499215845347999 0
2459249.59 0 0 0 0 0 0 0 0 0 0 0 0 0 0 5.499949443107829 0
2459249.63 0 0 0 0 0 0 0 0 0 0 0 0 0 0 5.500683040867658 0
2459249.67 0 0 0 0 0 0 0 0 0 0 0 0 0 0 5.501416638627487 0
2459249.71 0 0 0 0 0 0 0 0 0 0 0 0 0 0 5.502150236387317 0
2459249.75 0 0 0 0 0 0 0 0 0 0 0 0 0 0 5.502883834147146 0
2459249.79 0 0 0 0 0 0 0 0 0 0 0 0 0 0 5.503617431906976 0
2459249.84 0 0 0 0 0 0 0 0 0 0 0 0 0 0 5.504351029666806 0
2459249.88 0 0 0 0 0 0 0 0 0 0 0 0 0 0 5.505084627426635 0
2459249.92 0 0 0 0 0 0 0 0 0 0 0 0 0 0 5.505818225186464 0
2459249.96 0 0 0 0 0 0 0 0 0 0 0 0 0 0 5.506551822946294 0
2459250.00 0 0 0 0 0 0 0 0 0 0 0 0 0 0 5.507285420706123 0
2459250.04 0 0 0 0 0 0 0 0 0 0 0 0 0 0 5.508019018465953 0
2459250.09 0 0 0 0 0 0 0 0 0 0 0 0 0 0 5.508752616225782 0
2459250.13 0 0 0 0 0 0 0 0 0 0 0 0 0 0 5.509486213985611 0
2459250.17 0 0 0 0 0 0 0 0 0 0 0 0 0 0 5.510219811745441 0
2459250.21 0 0 0 0 0 0 0 0 0 0 0 0 0 0 5.510953409505271 0
2459250.25 0 0 0 0 0 0 0 0 0 0 0 0 0 0 5.5116870072651 0
2459250.29 0 0 0 0 0 0 0 0 0 0 0 0 0 0 5.5124206050249285 0
2459250.34 0 0 0 0 0 0 0 0 0 0 0 0 0 0 5.513154202784759 0
2459250.38 0 0 0 0 0 0 0 0 0 0 0 0 0 0 5.513887800544588 0
2459250.42 0 0 0 0 0 0 0 0 0 0 0 0 0 0 5.514621398304418 0
2459250.46 0 0 0 0 0 0 0 0 0 0 0 0 0 0 5.515354996064247 0
2459250.50 0 0 0 0 0 0 0 0 0 0 0 0 0 0 5.516088593824077 0
2459250.54 0 0 0 0 0 0 0 0 0 0 0 0 0 0 5.516822191583907 0
2459250.59 0 0 0 0 0 0 0 0 0 0 0 0 0 0 5.517555789343736 0
2459250.63 0 0 0 0 0 0 0 0 0 0 0 0 0 0 5.5182893871035645 0
2459250.67 0 0 0 0 0 0 0 0 0 0 0 0 0 0 5.519022984863395 0
2459250.71 0 0 0 0 0 0 0 0 0 0 0 0 0 0 5.519756582623224 0
2459250.75 0 0 0 0 0 0 0 0 0 0 0 0 0 0 5.520490180383054 0
2459250.80 0 0 0 0 0 0 0 0 0 0 0 0 0 0 5.521223778142883 0
2459250.84 0 0 0 0 0 0 0 0 0 0 0 0 0 0 5.521957375902713 0
2459250.88 0 0 0 0 0 0 0 0 0 0 0 0 0 0 5.522690973662542 0
2459250.92 0 0 0 0 0 0 0 0 0 0 0 0 0 0 5.523424571422372 0
2459250.96 0 0 0 0 0 0 0 0 0 0 0 0 0 0 5.524158169182201 0
2459251.00 0 0 0 0 0 0 0 0 0 0 0 0 0 0 5.52489176694203 0
2459251.05 0 0 0 0 0 0 0 0 0 0 0 0 0 0 5.52562536470186 0
2459251.09 0 0 0 0 0 0 0 0 0 0 0 0 0 0 5.52635896246169 0
2459251.13 0 0 0 0 0 0 0 0 0 0 0 0 0 0 5.527092560221519 0
2459251.17 0 0 0 0 0 0 0 0 0 0 0 0 0 0 5.527826157981349 0
2459251.21 0 0 0 0 0 0 0 0 0 0 0 0 0 0 5.528559755741178 0
2459251.25 0 0 0 0 0 0 0 0 0 0 0 0 0 0 5.529293353501007 0
2459251.30 0 0 0 0 0 0 0 0 0 0 0 0 0 0 5.530026951260837 0
2459251.34 0 0 0 0 0 0 0 0 0 0 0 0 0 0 5.530760549020666 0
2459251.38 0 0 0 0 0 0 0 0 0 0 0 0 0 0 5.531494146780496 0
2459251.42 0 0 0 0 0 0 0 0 0 0 0 0 0 0 5.532227744540326 0
2459251.46 0 0 0 0 0 0 0 0 0 0 0 0 0 0 5.532961342300155 0
2459251.50 0 0 0 0 0 0 0 0 0 0 0 0 0 0 5.533694940059983 0
2459251.55 0 0 0 0 0 0 0 0 0 0 0 0 0 0 5.534428537819813 0
2459251.59 0 0 0 0 0 0 0 0 0 0 0 0 0 0 5.535162135579643 0
2459251.63 0 0 0 0 0 0 0 0 0 0 0 0 0 0 5.535895733339473 0
2459251.67 0 0 0 0 0 0 0 0 0 0 0 0 0 0 5.536629331099301 0
2459251.71 0 0 0 0 0 0 0 0 0 0 0 0 0 0 5.537362928859132 0
2459251.75 0 0 0 0 0 0 0 0 0 0 0 0 0 0 5.538096526618961 0
2459251.80 0 0 0 0 0 0 0 0 0 0 0 0 0 0 5.53883012437879 0
2459251.84 0 0 0 0 0 0 0 0 0 0 0 0 0 0 5.539563722138619 0
2459251.88 0 0 0 0 0 0 0 0 0 0 0 0 0 0 5.540297319898449 0
2459251.92 0 0 0 0 0 0 0 0 0 0 0 0 0 0 5.541030917658278 0
2459251.96 0 0 0 0 0 0 0 0 0 0 0 0 0 0 5.541764515418109 0
2459252.00 0 0 0 0 0 0 0 0 0 0 0 0 0 0 5.542498113177937 0
2459252.05 0 0 0 0 0 0 0 0 0 0 0 0 0 0 5.543231710937767 0
2459252.09 0 0 0 0 0 0 0 0 0 0 0 0 0 0 5.5439653086975955 0
2459252.13 0 0 0 0 0 0 0 0 0 0 0 0 0 0 5.544698906457426 0
2459252.17 0 0 0 0 0 0 0 0 0 0 0 0 0 0 5.545432504217255 0
2459252.21 0 0 0 0 0 0 0 0 0 0 0 0 0 0 5.546166101977085 0
2459252.25 0 0 0 0 0 0 0 0 0 0 0 0 0 0 5.546899699736914 0
2459252.30 0 0 0 0 0 0 0 0 0 0 0 0 0 0 5.547633297496744 0
2459252.34 0 0 0 0 0 0 0 0 0 0 0 0 0 0 5.548366895256573 0
2459252.38 0 0 0 0 0 0 0 0 0 0 0 0 0 0 5.549100493016403 0
2459252.42 0 0 0 0 0 0 0 0 0 0 0 0 0 0 5.549834090776232 0
2459252.46 0 0 0 0 0 0 0 0 0 0 0 0 0 0 5.550567688536062 0
2459252.50 0 0 0 0 0 0 0 0 0 0 0 0 0 0 5.5513012862958915 0
2459252.55 0 0 0 0 0 0 0 0 0 0 0 0 0 0 5.552034884055721 0
2459252.59 0 0 0 0 0 0 0 0 0 0 0 0 0 0 5.55276848181555 0
2459252.63 0 0 0 0 0 0 0 0 0 0 0 0 0 0 5.55350207957538 0
2459252.67 0 0 0 0 0 0 0 0 0 0 0 0 0 0 5.554235677335209 0
2459252.71 0 0 0 0 0 0 0 0 0 0 0 0 0 0 5.554969275095038 0
2459252.75 0 0 0 0 0 0 0 0 0 0 0 0 0 0 5.555702872854868 0
2459252.80 0 0 0 0 0 0 0 0 0 0 0 0 0 0 5.556436470614698 0
2459252.84 0 0 0 0 0 0 0 0 0 0 0 0 0 0 5.557170068374527 0
2459252.88 0 0 0 0 0 0 0 0 0 0 0 0 0 0 5.557903666134356 0
2459252.92 0 0 0 0 0 0 0 0 0 0 0 0 0 0 5.558637263894186 0
2459252.96 0 0 0 0 0 0 0 0 0 0 0 0 0 0 5.559370861654016 0
2459253.01 0 0 0 0 0 0 0 0 0 0 0 0 0 0 5.560104459413845 0
2459253.05 0 0 0 0 0 0 0 0 0 0 0 0 0 0 5.560838057173674 0
2459253.09 0 0 0 0 0 0 0 0 0 0 0 0 0 0 5.561571654933504 0
2459253.13 0 0 0 0 0 0 0 0 0 0 0 0 0 0 5.562305252693333 0
2459253.17 0 0 0 0 0 0 0 0 0 0 0 0 0 0 5.563038850453163 0
2459253.21 0 0 0 0 0 0 0 0 0 0 0 0 0 0 5.563772448212991 0
2459253.26 0 0 0 0 0 0 0 0 0 0 0 0 0 0 5.564506045972822 0
2459253.30 0 0 0 0 0 0 0 0 0 0 0 0 0 0 5.565239643732651 0
2459253.34 0 0 0 0 0 0 0 0 0 0 0 0 0 0 5.565973241492481 0
2459253.38 0 0 0 0 0 0 0 0 0 0 0 0 0 0 5.56670683925231 0
2459253.42 0 0 0 0 0 0 0 0 0 0 0 0 0 0 5.56744043701214 0
2459253.46 0 0 0 0 0 0 0 0 0 0 0 0 0 0 5.568174034771968 0
2459253.51 0 0 0 0 0 0 0 0 0 0 0 0 0 0 5.568907632531799 0
2459253.55 0 0 0 0 0 0 0 0 0 0 0 0 0 0 5.569641230291627 0
2459253.59 0 0 0 0 0 0 0 0 0 0 0 0 0 0 5.570374828051458 0
2459253.63 0 0 0 0 0 0 0 0 0 0 0 0 0 0 5.571108425811287 0
2459253.67 0 0 0 0 0 0 0 0 0 0 0 0 0 0 5.571842023571117 0
2459253.71 0 0 0 0 0 0 0 0 0 0 0 0 0 0 5.572575621330945 0
2459253.76 0 0 0 0 0 0 0 0 0 0 0 0 0 0 5.573309219090776 0
2459253.80 0 0 0 0 0 0 0 0 0 0 0 0 0 0 5.574042816850604 0
2459253.84 0 0 0 0 0 0 0 0 0 0 0 0 0 0 5.574776414610435 0
2459253.88 0 0 0 0 0 0 0 0 0 0 0 0 0 0 5.5755100123702634 0
2459253.92 0 0 0 0 0 0 0 0 0 0 0 0 0 0 5.576243610130093 0
2459253.96 0 0 0 0 0 0 0 0 0 0 0 0 0 0 5.5769772078899225 0
2459254.01 0 0 0 0 0 0 0 0 0 0 0 0 0 0 5.577710805649753 0
2459254.05 0 0 0 0 0 0 0 0 0 0 0 0 0 0 5.5784444034095815 0
2459254.09 0 0 0 0 0 0 0 0 0 0 0 0 0 0 5.57917800116941 0
2459254.13 0 0 0 0 0 0 0 0 0 0 0 0 0 0 5.5799115989292405 0
2459254.17 0 0 0 0 0 0 0 0 0 0 0 0 0 0 5.58064519668907 0
2459254.21 0 0 0 0 0 0 0 0 0 0 0 0 0 0 5.5813787944488995 0
2459254.26 0 0 0 0 0 0 0 0 0 0 0 0 0 0 5.582112392208728 0
2459254.30 0 0 0 0 0 0 0 0 0 0 0 0 0 0 5.5828459899685585 0
2459254.34 0 0 0 0 0 0 0 0 0 0 0 0 0 0 5.583579587728387 0
2459254.38 0 0 0 0 0 0 0 0 0 0 0 0 0 0 5.5843131854882175 0
2459254.42 0 0 0 0 0 0 0 0 0 0 0 0 0 0 5.585046783248046 0
2459254.46 0 0 0 0 0 0 0 0 0 0 0 0 0 0 5.585780381007876 0
2459254.51 0 0 0 0 0 0 0 0 0 0 0 0 0 0 5.586513978767705 0
2459254.55 0 0 0 0 0 0 0 0 0 0 0 0 0 0 5.587247576527536 0
2459254.59 0 0 0 0 0 0 0 0 0 0 0 0 0 0 5.587981174287364 0
2459254.63 0 0 0 0 0 0 0 0 0 0 0 0 0 0 5.588714772047195 0
2459254.67 0 0 0 0 0 0 0 0 0 0 0 0 0 0 5.589448369807023 0
2459254.71 0 0 0 0 0 0 0 0 0 0 0 0 0 0 5.590181967566853 0
2459254.76 0 0 0 0 0 0 0 0 0 0 0 0 0 0 5.590915565326682 0
2459254.80 0 0 0 0 0 0 0 0 0 0 0 0 0 0 5.591649163086512 0
2459254.84 0 0 0 0 0 0 0 0 0 0 0 0 0 0 5.592382760846341 0
2459254.88 0 0 0 0 0 0 0 0 0 0 0 0 0 0 5.593116358606172 0
2459254.92 0 0 0 0 0 0 0 0 0 0 0 0 0 0 5.593849956366 0
2459254.97 0 0 0 0 0 0 0 0 0 0 0 0 0 0 5.59458355412583 0
2459255.01 0 0 0 0 0 0 0 0 0 0 0 0 0 0 5.595317151885658 0
2459255.05 0 0 0 0 0 0 0 0 0 0 0 0 0 0 5.596050749645489 0
2459255.09 0 0 0 0 0 0 0 0 0 0 0 0 0 0 5.596784347405318 0
2459255.13 0 0 0 0 0 0 0 0 0 0 0 0 0 0 5.597517945165148 0
2459255.17 0 0 0 0 0 0 0 0 0 0 0 0 0 0 5.598251542924977 0
2459255.22 0 0 0 0 0 0 0 0 0 0 0 0 0 0 5.598985140684807 0
2459255.26 0 0 0 0 0 0 0 0 0 0 0 0 0 0 5.599718738444635 0
2459255.30 0 0 0 0 0 0 0 0 0 0 0 0 0 0 5.600452336204465 0
2459255.34 0 0 0 0 0 0 0 0 0 0 0 0 0 0 5.601185933964294 0
2459255.38 0 0 0 0 0 0 0 0 0 0 0 0 0 0 5.601919531724125 0
2459255.42 0 0 0 0 0 0 0 0 0 0 0 0 0 0 5.602653129483954 0
2459255.47 0 0 0 0 0 0 0 0 0 0 0 0 0 0 5.603386727243783 0
2459255.51 0 0 0 0 0 0 0 0 0 0 0 0 0 0 5.6041203250036125 0
2459255.55 0 0 0 0 0 0 0 0 0 0 0 0 0 0 5.604853922763442 0
2459255.59 0 0 0 0 0 0 0 0 0 0 0 0 0 0 5.6055875205232715 0
2459255.63 0 0 0 0 0 0 0 0 0 0 0 0 0 0 5.606321118283101 0
2459255.67 0 0 0 0 0 0 0 0 0 0 0 0 0 0 5.6070547160429305 0
2459255.72 0 0 0 0 0 0 0 0 0 0 0 0 0 0 5.60778831380276 0
2459255.76 0 0 0 0 0 0 0 0 0 0 0 0 0 0 5.60852191156259 0
2459255.80 0 0 0 0 0 0 0 0 0 0 0 0 0 0 5.609255509322419 0
2459255.84 0 0 0 0 0 0 0 0 0 0 0 0 0 0 5.6099891070822485 0
2459255.88 0 0 0 0 0 0 0 0 0 0 0 0 0 0 5.610722704842077 0
2459255.92 0 0 0 0 0 0 0 0 0 0 0 0 0 0 5.6114563026019075 0
2459255.97 0 0 0 0 0 0 0 0 0 0 0 0 0 0 5.612189900361737 0
2459256.01 0 0 0 0 0 0 0 0 0 0 0 0 0 0 5.6129234981215665 0
2459256.05 0 0 0 0 0 0 0 0 0 0 0 0 0 0 5.613657095881396 0
2459256.09 0 0 0 0 0 0 0 0 0 0 0 0 0 0 5.614390693641226 0
2459256.13 0 0 0 0 0 0 0 0 0 0 0 0 0 0 5.615124291401054 0
2459256.17 0 0 0 0 0 0 0 0 0 0 0 0 0 0 5.615857889160885 0
2459256.22 0 0 0 0 0 0 0 0 0 0 0 0 0 0 5.616591486920713 0
2459256.26 0 0 0 0 0 0 0 0 0 0 0 0 0 0 5.617325084680544 0
2459256.30 0 0 0 0 0 0 0 0 0 0 0 0 0 0 5.618058682440373 0
2459256.34 0 0 0 0 0 0 0 0 0 0 0 0 0 0 5.618792280200203 0
2459256.38 0 0 0 0 0 0 0 0 0 0 0 0 0 0 5.619525877960031 0
2459256.42 0 0 0 0 0 0 0 0 0 0 0 0 0 0 5.620259475719862 0
2459256.47 0 0 0 0 0 0 0 0 0 0 0 0 0 0 5.62099307347969 0
2459256.51 0 0 0 0 0 0 0 0 0 0 0 0 0 0 5.621726671239521 0
2459256.55 0 0 0 0 0 0 0 0 0 0 0 0 0 0 5.622460268999349 0
2459256.59 0 0 0 0 0 0 0 0 0 0 0 0 0 0 5.62319386675918 0
2459256.63 0 0 0 0 0 0 0 0 0 0 0 0 0 0 5.623927464519008 0
2459256.67 0 0 0 0 0 0 0 0 0 0 0 0 0 0 5.624661062278837 0
2459256.72 0 0 0 0 0 0 0 0 0 0 0 0 0 0 5.625394660038667 0
2459256.76 0 0 0 0 0 0 0 0 0 0 0 0 0 0 5.626128257798498 0
2459256.80 0 0 0 0 0 0 0 0 0 0 0 0 0 0 5.626861855558326 0
2459256.84 0 0 0 0 0 0 0 0 0 0 0 0 0 0 5.627595453318156 0
2459256.88 0 0 0 0 0 0 0 0 0 0 0 0 0 0 5.628329051077985 0
2459256.92 0 0 0 0 0 0 0 0 0 0 0 0 0 0 5.629062648837814 0
2459256.97 0 0 0 0 0 0 0 0 0 0 0 0 0 0 5.629796246597644 0
2459257.01 0 0 0 0 0 0 0 0 0 0 0 0 0 0 5.630529844357473 0
2459257.05 0 0 0 0 0 0 0 0 0 0 0 0 0 0 5.631263442117303 0
2459257.09 0 0 0 0 0 0 0 0 0 0 0 0 0 0 5.631997039877133 0
2459257.13 0 0 0 0 0 0 0 0 0 0 0 0 0 0 5.632730637636962 0
2459257.18 0 0 0 0 0 0 0 0 0 0 0 0 0 0 5.633464235396791 0
2459257.22 0 0 0 0 0 0 0 0 0 0 0 0 0 0 5.634197833156621 0
2459257.26 0 0 0 0 0 0 0 0 0 0 0 0 0 0 5.63493143091645 0
2459257.30 0 0 0 0 0 0 0 0 0 0 0 0 0 0 5.63566502867628 0
2459257.34 0 0 0 0 0 0 0 0 0 0 0 0 0 0 5.636398626436109 0
2459257.38 0 0 0 0 0 0 0 0 0 0 0 0 0 0 5.6371322241959385 0
2459257.43 0 0 0 0 0 0 0 0 0 0 0 0 0 0 5.637865821955768 0
2459257.47 0 0 0 0 0 0 0 0 0 0 0 0 0 0 5.638599419715598 0
2459257.51 0 0 0 0 0 0 0 0 0 0 0 0 0 0 5.639333017475427 0
2459257.55 0 0 0 0 0 0 0 0 0 0 0 0 0 0 5.640066615235257 0
2459257.59 0 0 0 0 0 0 0 0 0 0 0 0 0 0 5.640800212995086 0
2459257.63 0 0 0 0 0 0 0 0 0 0 0 0 0 0 5.641533810754916 0
2459257.68 0 0 0 0 0 0 0 0 0 0 0 0 0 0 5.642267408514745 0
2459257.72 0 0 0 0 0 0 0 0 0 0 0 0 0 0 5.643001006274575 0
2459257.76 0 0 0 0 0 0 0 0 0 0 0 0 0 0 5.643734604034404 0
2459257.80 0 0 0 0 0 0 0 0 0 0 0 0 0 0 5.6444682017942345 0
2459257.84 0 0 0 0 0 0 0 0 0 0 0 0 0 0 5.645201799554063 0
2459257.88 0 0 0 0 0 0 0 0 0 0 0 0 0 0 5.645935397313892 0
2459257.93 0 0 0 0 0 0 0 0 0 0 0 0 0 0 5.646668995073721 0
2459257.97 0 0 0 0 0 0 0 0 0 0 0 0 0 0 5.647402592833552 0
2459258.01 0 0 0 0 0 0 0 0 0 0 0 0 0 0 5.648136190593381 0
2459258.05 0 0 0 0 0 0 0 0 0 0 0 0 0 0 5.64886978835321 0
2459258.09 0 0 0 0 0 0 0 0 0 0 0 0 0 0 5.64960338611304 0
2459258.13 0 0 0 0 0 0 0 0 0 0 0 0 0 0 5.650336983872869 0
2459258.18 0 0 0 0 0 0 0 0 0 0 0 0 0 0 5.651070581632699 0
2459258.22 0 0 0 0 0 0 0 0 0 0 0 0 0 0 5.651804179392528 0
2459258.26 0 0 0 0 0 0 0 0 0 0 0 0 0 0 5.652537777152357 0
2459258.30 0 0 0 0 0 0 0 0 0 0 0 0 0 0 5.653271374912187 0
2459258.34 0 0 0 0 0 0 0 0 0 0 0 0 0 0 5.654004972672017 0
2459258.38 0 0 0 0 0 0 0 0 0 0 0 0 0 0 5.654738570431846 0
2459258.43 0 0 0 0 0 0 0 0 0 0 0 0 0 0 5.655472168191676 0
2459258.47 0 0 0 0 0 0 0 0 0 0 0 0 0 0 5.656205765951505 0
2459258.51 0 0 0 0 0 0 0 0 0 0 0 0 0 0 5.656939363711334 0
2459258.55 0 0 0 0 0 0 0 0 0 0 0 0 0 0 5.657672961471164 0
2459258.59 0 0 0 0 0 0 0 0 0 0 0 0 0 0 5.658406559230993 0
2459258.63 0 0 0 0 0 0 0 0 0 0 0 0 0 0 5.659140156990823 0
2459258.68 0 0 0 0 0 0 0 0 0 0 0 0 0 0 5.659873754750653 0
2459258.72 0 0 0 0 0 0 0 0 0 0 0 0 0 0 5.660607352510482 0
2459258.76 0 0 0 0 0 0 0 0 0 0 0 0 0 0 5.661340950270311 0
2459258.80 0 0 0 0 0 0 0 0 0 0 0 0 0 0 5.66207454803014 0
2459258.84 0 0 0 0 0 0 0 0 0 0 0 0 0 0 5.66280814578997 0
2459258.88 0 0 0 0 0 0 0 0 0 0 0 0 0 0 5.6635417435498 0
2459258.93 0 0 0 0 0 0 0 0 0 0 0 0 0 0 5.664275341309629 0
2459258.97 0 0 0 0 0 0 0 0 0 0 0 0 0 0 5.665008939069459 0
2459259.01 0 0 0 0 0 0 0 0 0 0 0 0 0 0 5.665742536829288 0
2459259.05 0 0 0 0 0 0 0 0 0 0 0 0 0 0 5.666476134589117 0
2459259.09 0 0 0 0 0 0 0 0 0 0 0 0 0 0 5.6672097323489465 0
2459259.14 0 0 0 0 0 0 0 0 0 0 0 0 0 0 5.667943330108776 0
2459259.18 0 0 0 0 0 0 0 0 0 0 0 0 0 0 5.668676927868606 0
2459259.22 0 0 0 0 0 0 0 0 0 0 0 0 0 0 5.669410525628436 0
2459259.26 0 0 0 0 0 0 0 0 0 0 0 0 0 0 5.670144123388265 0
2459259.30 0 0 0 0 0 0 0 0 0 0 0 0 0 0 5.670877721148094 0
2459259.34 0 0 0 0 0 0 0 0 0 0 0 0 0 0 5.671611318907923 0
2459259.39 0 0 0 0 0 0 0 0 0 0 0 0 0 0 5.672344916667753 0
2459259.43 0 0 0 0 0 0 0 0 0 0 0 0 0 0 5.673078514427583 0
2459259.47 0 0 0 0 0 0 0 0 0 0 0 0 0 0 5.673812112187412 0
2459259.51 0 0 0 0 0 0 0 0 0 0 0 0 0 0 5.674545709947242 0
2459259.55 0 0 0 0 0 0 0 0 0 0 0 0 0 0 5.675279307707071 0
2459259.59 0 0 0 0 0 0 0 0 0 0 0 0 0 0 5.6760129054669 0
2459259.64 0 0 0 0 0 0 0 0 0 0 0 0 0 0 5.67674650322673 0
2459259.68 0 0 0 0 0 0 0 0 0 0 0 0 0 0 5.677480100986559 0
2459259.72 0 0 0 0 0 0 0 0 0 0 0 0 0 0 5.678213698746389 0
2459259.76 0 0 0 0 0 0 0 0 0 0 0 0 0 0 5.678947296506219 0
2459259.80 0 0 0 0 0 0 0 0 0 0 0 0 0 0 5.679680894266048 0
2459259.84 0 0 0 0 0 0 0 0 0 0 0 0 0 0 5.680414492025877 0
2459259.89 0 0 0 0 0 0 0 0 0 0 0 0 0 0 5.681148089785707 0
2459259.93 0 0 0 0 0 0 0 0 0 0 0 0 0 0 5.681881687545536 0
2459259.97 0 0 0 0 0 0 0 0 0 0 0 0 0 0 5.682615285305366 0
2459260.01 0 0 0 0 0 0 0 0 0 0 0 0 0 0 5.683348883065195 0
2459260.05 0 0 0 0 0 0 0 0 0 0 0 0 0 0 5.684082480825025 0
2459260.09 0 0 0 0 0 0 0 0 0 0 0 0 0 0 5.684816078584854 0
2459260.14 0 0 0 0 0 0 0 0 0 0 0 0 0 0 5.685549676344684 0
2459260.18 0 0 0 0 0 0 0 0 0 0 0 0 0 0 5.686283274104513 0
2459260.22 0 0 0 0 0 0 0 0 0 0 0 0 0 0 5.687016871864343 0
2459260.26 0 0 0 0 0 0 0 0 0 0 0 0 0 0 5.687750469624172 0
2459260.30 0 0 0 0 0 0 0 0 0 0 0 0 0 0 5.688484067384001 0
2459260.34 0 0 0 0 0 0 0 0 0 0 0 0 0 0 5.689217665143831 0
2459260.39 0 0 0 0 0 0 0 0 0 0 0 0 0 0 5.689951262903661 0
2459260.43 0 0 0 0 0 0 0 0 0 0 0 0 0 0 5.690684860663491 0
2459260.47 0 0 0 0 0 0 0 0 0 0 0 0 0 0 5.6914184584233185 0
2459260.51 0 0 0 0 0 0 0 0 0 0 0 0 0 0 5.692152056183148 0
2459260.55 0 0 0 0 0 0 0 0 0 0 0 0 0 0 5.692885653942978 0
2459260.59 0 0 0 0 0 0 0 0 0 0 0 0 0 0 5.693619251702808 0
2459260.64 0 0 0 0 0 0 0 0 0 0 0 0 0 0 5.694352849462637 0
2459260.68 0 0 0 0 0 0 0 0 0 0 0 0 0 0 5.695086447222467 0
2459260.72 0 0 0 0 0 0 0 0 0 0 0 0 0 0 5.695820044982296 0
2459260.76 0 0 0 0 0 0 0 0 0 0 0 0 0 0 5.696553642742126 0
2459260.80 0 0 0 0 0 0 0 0 0 0 0 0 0 0 5.697287240501955 0
2459260.84 0 0 0 0 0 0 0 0 0 0 0 0 0 0 5.698020838261785 0
2459260.89 0 0 0 0 0 0 0 0 0 0 0 0 0 0 5.698754436021614 0
2459260.93 0 0 0 0 0 0 0 0 0 0 0 0 0 0 5.699488033781444 0
2459260.97 0 0 0 0 0 0 0 0 0 0 0 0 0 0 5.700221631541273 0
2459261.01 0 0 0 0 0 0 0 0 0 0 0 0 0 0 5.700955229301102 0
2459261.05 0 0 0 0 0 0 0 0 0 0 0 0 0 0 5.701688827060932 0
2459261.09 0 0 0 0 0 0 0 0 0 0 0 0 0 0 5.702422424820761 0
2459261.14 0 0 0 0 0 0 0 0 0 0 0 0 0 0 5.703156022580591 0
2459261.18 0 0 0 0 0 0 0 0 0 0 0 0 0 0 5.70388962034042 0
2459261.22 0 0 0 0 0 0 0 0 0 0 0 0 0 0 5.7046232181002505 0
2459261.26 0 0 0 0 0 0 0 0 0 0 0 0 0 0 5.70535681586008 0
2459261.30 0 0 0 0 0 0 0 0 0 0 0 0 0 0 5.706090413619908 0
2459261.35 0 0 0 0 0 0 0 0 0 0 0 0 0 0 5.706824011379737 0
2459261.39 0 0 0 0 0 0 0 0 0 0 0 0 0 0 5.707557609139567 0
2459261.43 0 0 0 0 0 0 0 0 0 0 0 0 0 0 5.708291206899398 0
2459261.47 0 0 0 0 0 0 0 0 0 0 0 0 0 0 5.709024804659227 0
2459261.51 0 0 0 0 0 0 0 0 0 0 0 0 0 0 5.709758402419056 0
2459261.55 0 0 0 0 0 0 0 0 0 0 0 0 0 0 5.710492000178886 0
2459261.60 0 0 0 0 0 0 0 0 0 0 0 0 0 0 5.711225597938715 0
2459261.64 0 0 0 0 0 0 0 0 0 0 0 0 0 0 5.711959195698545 0
2459261.68 0 0 0 0 0 0 0 0 0 0 0 0 0 0 5.712692793458373 0
2459261.72 0 0 0 0 0 0 0 0 0 0 0 0 0 0 5.713426391218204 0
2459261.76 0 0 0 0 0 0 0 0 0 0 0 0 0 0 5.714159988978032 0
2459261.80 0 0 0 0 0 0 0 0 0 0 0 0 0 0 5.714893586737863 0
2459261.85 0 0 0 0 0 0 0 0 0 0 0 0 0 0 5.715627184497691 0
2459261.89 0 0 0 0 0 0 0 0 0 0 0 0 0 0 5.716360782257521 0
2459261.93 0 0 0 0 0 0 0 0 0 0 0 0 0 0 5.71709438001735 0
2459261.97 0 0 0 0 0 0 0 0 0 0 0 0 0 0 5.71782797777718 0
2459262.01 0 0 0 0 0 0 0 0 0 0 0 0 0 0 5.718561575537009 0
2459262.05 0 0 0 0 0 0 0 0 0 0 0 0 0 0 5.719295173296839 0
2459262.10 0 0 0 0 0 0 0 0 0 0 0 0 0 0 5.720028771056669 0
2459262.14 0 0 0 0 0 0 0 0 0 0 0 0 0 0 5.720762368816499 0
2459262.18 0 0 0 0 0 0 0 0 0 0 0 0 0 0 5.7214959665763265 0
2459262.22 0 0 0 0 0 0 0 0 0 0 0 0 0 0 5.722229564336158 0
2459262.26 0 0 0 0 0 0 0 0 0 0 0 0 0 0 5.7229631620959855 0
2459262.30 0 0 0 0 0 0 0 0 0 0 0 0 0 0 5.723696759855817 0
2459262.35 0 0 0 0 0 0 0 0 0 0 0 0 0 0 5.7244303576156454 0
2459262.39 0 0 0 0 0 0 0 0 0 0 0 0 0 0 5.725163955375475 0
2459262.43 0 0 0 0 0 0 0 0 0 0 0 0 0 0 5.7258975531353045 0
2459262.47 0 0 0 0 0 0 0 0 0 0 0 0 0 0 5.726631150895134 0
2459262.51 0 0 0 0 0 0 0 0 0 0 0 0 0 0 5.7273647486549635 0
2459262.55 0 0 0 0 0 0 0 0 0 0 0 0 0 0 5.728098346414793 0
2459262.60 0 0 0 0 0 0 0 0 0 0 0 0 0 0 5.7288319441746225 0
2459262.64 0 0 0 0 0 0 0 0 0 0 0 0 0 0 5.729565541934452 0
2459262.68 0 0 0 0 0 0 0 0 0 0 0 0 0 0 5.730299139694281 0
2459262.72 0 0 0 0 0 0 0 0 0 0 0 0 0 0 5.73103273745411 0
2459262.76 0 0 0 0 0 0 0 0 0 0 0 0 0 0 5.73176633521394 0
2459262.80 0 0 0 0 0 0 0 0 0 0 0 0 0 0 5.732499932973771 0
2459262.85 0 0 0 0 0 0 0 0 0 0 0 0 0 0 5.733233530733599 0
2459262.89 0 0 0 0 0 0 0 0 0 0 0 0 0 0 5.733967128493428 0
2459262.93 0 0 0 0 0 0 0 0 0 0 0 0 0 0 5.734700726253258 0
2459262.97 0 0 0 0 0 0 0 0 0 0 0 0 0 0 5.735434324013086 0
2459263.01 0 0 0 0 0 0 0 0 0 0 0 0 0 0 5.736167921772918 0
2459263.05 0 0 0 0 0 0 0 0 0 0 0 0 0 0 5.736901519532745 0
2459263.10 0 0 0 0 0 0 0 0 0 0 0 0 0 0 5.737635117292577 0
2459263.14 0 0 0 0 0 0 0 0 0 0 0 0 0 0 5.738368715052404 0
2459263.18 0 0 0 0 0 0 0 0 0 0 0 0 0 0 5.739102312812235 0
2459263.22 0 0 0 0 0 0 0 0 0 0 0 0 0 0 5.739835910572064 0
2459263.26 0 0 0 0 0 0 0 0 0 0 0 0 0 0 5.740569508331894 0
2459263.31 0 0 0 0 0 0 0 0 0 0 0 0 0 0 5.741303106091723 0
2459263.35 0 0 0 0 0 0 0 0 0 0 0 0 0 0 5.742036703851553 0
2459263.39 0 0 0 0 0 0 0 0 0 0 0 0 0 0 5.742770301611382 0
2459263.43 0 0 0 0 0 0 0 0 0 0 0 0 0 0 5.743503899371212 0
2459263.47 0 0 0 0 0 0 0 0 0 0 0 0 0 0 5.74423749713104 0
2459263.51 0 0 0 0 0 0 0 0 0 0 0 0 0 0 5.744971094890871 0
2459263.56 0 0 0 0 0 0 0 0 0 0 0 0 0 0 5.745704692650699 0
2459263.60 0 0 0 0 0 0 0 0 0 0 0 0 0 0 5.74643829041053 0
2459263.64 0 0 0 0 0 0 0 0 0 0 0 0 0 0 5.747171888170358 0
2459263.68 0 0 0 0 0 0 0 0 0 0 0 0 0 0 5.747905485930188 0
2459263.72 0 0 0 0 0 0 0 0 0 0 0 0 0 0 5.748639083690017 0
2459263.76 0 0 0 0 0 0 0 0 0 0 0 0 0 0 5.749372681449847 0
2459263.81 0 0 0 0 0 0 0 0 0 0 0 0 0 0 5.750106279209676 0
2459263.85 0 0 0 0 0 0 0 0 0 0 0 0 0 0 5.750839876969507 0
2459263.89 0 0 0 0 0 0 0 0 0 0 0 0 0 0 5.751573474729336 0
2459263.93 0 0 0 0 0 0 0 0 0 0 0 0 0 0 5.752307072489166 0
2459263.97 0 0 0 0 0 0 0 0 0 0 0 0 0 0 5.753040670248994 0
2459264.01 0 0 0 0 0 0 0 0 0 0 0 0 0 0 5.753774268008825 0
2459264.06 0 0 0 0 0 0 0 0 0 0 0 0 0 0 5.7545078657686535 0
2459264.10 0 0 0 0 0 0 0 0 0 0 0 0 0 0 5.755241463528483 0
2459264.14 0 0 0 0 0 0 0 0 0 0 0 0 0 0 5.7559750612883125 0
2459264.18 0 0 0 0 0 0 0 0 0 0 0 0 0 0 5.756708659048142 0
2459264.22 0 0 0 0 0 0 0 0 0 0 0 0 0 0 5.7574422568079715 0
2459264.26 0 0 0 0 0 0 0 0 0 0 0 0 0 0 5.758175854567801 0
2459264.31 0 0 0 0 0 0 0 0 0 0 0 0 0 0 5.7589094523276305 0
2459264.35 0 0 0 0 0 0 0 0 0 0 0 0 0 0 5.759643050087459 0
2459264.39 0 0 0 0 0 0 0 0 0 0 0 0 0 0 5.7603766478472895 0
2459264.43 0 0 0 0 0 0 0 0 0 0 0 0 0 0 5.761110245607118 0
2459264.47 0 0 0 0 0 0 0 0 0 0 0 0 0 0 5.7618438433669485 0
2459264.51 0 0 0 0 0 0 0 0 0 0 0 0 0 0 5.762577441126777 0
2459264.56 0 0 0 0 0 0 0 0 0 0 0 0 0 0 5.763311038886607 0
2459264.60 0 0 0 0 0 0 0 0 0 0 0 0 0 0 5.764044636646436 0
2459264.64 0 0 0 0 0 0 0 0 0 0 0 0 0 0 5.764778234406266 0
2459264.68 0 0 0 0 0 0 0 0 0 0 0 0 0 0 5.765511832166096 0
2459264.72 0 0 0 0 0 0 0 0 0 0 0 0 0 0 5.766245429925926 0
2459264.76 0 0 0 0 0 0 0 0 0 0 0 0 0 0 5.766979027685755 0
2459264.81 0 0 0 0 0 0 0 0 0 0 0 0 0 0 5.767712625445585 0
2459264.85 0 0 0 0 0 0 0 0 0 0 0 0 0 0 5.768446223205412 0
2459264.89 0 0 0 0 0 0 0 0 0 0 0 0 0 0 5.769179820965244 0
2459264.93 0 0 0 0 0 0 0 0 0 0 0 0 0 0 5.769913418725072 0
2459264.97 0 0 0 0 0 0 0 0 0 0 0 0 0 0 5.770647016484903 0
2459265.01 0 0 0 0 0 0 0 0 0 0 0 0 0 0 5.771380614244731 0
2459265.06 0 0 0 0 0 0 0 0 0 0 0 0 0 0 5.772114212004561 0
2459265.10 0 0 0 0 0 0 0 0 0 0 0 0 0 0 5.77284780976439 0
2459265.14 0 0 0 0 0 0 0 0 0 0 0 0 0 0 5.77358140752422 0
2459265.18 0 0 0 0 0 0 0 0 0 0 0 0 0 0 5.774315005284049 0
2459265.22 0 0 0 0 0 0 0 0 0 0 0 0 0 0 5.775048603043879 0
2459265.26 0 0 0 0 0 0 0 0 0 0 0 0 0 0 5.775782200803708 0
2459265.31 0 0 0 0 0 0 0 0 0 0 0 0 0 0 5.776515798563537 0
2459265.35 0 0 0 0 0 0 0 0 0 0 0 0 0 0 5.777249396323366 0
2459265.39 0 0 0 0 0 0 0 0 0 0 0 0 0 0 5.777982994083198 0
2459265.43 0 0 0 0 0 0 0 0 0 0 0 0 0 0 5.778716591843025 0
2459265.47 0 0 0 0 0 0 0 0 0 0 0 0 0 0 5.779450189602855 0
2459265.52 0 0 0 0 0 0 0 0 0 0 0 0 0 0 5.7801837873626845 0
2459265.56 0 0 0 0 0 0 0 0 0 0 0 0 0 0 5.780917385122515 0
2459265.60 0 0 0 0 0 0 0 0 0 0 0 0 0 0 5.781650982882344 0
2459265.64 0 0 0 0 0 0 0 0 0 0 0 0 0 0 5.782384580642172 0
2459265.68 0 0 0 0 0 0 0 0 0 0 0 0 0 0 5.783118178402003 0
2459265.72 0 0 0 0 0 0 0 0 0 0 0 0 0 0 5.783851776161831 0
2459265.77 0 0 0 0 0 0 0 0 0 0 0 0 0 0 5.784585373921662 0
2459265.81 0 0 0 0 0 0 0 0 0 0 0 0 0 0 5.785318971681491 0
2459265.85 0 0 0 0 0 0 0 0 0 0 0 0 0 0 5.7860525694413205 0
2459265.89 0 0 0 0 0 0 0 0 0 0 0 0 0 0 5.78678616720115 0
2459265.93 0 0 0 0 0 0 0 0 0 0 0 0 0 0 5.7875197649609795 0
2459265.97 0 0 0 0 0 0 0 0 0 0 0 0 0 0 5.788253362720809 0
2459266.02 0 0 0 0 0 0 0 0 0 0 0 0 0 0 5.7889869604806385 0
2459266.06 0 0 0 0 0 0 0 0 0 0 0 0 0 0 5.789720558240468 0
2459266.10 0 0 0 0 0 0 0 0 0 0 0 0 0 0 5.790454156000298 0
2459266.14 0 0 0 0 0 0 0 0 0 0 0 0 0 0 5.791187753760126 0
2459266.18 0 0 0 0 0 0 0 0 0 0 0 0 0 0 5.791921351519957 0
2459266.22 0 0 0 0 0 0 0 0 0 0 0 0 0 0 5.792654949279785 0
2459266.27 0 0 0 0 0 0 0 0 0 0 0 0 0 0 5.7933885470396165 0
2459266.31 0 0 0 0 0 0 0 0 0 0 0 0 0 0 5.794122144799444 0
2459266.35 0 0 0 0 0 0 0 0 0 0 0 0 0 0 5.794855742559274 0
2459266.39 0 0 0 0 0 0 0 0 0 0 0 0 0 0 5.795589340319103 0
2459266.43 0 0 0 0 0 0 0 0 0 0 0 0 0 0 5.796322938078934 0
2459266.47 0 0 0 0 0 0 0 0 0 0 0 0 0 0 5.797056535838763 0
2459266.52 0 0 0 0 0 0 0 0 0 0 0 0 0 0 5.797790133598593 0
2459266.56 0 0 0 0 0 0 0 0 0 0 0 0 0 0 5.798523731358422 0
2459266.60 0 0 0 0 0 0 0 0 0 0 0 0 0 0 5.799257329118252 0
2459266.64 0 0 0 0 0 0 0 0 0 0 0 0 0 0 5.799990926878081 0
2459266.68 0 0 0 0 0 0 0 0 0 0 0 0 0 0 5.80072452463791 0
2459266.72 0 0 0 0 0 0 0 0 0 0 0 0 0 0 5.801458122397739 0
2459266.77 0 0 0 0 0 0 0 0 0 0 0 0 0 0 5.80219172015757 0
2459266.81 0 0 0 0 0 0 0 0 0 0 0 0 0 0 5.802925317917398 0
2459266.85 0 0 0 0 0 0 0 0 0 0 0 0 0 0 5.803658915677228 0
2459266.89 0 0 0 0 0 0 0 0 0 0 0 0 0 0 5.804392513437057 0
2459266.93 0 0 0 0 0 0 0 0 0 0 0 0 0 0 5.805126111196887 0
2459266.97 0 0 0 0 0 0 0 0 0 0 0 0 0 0 5.805859708956716 0
2459267.02 0 0 0 0 0 0 0 0 0 0 0 0 0 0 5.806593306716545 0
2459267.06 0 0 0 0 0 0 0 0 0 0 0 0 0 0 5.807326904476375 0
2459267.10 0 0 0 0 0 0 0 0 0 0 0 0 0 0 5.808060502236204 0
2459267.14 0 0 0 0 0 0 0 0 0 0 0 0 0 0 5.808794099996035 0
2459267.18 0 0 0 0 0 0 0 0 0 0 0 0 0 0 5.809527697755863 0
2459267.22 0 0 0 0 0 0 0 0 0 0 0 0 0 0 5.8102612955156925 0
2459267.27 0 0 0 0 0 0 0 0 0 0 0 0 0 0 5.810994893275522 0
2459267.31 0 0 0 0 0 0 0 0 0 0 0 0 0 0 5.811728491035352 0
2459267.35 0 0 0 0 0 0 0 0 0 0 0 0 0 0 5.812462088795182 0
2459267.39 0 0 0 0 0 0 0 0 0 0 0 0 0 0 5.813195686555011 0
2459267.43 0 0 0 0 0 0 0 0 0 0 0 0 0 0 5.813929284314841 0
2459267.48 0 0 0 0 0 0 0 0 0 0 0 0 0 0 5.81466288207467 0
2459267.52 0 0 0 0 0 0 0 0 0 0 0 0 0 0 5.815396479834499 0
2459267.56 0 0 0 0 0 0 0 0 0 0 0 0 0 0 5.816130077594329 0
2459267.60 0 0 0 0 0 0 0 0 0 0 0 0 0 0 5.816863675354158 0
2459267.64 0 0 0 0 0 0 0 0 0 0 0 0 0 0 5.817597273113988 0
2459267.68 0 0 0 0 0 0 0 0 0 0 0 0 0 0 5.818330870873817 0
2459267.73 0 0 0 0 0 0 0 0 0 0 0 0 0 0 5.819064468633647 0
2459267.77 0 0 0 0 0 0 0 0 0 0 0 0 0 0 5.819798066393476 0
2459267.81 0 0 0 0 0 0 0 0 0 0 0 0 0 0 5.820531664153306 0
2459267.85 0 0 0 0 0 0 0 0 0 0 0 0 0 0 5.821265261913135 0
2459267.89 0 0 0 0 0 0 0 0 0 0 0 0 0 0 5.821998859672964 0
2459267.93 0 0 0 0 0 0 0 0 0 0 0 0 0 0 5.822732457432794 0
2459267.98 0 0 0 0 0 0 0 0 0 0 0 0 0 0 5.8234660551926245 0
2459268.02 0 0 0 0 0 0 0 0 0 0 0 0 0 0 5.824199652952452 0
2459268.06 0 0 0 0 0 0 0 0 0 0 0 0 0 0 5.824933250712282 0
2459268.10 0 0 0 0 0 0 0 0 0 0 0 0 0 0 5.825666848472111 0
2459268.14 0 0 0 0 0 0 0 0 0 0 0 0 0 0 5.8264004462319425 0
2459268.18 0 0 0 0 0 0 0 0 0 0 0 0 0 0 5.827134043991771 0
2459268.23 0 0 0 0 0 0 0 0 0 0 0 0 0 0 5.827867641751601 0
2459268.27 0 0 0 0 0 0 0 0 0 0 0 0 0 0 5.82860123951143 0
2459268.31 0 0 0 0 0 0 0 0 0 0 0 0 0 0 5.829334837271258 0
2459268.35 0 0 0 0 0 0 0 0 0 0 0 0 0 0 5.830068435031089 0
2459268.39 0 0 0 0 0 0 0 0 0 0 0 0 0 0 5.830802032790918 0
2459268.43 0 0 0 0 0 0 0 0 0 0 0 0 0 0 5.831535630550748 0
2459268.48 0 0 0 0 0 0 0 0 0 0 0 0 0 0 5.832269228310577 0
2459268.52 0 0 0 0 0 0 0 0 0 0 0 0 0 0 5.833002826070406 0
2459268.56 0 0 0 0 0 0 0 0 0 0 0 0 0 0 5.833736423830236 0
2459268.60 0 0 0 0 0 0 0 0 0 0 0 0 0 0 5.834470021590065 0
2459268.64 0 0 0 0 0 0 0 0 0 0 0 0 0 0 5.835203619349895 0
2459268.68 0 0 0 0 0 0 0 0 0 0 0 0 0 0 5.835937217109724 0
2459268.73 0 0 0 0 0 0 0 0 0 0 0 0 0 0 5.836670814869554 0
2459268.77 0 0 0 0 0 0 0 0 0 0 0 0 0 0 5.837404412629383 0
2459268.81 0 0 0 0 0 0 0 0 0 0 0 0 0 0 5.838138010389212 0
2459268.85 0 0 0 0 0 0 0 0 0 0 0 0 0 0 5.838871608149043 0
2459268.89 0 0 0 0 0 0 0 0 0 0 0 0 0 0 5.839605205908871 0
2459268.93 0 0 0 0 0 0 0 0 0 0 0 0 0 0 5.840338803668702 0
2459268.98 0 0 0 0 0 0 0 0 0 0 0 0 0 0 5.84107240142853 0
2459269.02 0 0 0 0 0 0 0 0 0 0 0 0 0 0 5.84180599918836 0
2459269.06 0 0 0 0 0 0 0 0 0 0 0 0 0 0 5.84253959694819 0
2459269.10 0 0 0 0 0 0 0 0 0 0 0 0 0 0 5.843273194708019 0
2459269.14 0 0 0 0 0 0 0 0 0 0 0 0 0 0 5.844006792467849 0
2459269.18 0 0 0 0 0 0 0 0 0 0 0 0 0 0 5.844740390227678 0
2459269.23 0 0 0 0 0 0 0 0 0 0 0 0 0 0 5.845473987987508 0
2459269.27 0 0 0 0 0 0 0 0 0 0 0 0 0 0 5.846207585747337 0
2459269.31 0 0 0 0 0 0 0 0 0 0 0 0 0 0 5.846941183507167 0
2459269.35 0 0 0 0 0 0 0 0 0 0 0 0 0 0 5.8476747812669965 0
2459269.39 0 0 0 0 0 0 0 0 0 0 0 0 0 0 5.848408379026825 0
2459269.43 0 0 0 0 0 0 0 0 0 0 0 0 0 0 5.849141976786655 0
2459269.48 0 0 0 0 0 0 0 0 0 0 0 0 0 0 5.849875574546484 0
2459269.52 0 0 0 0 0 0 0 0 0 0 0 0 0 0 5.850609172306314 0
2459269.56 0 0 0 0 0 0 0 0 0 0 0 0 0 0 5.851342770066143 0
2459269.60 0 0 0 0 0 0 0 0 0 0 0 0 0 0 5.852076367825973 0
2459269.64 0 0 0 0 0 0 0 0 0 0 0 0 0 0 5.852809965585802 0
2459269.69 0 0 0 0 0 0 0 0 0 0 0 0 0 0 5.853543563345631 0
2459269.73 0 0 0 0 0 0 0 0 0 0 0 0 0 0 5.854277161105462 0
2459269.77 0 0 0 0 0 0 0 0 0 0 0 0 0 0 5.85501075886529 0
2459269.81 0 0 0 0 0 0 0 0 0 0 0 0 0 0 5.855744356625121 0
2459269.85 0 0 0 0 0 0 0 0 0 0 0 0 0 0 5.856477954384949 0
2459269.89 0 0 0 0 0 0 0 0 0 0 0 0 0 0 5.857211552144779 0
2459269.94 0 0 0 0 0 0 0 0 0 0 0 0 0 0 5.857945149904609 0
2459269.98 0 0 0 0 0 0 0 0 0 0 0 0 0 0 5.858678747664438 0
2459270.02 0 0 0 0 0 0 0 0 0 0 0 0 0 0 5.859412345424268 0
2459270.06 0 0 0 0 0 0 0 0 0 0 0 0 0 0 5.860145943184097 0
2459270.10 0 0 0 0 0 0 0 0 0 0 0 0 0 0 5.860879540943927 0
2459270.14 0 0 0 0 0 0 0 0 0 0 0 0 0 0 5.861613138703756 0
2459270.19 0 0 0 0 0 0 0 0 0 0 0 0 0 0 5.862346736463585 0
2459270.23 0 0 0 0 0 0 0 0 0 0 0 0 0 0 5.863080334223415 0
2459270.27 0 0 0 0 0 0 0 0 0 0 0 0 0 0 5.863813931983244 0
2459270.31 0 0 0 0 0 0 0 0 0 0 0 0 0 0 5.864547529743073 0
2459270.35 0 0 0 0 0 0 0 0 0 0 0 0 0 0 5.865281127502903 0
2459270.39 0 0 0 0 0 0 0 0 0 0 0 0 0 0 5.866014725262732 0
2459270.44 0 0 0 0 0 0 0 0 0 0 0 0 0 0 5.866748323022562 0
2459270.48 0 0 0 0 0 0 0 0 0 0 0 0 0 0 5.8674819207823905 0
2459270.52 0 0 0 0 0 0 0 0 0 0 0 0 0 0 5.868215518542221 0
2459270.56 0 0 0 0 0 0 0 0 0 0 0 0 0 0 5.868949116302051 0
2459270.60 0 0 0 0 0 0 0 0 0 0 0 0 0 0 5.869682714061881 0
2459270.64 0 0 0 0 0 0 0 0 0 0 0 0 0 0 5.8704163118217085 0
2459270.69 0 0 0 0 0 0 0 0 0 0 0 0 0 0 5.871149909581538 0
2459270.73 0 0 0 0 0 0 0 0 0 0 0 0 0 0 5.8718835073413675 0
2459270.77 0 0 0 0 0 0 0 0 0 0 0 0 0 0 5.872617105101198 0
2459270.81 0 0 0 0 0 0 0 0 0 0 0 0 0 0 5.8733507028610275 0
2459270.85 0 0 0 0 0 0 0 0 0 0 0 0 0 0 5.874084300620857 0
2459270.89 0 0 0 0 0 0 0 0 0 0 0 0 0 0 5.8748178983806865 0
2459270.94 0 0 0 0 0 0 0 0 0 0 0 0 0 0 5.875551496140516 0
2459270.98 0 0 0 0 0 0 0 0 0 0 0 0 0 0 5.876285093900345 0
2459271.02 0 0 0 0 0 0 0 0 0 0 0 0 0 0 5.877018691660175 0
2459271.06 0 0 0 0 0 0 0 0 0 0 0 0 0 0 5.877752289420004 0
2459271.10 0 0 0 0 0 0 0 0 0 0 0 0 0 0 5.878485887179834 0
2459271.14 0 0 0 0 0 0 0 0 0 0 0 0 0 0 5.879219484939663 0
2459271.19 0 0 0 0 0 0 0 0 0 0 0 0 0 0 5.879953082699492 0
2459271.23 0 0 0 0 0 0 0 0 0 0 0 0 0 0 5.880686680459322 0
2459271.27 0 0 0 0 0 0 0 0 0 0 0 0 0 0 5.881420278219151 0
2459271.31 0 0 0 0 0 0 0 0 0 0 0 0 0 0 5.882153875978981 0
2459271.35 0 0 0 0 0 0 0 0 0 0 0 0 0 0 5.88288747373881 0
2459271.39 0 0 0 0 0 0 0 0 0 0 0 0 0 0 5.88362107149864 0
2459271.44 0 0 0 0 0 0 0 0 0 0 0 0 0 0 5.88435466925847 0
2459271.48 0 0 0 0 0 0 0 0 0 0 0 0 0 0 5.8850882670183 0
2459271.52 0 0 0 0 0 0 0 0 0 0 0 0 0 0 5.885821864778127 0
2459271.56 0 0 0 0 0 0 0 0 0 0 0 0 0 0 5.886555462537957 0
2459271.60 0 0 0 0 0 0 0 0 0 0 0 0 0 0 5.887289060297788 0
2459271.65 0 0 0 0 0 0 0 0 0 0 0 0 0 0 5.888022658057617 0
2459271.69 0 0 0 0 0 0 0 0 0 0 0 0 0 0 5.888756255817446 0
2459271.73 0 0 0 0 0 0 0 0 0 0 0 0 0 0 5.889489853577276 0
2459271.77 0 0 0 0 0 0 0 0 0 0 0 0 0 0 5.890223451337105 0
2459271.81 0 0 0 0 0 0 0 0 0 0 0 0 0 0 5.890957049096935 0
2459271.85 0 0 0 0 0 0 0 0 0 0 0 0 0 0 5.891690646856763 0
2459271.90 0 0 0 0 0 0 0 0 0 0 0 0 0 0 5.892424244616594 0
2459271.94 0 0 0 0 0 0 0 0 0 0 0 0 0 0 5.893157842376422 0
2459271.98 0 0 0 0 0 0 0 0 0 0 0 0 0 0 5.893891440136253 0
2459272.02 0 0 0 0 0 0 0 0 0 0 0 0 0 0 5.894625037896081 0
2459272.06 0 0 0 0 0 0 0 0 0 0 0 0 0 0 5.895358635655911 0
2459272.10 0 0 0 0 0 0 0 0 0 0 0 0 0 0 5.89609223341574 0
2459272.15 0 0 0 0 0 0 0 0 0 0 0 0 0 0 5.89682583117557 0
2459272.19 0 0 0 0 0 0 0 0 0 0 0 0 0 0 5.897559428935399 0
2459272.23 0 0 0 0 0 0 0 0 0 0 0 0 0 0 5.898293026695229 0
2459272.27 0 0 0 0 0 0 0 0 0 0 0 0 0 0 5.899026624455059 0
2459272.31 0 0 0 0 0 0 0 0 0 0 0 0 0 0 5.899760222214889 0
2459272.35 0 0 0 0 0 0 0 0 0 0 0 0 0 0 5.900493819974717 0
2459272.40 0 0 0 0 0 0 0 0 0 0 0 0 0 0 5.901227417734548 0
2459272.44 0 0 0 0 0 0 0 0 0 0 0 0 0 0 5.901961015494376 0
2459272.48 0 0 0 0 0 0 0 0 0 0 0 0 0 0 5.902694613254207 0
2459272.52 0 0 0 0 0 0 0 0 0 0 0 0 0 0 5.9034282110140355 0
2459272.56 0 0 0 0 0 0 0 0 0 0 0 0 0 0 5.904161808773865 0
2459272.60 0 0 0 0 0 0 0 0 0 0 0 0 0 0 5.9048954065336945 0
2459272.65 0 0 0 0 0 0 0 0 0 0 0 0 0 0 5.905629004293524 0
2459272.69 0 0 0 0 0 0 0 0 0 0 0 0 0 0 5.9063626020533535 0
2459272.73 0 0 0 0 0 0 0 0 0 0 0 0 0 0 5.907096199813182 0
2459272.77 0 0 0 0 0 0 0 0 0 0 0 0 0 0 5.9078297975730125 0
2459272.81 0 0 0 0 0 0 0 0 0 0 0 0 0 0 5.908563395332842 0
2459272.85 0 0 0 0 0 0 0 0 0 0 0 0 0 0 5.909296993092671 0
2459272.90 0 0 0 0 0 0 0 0 0 0 0 0 0 0 5.9100305908525 0
2459272.94 0 0 0 0 0 0 0 0 0 0 0 0 0 0 5.91076418861233 0
2459272.98 0 0 0 0 0 0 0 0 0 0 0 0 0 0 5.911497786372159 0
2459273.02 0 0 0 0 0 0 0 0 0 0 0 0 0 0 5.912231384131989 0
2459273.06 0 0 0 0 0 0 0 0 0 0 0 0 0 0 5.912964981891818 0
2459273.10 0 0 0 0 0 0 0 0 0 0 0 0 0 0 5.913698579651648 0
2459273.15 0 0 0 0 0 0 0 0 0 0 0 0 0 0 5.914432177411476 0
2459273.19 0 0 0 0 0 0 0 0 0 0 0 0 0 0 5.915165775171308 0
2459273.23 0 0 0 0 0 0 0 0 0 0 0 0 0 0 5.915899372931135 0
2459273.27 0 0 0 0 0 0 0 0 0 0 0 0 0 0 5.916632970690967 0
2459273.31 0 0 0 0 0 0 0 0 0 0 0 0 0 0 5.917366568450794 0
2459273.35 0 0 0 0 0 0 0 0 0 0 0 0 0 0 5.918100166210625 0
2459273.40 0 0 0 0 0 0 0 0 0 0 0 0 0 0 5.918833763970454 0
2459273.44 0 0 0 0 0 0 0 0 0 0 0 0 0 0 5.919567361730284 0
2459273.48 0 0 0 0 0 0 0 0 0 0 0 0 0 0 5.920300959490113 0
2459273.52 0 0 0 0 0 0 0 0 0 0 0 0 0 0 5.921034557249943 0
2459273.56 0 0 0 0 0 0 0 0 0 0 0 0 0 0 5.921768155009772 0
2459273.60 0 0 0 0 0 0 0 0 0 0 0 0 0 0 5.922501752769602 0
2459273.65 0 0 0 0 0 0 0 0 0 0 0 0 0 0 5.92323535052943 0
2459273.69 0 0 0 0 0 0 0 0 0 0 0 0 0 0 5.923968948289261 0
2459273.73 0 0 0 0 0 0 0 0 0 0 0 0 0 0 5.924702546049089 0
2459273.77 0 0 0 0 0 0 0 0 0 0 0 0 0 0 5.92543614380892 0
2459273.81 0 0 0 0 0 0 0 0 0 0 0 0 0 0 5.926169741568748 0
2459273.86 0 0 0 0 0 0 0 0 0 0 0 0 0 0 5.926903339328578 0
2459273.90 0 0 0 0 0 0 0 0 0 0 0 0 0 0 5.927636937088407 0
2459273.94 0 0 0 0 0 0 0 0 0 0 0 0 0 0 5.928370534848237 0
2459273.98 0 0 0 0 0 0 0 0 0 0 0 0 0 0 5.9291041326080665 0
2459274.02 0 0 0 0 0 0 0 0 0 0 0 0 0 0 5.929837730367897 0
2459274.06 0 0 0 0 0 0 0 0 0 0 0 0 0 0 5.930571328127726 0
2459274.11 0 0 0 0 0 0 0 0 0 0 0 0 0 0 5.931304925887554 0
2459274.15 0 0 0 0 0 0 0 0 0 0 0 0 0 0 5.932038523647385 0
2459274.19 0 0 0 0 0 0 0 0 0 0 0 0 0 0 5.932772121407213 0
2459274.23 0 0 0 0 0 0 0 0 0 0 0 0 0 0 5.9335057191670435 0
2459274.27 0 0 0 0 0 0 0 0 0 0 0 0 0 0 5.934239316926873 0
2459274.31 0 0 0 0 0 0 0 0 0 0 0 0 0 0 5.9349729146867025 0
2459274.36 0 0 0 0 0 0 0 0 0 0 0 0 0 0 5.935706512446532 0
2459274.40 0 0 0 0 0 0 0 0 0 0 0 0 0 0 5.9364401102063615 0
2459274.44 0 0 0 0 0 0 0 0 0 0 0 0 0 0 5.937173707966191 0
2459274.48 0 0 0 0 0 0 0 0 0 0 0 0 0 0 5.9379073057260205 0
2459274.50 0 0 0 0 0 0 0 0 0 0 0 0 0 0 5.938246837252566 0
2459274.54 0 0 0 0 0 0 0 0 0 0 0 0 0 0 5.938980435012396 0
2459274.58 0 0 0 0 0 0 0 0 0 0 0 0 0 0 5.939714032772225 0
2459274.63 0 0 0 0 0 0 0 0 0 0 0 0 0 0 5.940447630532055 0
2459274.67 0 0 0 0 0 0 0 0 0 0 0 0 0 0 5.941181228291883 0
2459274.71 0 0 0 0 0 0 0 0 0 0 0 0 0 0 5.941914826051714 0
2459274.75 0 0 0 0 0 0 0 0 0 0 0 0 0 0 5.9426484238115425 0
2459274.79 0 0 0 0 0 0 0 0 0 0 0 0 0 0 5.943382021571373 0
2459274.83 0 0 0 0 0 0 0 0 0 0 0 0 0 0 5.9441156193312015 0
2459274.88 0 0 0 0 0 0 0 0 0 0 0 0 0 0 5.944849217091031 0
2459274.92 0 0 0 0 0 0 0 0 0 0 0 0 0 0 5.9455828148508605 0
2459274.96 0 0 0 0 0 0 0 0 0 0 0 0 0 0 5.94631641261069 0
2459275.00 0 0 0 0 0 0 0 0 0 0 0 0 0 0 5.9470500103705195 0
2459275.04 0 0 0 0 0 0 0 0 0 0 0 0 0 0 5.94778360813035 0
2459275.08 0 0 0 0 0 0 0 0 0 0 0 0 0 0 5.948517205890179 0
2459275.13 0 0 0 0 0 0 0 0 0 0 0 0 0 0 5.949250803650009 0
2459275.17 0 0 0 0 0 0 0 0 0 0 0 0 0 0 5.949984401409837 0
2459275.21 0 0 0 0 0 0 0 0 0 0 0 0 0 0 5.950717999169668 0
2459275.25 0 0 0 0 0 0 0 0 0 0 0 0 0 0 5.9514515969294965 0
2459275.29 0 0 0 0 0 0 0 0 0 0 0 0 0 0 5.952185194689327 0
2459275.33 0 0 0 0 0 0 0 0 0 0 0 0 0 0 5.952918792449156 0
2459275.38 0 0 0 0 0 0 0 0 0 0 0 0 0 0 5.953652390208985 0
2459275.42 0 0 0 0 0 0 0 0 0 0 0 0 0 0 5.954385987968815 0
2459275.46 0 0 0 0 0 0 0 0 0 0 0 0 0 0 5.955119585728644 0
2459275.50 0 0 0 0 0 0 0 0 0 0 0 0 0 0 5.955853183488474 0
2459275.54 0 0 0 0 0 0 0 0 0 0 0 0 0 0 5.956586781248303 0
2459275.58 0 0 0 0 0 0 0 0 0 0 0 0 0 0 5.957320379008133 0
2459275.63 0 0 0 0 0 0 0 0 0 0 0 0 0 0 5.958053976767961 0
2459275.67 0 0 0 0 0 0 0 0 0 0 0 0 0 0 5.958787574527791 0
2459275.71 0 0 0 0 0 0 0 0 0 0 0 0 0 0 5.959521172287622 0
2459275.75 0 0 0 0 0 0 0 0 0 0 0 0 0 0 5.96025477004745 0
2459275.79 0 0 0 0 0 0 0 0 0 0 0 0 0 0 5.960988367807279 0
2459275.83 0 0 0 0 0 0 0 0 0 0 0 0 0 0 5.961721965567109 0
2459275.88 0 0 0 0 0 0 0 0 0 0 0 0 0 0 5.962455563326939 0
2459275.92 0 0 0 0 0 0 0 0 0 0 0 0 0 0 5.963189161086769 0
2459275.96 0 0 0 0 0 0 0 0 0 0 0 0 0 0 5.963922758846598 0
2459276.00 0 0 0 0 0 0 0 0 0 0 0 0 0 0 5.964656356606428 0
2459276.04 0 0 0 0 0 0 0 0 0 0 0 0 0 0 5.965389954366255 0
2459276.08 0 0 0 0 0 0 0 0 0 0 0 0 0 0 5.966123552126087 0
2459276.13 0 0 0 0 0 0 0 0 0 0 0 0 0 0 5.966857149885915 0
2459276.17 0 0 0 0 0 0 0 0 0 0 0 0 0 0 5.967590747645745 0
2459276.21 0 0 0 0 0 0 0 0 0 0 0 0 0 0 5.968324345405574 0
2459276.25 0 0 0 0 0 0 0 0 0 0 0 0 0 0 5.969057943165404 0
2459276.29 0 0 0 0 0 0 0 0 0 0 0 0 0 0 5.969791540925233 0
2459276.33 0 0 0 0 0 0 0 0 0 0 0 0 0 0 5.970525138685063 0
2459276.38 0 0 0 0 0 0 0 0 0 0 0 0 0 0 5.971258736444892 0
2459276.42 0 0 0 0 0 0 0 0 0 0 0 0 0 0 5.971992334204722 0
2459276.46 0 0 0 0 0 0 0 0 0 0 0 0 0 0 5.972725931964551 0
2459276.50 0 0 0 0 0 0 0 0 0 0 0 0 0 0 5.973459529724381 0
2459276.54 0 0 0 0 0 0 0 0 0 0 0 0 0 0 5.9741931274842095 0
2459276.58 0 0 0 0 0 0 0 0 0 0 0 0 0 0 5.974926725244041 0
2459276.63 0 0 0 0 0 0 0 0 0 0 0 0 0 0 5.9756603230038685 0
2459276.67 0 0 0 0 0 0 0 0 0 0 0 0 0 0 5.9763939207637 0
2459276.71 0 0 0 0 0 0 0 0 0 0 0 0 0 0 5.9771275185235275 0
2459276.75 0 0 0 0 0 0 0 0 0 0 0 0 0 0 5.977861116283358 0
2459276.79 0 0 0 0 0 0 0 0 0 0 0 0 0 0 5.978594714043187 0
2459276.84 0 0 0 0 0 0 0 0 0 0 0 0 0 0 5.979328311803015 0
2459276.88 0 0 0 0 0 0 0 0 0 0 0 0 0 0 5.9800619095628464 0
2459276.92 0 0 0 0 0 0 0 0 0 0 0 0 0 0 5.980795507322676 0
2459276.96 0 0 0 0 0 0 0 0 0 0 0 0 0 0 5.9815291050825055 0
2459277.00 0 0 0 0 0 0 0 0 0 0 0 0 0 0 5.982262702842334 0
2459277.04 0 0 0 0 0 0 0 0 0 0 0 0 0 0 5.982996300602164 0
2459277.09 0 0 0 0 0 0 0 0 0 0 0 0 0 0 5.983729898361993 0
2459277.13 0 0 0 0 0 0 0 0 0 0 0 0 0 0 5.984463496121823 0
2459277.17 0 0 0 0 0 0 0 0 0 0 0 0 0 0 5.985197093881652 0
2459277.21 0 0 0 0 0 0 0 0 0 0 0 0 0 0 5.985930691641482 0
2459277.25 0 0 0 0 0 0 0 0 0 0 0 0 0 0 5.986664289401311 0
2459277.29 0 0 0 0 0 0 0 0 0 0 0 0 0 0 5.987397887161141 0
2459277.34 0 0 0 0 0 0 0 0 0 0 0 0 0 0 5.988131484920969 0
2459277.38 0 0 0 0 0 0 0 0 0 0 0 0 0 0 5.9888650826808 0
2459277.42 0 0 0 0 0 0 0 0 0 0 0 0 0 0 5.989598680440628 0
2459277.46 0 0 0 0 0 0 0 0 0 0 0 0 0 0 5.9903322782004595 0
2459277.50 0 0 0 0 0 0 0 0 0 0 0 0 0 0 5.991065875960287 0
2459277.54 0 0 0 0 0 0 0 0 0 0 0 0 0 0 5.991799473720117 0
2459277.59 0 0 0 0 0 0 0 0 0 0 0 0 0 0 5.992533071479946 0
2459277.63 0 0 0 0 0 0 0 0 0 0 0 0 0 0 5.993266669239777 0
2459277.67 0 0 0 0 0 0 0 0 0 0 0 0 0 0 5.994000266999606 0
2459277.71 0 0 0 0 0 0 0 0 0 0 0 0 0 0 5.994733864759436 0
2459277.75 0 0 0 0 0 0 0 0 0 0 0 0 0 0 5.995467462519265 0
2459277.79 0 0 0 0 0 0 0 0 0 0 0 0 0 0 5.996201060279095 0
2459277.84 0 0 0 0 0 0 0 0 0 0 0 0 0 0 5.996934658038923 0
2459277.88 0 0 0 0 0 0 0 0 0 0 0 0 0 0 5.997668255798754 0
2459277.92 0 0 0 0 0 0 0 0 0 0 0 0 0 0 5.998401853558582 0
2459277.96 0 0 0 0 0 0 0 0 0 0 0 0 0 0 5.999135451318413 0
2459278.00 0 0 0 0 0 0 0 0 0 0 0 0 0 0 5.999869049078241 0
2459278.04 0 0 0 0 0 0 0 0 0 0 0 0 0 0 6.000602646838071 0
2459278.09 0 0 0 0 0 0 0 0 0 0 0 0 0 0 6.0013362445979 0
2459278.13 0 0 0 0 0 0 0 0 0 0 0 0 0 0 6.00206984235773 0
2459278.17 0 0 0 0 0 0 0 0 0 0 0 0 0 0 6.002803440117559 0
2459278.21 0 0 0 0 0 0 0 0 0 0 0 0 0 0 6.003537037877388 0
2459278.25 0 0 0 0 0 0 0 0 0 0 0 0 0 0 6.004270635637218 0
2459278.29 0 0 0 0 0 0 0 0 0 0 0 0 0 0 6.005004233397049 0
2459278.34 0 0 0 0 0 0 0 0 0 0 0 0 0 0 6.0057378311568765 0
2459278.38 0 0 0 0 0 0 0 0 0 0 0 0 0 0 6.006471428916706 0
2459278.42 0 0 0 0 0 0 0 0 0 0 0 0 0 0 6.0072050266765356 0
2459278.46 0 0 0 0 0 0 0 0 0 0 0 0 0 0 6.007938624436365 0
2459278.50 0 0 0 0 0 0 0 0 0 0 0 0 0 0 6.0086722221961955 0
2459278.54 0 0 0 0 0 0 0 0 0 0 0 0 0 0 6.009405819956025 0
2459278.59 0 0 0 0 0 0 0 0 0 0 0 0 0 0 6.0101394177158545 0
2459278.63 0 0 0 0 0 0 0 0 0 0 0 0 0 0 6.010873015475684 0
2459278.67 0 0 0 0 0 0 0 0 0 0 0 0 0 0 6.0116066132355135 0
2459278.71 0 0 0 0 0 0 0 0 0 0 0 0 0 0 6.012340210995342 0
2459278.75 0 0 0 0 0 0 0 0 0 0 0 0 0 0 6.0130738087551725 0
2459278.80 0 0 0 0 0 0 0 0 0 0 0 0 0 0 6.013807406515001 0
2459278.84 0 0 0 0 0 0 0 0 0 0 0 0 0 0 6.0145410042748315 0
2459278.88 0 0 0 0 0 0 0 0 0 0 0 0 0 0 6.01527460203466 0
2459278.92 0 0 0 0 0 0 0 0 0 0 0 0 0 0 6.01600819979449 0
2459278.96 0 0 0 0 0 0 0 0 0 0 0 0 0 0 6.016741797554319 0
2459279.00 0 0 0 0 0 0 0 0 0 0 0 0 0 0 6.017475395314149 0
2459279.05 0 0 0 0 0 0 0 0 0 0 0 0 0 0 6.018208993073978 0
2459279.09 0 0 0 0 0 0 0 0 0 0 0 0 0 0 6.018942590833807 0
2459279.13 0 0 0 0 0 0 0 0 0 0 0 0 0 0 6.019676188593637 0
2459279.17 0 0 0 0 0 0 0 0 0 0 0 0 0 0 6.020409786353468 0
2459279.21 0 0 0 0 0 0 0 0 0 0 0 0 0 0 6.021143384113295 0
2459279.25 0 0 0 0 0 0 0 0 0 0 0 0 0 0 6.021876981873125 0
2459279.30 0 0 0 0 0 0 0 0 0 0 0 0 0 0 6.022610579632954 0
2459279.34 0 0 0 0 0 0 0 0 0 0 0 0 0 0 6.023344177392786 0
2459279.38 0 0 0 0 0 0 0 0 0 0 0 0 0 0 6.024077775152614 0
2459279.42 0 0 0 0 0 0 0 0 0 0 0 0 0 0 6.024811372912444 0
2459279.46 0 0 0 0 0 0 0 0 0 0 0 0 0 0 6.025544970672273 0
2459279.50 0 0 0 0 0 0 0 0 0 0 0 0 0 0 6.026278568432103 0
2459279.55 0 0 0 0 0 0 0 0 0 0 0 0 0 0 6.027012166191932 0
2459279.59 0 0 0 0 0 0 0 0 0 0 0 0 0 0 6.027745763951761 0
2459279.63 0 0 0 0 0 0 0 0 0 0 0 0 0 0 6.028479361711591 0
2459279.67 0 0 0 0 0 0 0 0 0 0 0 0 0 0 6.02921295947142 0
2459279.71 0 0 0 0 0 0 0 0 0 0 0 0 0 0 6.029946557231249 0
2459279.75 0 0 0 0 0 0 0 0 0 0 0 0 0 0 6.030680154991079 0
2459279.80 0 0 0 0 0 0 0 0 0 0 0 0 0 0 6.031413752750908 0
2459279.84 0 0 0 0 0 0 0 0 0 0 0 0 0 0 6.032147350510738 0
2459279.88 0 0 0 0 0 0 0 0 0 0 0 0 0 0 6.032880948270567 0
2459279.92 0 0 0 0 0 0 0 0 0 0 0 0 0 0 6.033614546030397 0
2459279.96 0 0 0 0 0 0 0 0 0 0 0 0 0 0 6.034348143790226 0
2459280.00 0 0 0 0 0 0 0 0 0 0 0 0 0 0 6.035081741550055 0
2459280.05 0 0 0 0 0 0 0 0 0 0 0 0 0 0 6.035815339309886 0
2459280.09 0 0 0 0 0 0 0 0 0 0 0 0 0 0 6.036548937069714 0
2459280.13 0 0 0 0 0 0 0 0 0 0 0 0 0 0 6.037282534829545 0
2459280.17 0 0 0 0 0 0 0 0 0 0 0 0 0 0 6.038016132589373 0
2459280.21 0 0 0 0 0 0 0 0 0 0 0 0 0 0 6.0387497303492035 0
2459280.25 0 0 0 0 0 0 0 0 0 0 0 0 0 0 6.039483328109033 0
2459280.30 0 0 0 0 0 0 0 0 0 0 0 0 0 0 6.0402169258688625 0
2459280.34 0 0 0 0 0 0 0 0 0 0 0 0 0 0 6.040950523628692 0
2459280.38 0 0 0 0 0 0 0 0 0 0 0 0 0 0 6.0416841213885215 0
2459280.42 0 0 0 0 0 0 0 0 0 0 0 0 0 0 6.042417719148351 0
2459280.46 0 0 0 0 0 0 0 0 0 0 0 0 0 0 6.04315131690818 0
2459280.50 0 0 0 0 0 0 0 0 0 0 0 0 0 0 6.043884914668009 0
2459280.55 0 0 0 0 0 0 0 0 0 0 0 0 0 0 6.0446185124278395 0
2459280.59 0 0 0 0 0 0 0 0 0 0 0 0 0 0 6.045352110187668 0
2459280.63 0 0 0 0 0 0 0 0 0 0 0 0 0 0 6.046085707947498 0
2459280.67 0 0 0 0 0 0 0 0 0 0 0 0 0 0 6.046819305707327 0
2459280.71 0 0 0 0 0 0 0 0 0 0 0 0 0 0 6.047552903467157 0
2459280.75 0 0 0 0 0 0 0 0 0 0 0 0 0 0 6.048286501226986 0
2459280.80 0 0 0 0 0 0 0 0 0 0 0 0 0 0 6.049020098986816 0
2459280.84 0 0 0 0 0 0 0 0 0 0 0 0 0 0 6.049753696746645 0
2459280.88 0 0 0 0 0 0 0 0 0 0 0 0 0 0 6.050487294506474 0
2459280.92 0 0 0 0 0 0 0 0 0 0 0 0 0 0 6.051220892266305 0
2459280.96 0 0 0 0 0 0 0 0 0 0 0 0 0 0 6.051954490026133 0
2459281.01 0 0 0 0 0 0 0 0 0 0 0 0 0 0 6.052688087785962 0
2459281.05 0 0 0 0 0 0 0 0 0 0 0 0 0 0 6.053421685545792 0
2459281.09 0 0 0 0 0 0 0 0 0 0 0 0 0 0 6.054155283305622 0
2459281.13 0 0 0 0 0 0 0 0 0 0 0 0 0 0 6.054888881065452 0
2459281.17 0 0 0 0 0 0 0 0 0 0 0 0 0 0 6.055622478825281 0
2459281.21 0 0 0 0 0 0 0 0 0 0 0 0 0 0 6.056356076585111 0
2459281.26 0 0 0 0 0 0 0 0 0 0 0 0 0 0 6.05708967434494 0
2459281.30 0 0 0 0 0 0 0 0 0 0 0 0 0 0 6.05782327210477 0
2459281.34 0 0 0 0 0 0 0 0 0 0 0 0 0 0 6.058556869864599 0
2459281.38 0 0 0 0 0 0 0 0 0 0 0 0 0 0 6.059290467624428 0
2459281.42 0 0 0 0 0 0 0 0 0 0 0 0 0 0 6.060024065384258 0
2459281.46 0 0 0 0 0 0 0 0 0 0 0 0 0 0 6.060757663144087 0
2459281.51 0 0 0 0 0 0 0 0 0 0 0 0 0 0 6.061491260903917 0
2459281.55 0 0 0 0 0 0 0 0 0 0 0 0 0 0 6.062224858663746 0
2459281.59 0 0 0 0 0 0 0 0 0 0 0 0 0 0 6.0629584564235754 0
2459281.63 0 0 0 0 0 0 0 0 0 0 0 0 0 0 6.063692054183405 0
2459281.67 0 0 0 0 0 0 0 0 0 0 0 0 0 0 6.064425651943234 0
2459281.71 0 0 0 0 0 0 0 0 0 0 0 0 0 0 6.065159249703064 0
2459281.76 0 0 0 0 0 0 0 0 0 0 0 0 0 0 6.065892847462894 0
2459281.80 0 0 0 0 0 0 0 0 0 0 0 0 0 0 6.066626445222724 0
2459281.84 0 0 0 0 0 0 0 0 0 0 0 0 0 0 6.067360042982552 0
2459281.88 0 0 0 0 0 0 0 0 0 0 0 0 0 0 6.068093640742381 0
2459281.92 0 0 0 0 0 0 0 0 0 0 0 0 0 0 6.068827238502212 0
2459281.96 0 0 0 0 0 0 0 0 0 0 0 0 0 0 6.069560836262041 0
2459282.01 0 0 0 0 0 0 0 0 0 0 0 0 0 0 6.0702944340218705 0
2459282.05 0 0 0 0 0 0 0 0 0 0 0 0 0 0 6.0710280317817 0
2459282.09 0 0 0 0 0 0 0 0 0 0 0 0 0 0 6.0717616295415295 0
2459282.13 0 0 0 0 0 0 0 0 0 0 0 0 0 0 6.072495227301359 0
2459282.17 0 0 0 0 0 0 0 0 0 0 0 0 0 0 6.073228825061188 0
2459282.21 0 0 0 0 0 0 0 0 0 0 0 0 0 0 6.073962422821018 0
2459282.26 0 0 0 0 0 0 0 0 0 0 0 0 0 0 6.074696020580847 0
2459282.30 0 0 0 0 0 0 0 0 0 0 0 0 0 0 6.075429618340677 0
2459282.34 0 0 0 0 0 0 0 0 0 0 0 0 0 0 6.076163216100506 0
2459282.38 0 0 0 0 0 0 0 0 0 0 0 0 0 0 6.076896813860335 0
2459282.42 0 0 0 0 0 0 0 0 0 0 0 0 0 0 6.077630411620165 0
2459282.46 0 0 0 0 0 0 0 0 0 0 0 0 0 0 6.078364009379994 0
2459282.51 0 0 0 0 0 0 0 0 0 0 0 0 0 0 6.079097607139824 0
2459282.55 0 0 0 0 0 0 0 0 0 0 0 0 0 0 6.079831204899653 0
2459282.59 0 0 0 0 0 0 0 0 0 0 0 0 0 0 6.080564802659483 0
2459282.63 0 0 0 0 0 0 0 0 0 0 0 0 0 0 6.081298400419313 0
2459282.67 0 0 0 0 0 0 0 0 0 0 0 0 0 0 6.082031998179141 0
2459282.71 0 0 0 0 0 0 0 0 0 0 0 0 0 0 6.082765595938972 0
2459282.76 0 0 0 0 0 0 0 0 0 0 0 0 0 0 6.0834991936988 0
2459282.80 0 0 0 0 0 0 0 0 0 0 0 0 0 0 6.084232791458631 0
2459282.84 0 0 0 0 0 0 0 0 0 0 0 0 0 0 6.08496638921846 0
2459282.88 0 0 0 0 0 0 0 0 0 0 0 0 0 0 6.085699986978289 0
2459282.92 0 0 0 0 0 0 0 0 0 0 0 0 0 0 6.086433584738119 0
2459282.97 0 0 0 0 0 0 0 0 0 0 0 0 0 0 6.087167182497948 0
2459283.01 0 0 0 0 0 0 0 0 0 0 0 0 0 0 6.087900780257778 0
2459283.05 0 0 0 0 0 0 0 0 0 0 0 0 0 0 6.088634378017606 0
2459283.09 0 0 0 0 0 0 0 0 0 0 0 0 0 0 6.089367975777437 0
2459283.13 0 0 0 0 0 0 0 0 0 0 0 0 0 0 6.090101573537266 0
2459283.17 0 0 0 0 0 0 0 0 0 0 0 0 0 0 6.090835171297095 0
2459283.22 0 0 0 0 0 0 0 0 0 0 0 0 0 0 6.0915687690569245 0
2459283.26 0 0 0 0 0 0 0 0 0 0 0 0 0 0 6.092302366816754 0
2459283.30 0 0 0 0 0 0 0 0 0 0 0 0 0 0 6.0930359645765835 0
2459283.34 0 0 0 0 0 0 0 0 0 0 0 0 0 0 6.093769562336413 0
2459283.38 0 0 0 0 0 0 0 0 0 0 0 0 0 0 6.0945031600962425 0
2459283.42 0 0 0 0 0 0 0 0 0 0 0 0 0 0 6.095236757856072 0
2459283.47 0 0 0 0 0 0 0 0 0 0 0 0 0 0 6.095970355615902 0
2459283.51 0 0 0 0 0 0 0 0 0 0 0 0 0 0 6.096703953375732 0
2459283.55 0 0 0 0 0 0 0 0 0 0 0 0 0 0 6.09743755113556 0
2459283.59 0 0 0 0 0 0 0 0 0 0 0 0 0 0 6.098171148895391 0
2459283.63 0 0 0 0 0 0 0 0 0 0 0 0 0 0 6.098904746655219 0
2459283.67 0 0 0 0 0 0 0 0 0 0 0 0 0 0 6.09963834441505 0
2459283.72 0 0 0 0 0 0 0 0 0 0 0 0 0 0 6.1003719421748785 0
2459283.76 0 0 0 0 0 0 0 0 0 0 0 0 0 0 6.101105539934708 0
2459283.80 0 0 0 0 0 0 0 0 0 0 0 0 0 0 6.101839137694538 0
2459283.84 0 0 0 0 0 0 0 0 0 0 0 0 0 0 6.102572735454367 0
2459283.88 0 0 0 0 0 0 0 0 0 0 0 0 0 0 6.103306333214197 0
2459283.92 0 0 0 0 0 0 0 0 0 0 0 0 0 0 6.104039930974026 0
2459283.97 0 0 0 0 0 0 0 0 0 0 0 0 0 0 6.104773528733856 0
2459284.01 0 0 0 0 0 0 0 0 0 0 0 0 0 0 6.105507126493685 0
2459284.05 0 0 0 0 0 0 0 0 0 0 0 0 0 0 6.106240724253514 0
2459284.09 0 0 0 0 0 0 0 0 0 0 0 0 0 0 6.106974322013343 0
2459284.13 0 0 0 0 0 0 0 0 0 0 0 0 0 0 6.107707919773173 0
2459284.17 0 0 0 0 0 0 0 0 0 0 0 0 0 0 6.108441517533004 0
2459284.22 0 0 0 0 0 0 0 0 0 0 0 0 0 0 6.109175115292832 0
2459284.26 0 0 0 0 0 0 0 0 0 0 0 0 0 0 6.109908713052661 0
2459284.30 0 0 0 0 0 0 0 0 0 0 0 0 0 0 6.110642310812491 0
2459284.34 0 0 0 0 0 0 0 0 0 0 0 0 0 0 6.111375908572321 0
2459284.38 0 0 0 0 0 0 0 0 0 0 0 0 0 0 6.112109506332151 0
2459284.42 0 0 0 0 0 0 0 0 0 0 0 0 0 0 6.112843104091978 0
2459284.47 0 0 0 0 0 0 0 0 0 0 0 0 0 0 6.11357670185181 0
2459284.51 0 0 0 0 0 0 0 0 0 0 0 0 0 0 6.114310299611637 0
2459284.55 0 0 0 0 0 0 0 0 0 0 0 0 0 0 6.115043897371468 0
2459284.59 0 0 0 0 0 0 0 0 0 0 0 0 0 0 6.115777495131297 0
2459284.63 0 0 0 0 0 0 0 0 0 0 0 0 0 0 6.116511092891127 0
2459284.67 0 0 0 0 0 0 0 0 0 0 0 0 0 0 6.117244690650956 0
2459284.72 0 0 0 0 0 0 0 0 0 0 0 0 0 0 6.117978288410786 0
2459284.76 0 0 0 0 0 0 0 0 0 0 0 0 0 0 6.118711886170615 0
2459284.80 0 0 0 0 0 0 0 0 0 0 0 0 0 0 6.119445483930445 0
2459284.84 0 0 0 0 0 0 0 0 0 0 0 0 0 0 6.1201790816902735 0
2459284.88 0 0 0 0 0 0 0 0 0 0 0 0 0 0 6.120912679450104 0
2459284.92 0 0 0 0 0 0 0 0 0 0 0 0 0 0 6.1216462772099325 0
2459284.97 0 0 0 0 0 0 0 0 0 0 0 0 0 0 6.122379874969763 0
2459285.01 0 0 0 0 0 0 0 0 0 0 0 0 0 0 6.1231134727295915 0
2459285.05 0 0 0 0 0 0 0 0 0 0 0 0 0 0 6.123847070489421 0
2459285.09 0 0 0 0 0 0 0 0 0 0 0 0 0 0 6.1245806682492505 0
2459285.13 0 0 0 0 0 0 0 0 0 0 0 0 0 0 6.12531426600908 0
2459285.18 0 0 0 0 0 0 0 0 0 0 0 0 0 0 6.1260478637689095 0
2459285.22 0 0 0 0 0 0 0 0 0 0 0 0 0 0 6.12678146152874 0
2459285.26 0 0 0 0 0 0 0 0 0 0 0 0 0 0 6.127515059288569 0
2459285.30 0 0 0 0 0 0 0 0 0 0 0 0 0 0 6.128248657048397 0
2459285.34 0 0 0 0 0 0 0 0 0 0 0 0 0 0 6.128982254808227 0
2459285.38 0 0 0 0 0 0 0 0 0 0 0 0 0 0 6.129715852568058 0
2459285.43 0 0 0 0 0 0 0 0 0 0 0 0 0 0 6.130449450327887 0
2459285.47 0 0 0 0 0 0 0 0 0 0 0 0 0 0 6.131183048087716 0
2459285.51 0 0 0 0 0 0 0 0 0 0 0 0 0 0 6.131916645847546 0
2459285.55 0 0 0 0 0 0 0 0 0 0 0 0 0 0 6.132650243607375 0
2459285.59 0 0 0 0 0 0 0 0 0 0 0 0 0 0 6.133383841367205 0
2459285.63 0 0 0 0 0 0 0 0 0 0 0 0 0 0 6.134117439127034 0
2459285.68 0 0 0 0 0 0 0 0 0 0 0 0 0 0 6.134851036886864 0
2459285.72 0 0 0 0 0 0 0 0 0 0 0 0 0 0 6.135584634646692 0
2459285.76 0 0 0 0 0 0 0 0 0 0 0 0 0 0 6.136318232406523 0
2459285.80 0 0 0 0 0 0 0 0 0 0 0 0 0 0 6.137051830166351 0
2459285.84 0 0 0 0 0 0 0 0 0 0 0 0 0 0 6.137785427926181 0
2459285.88 0 0 0 0 0 0 0 0 0 0 0 0 0 0 6.13851902568601 0
2459285.93 0 0 0 0 0 0 0 0 0 0 0 0 0 0 6.13925262344584 0
2459285.97 0 0 0 0 0 0 0 0 0 0 0 0 0 0 6.139986221205669 0
2459286.01 0 0 0 0 0 0 0 0 0 0 0 0 0 0 6.140719818965499 0
2459286.05 0 0 0 0 0 0 0 0 0 0 0 0 0 0 6.141453416725328 0
2459286.09 0 0 0 0 0 0 0 0 0 0 0 0 0 0 6.142187014485159 0
2459286.13 0 0 0 0 0 0 0 0 0 0 0 0 0 0 6.142920612244988 0
2459286.18 0 0 0 0 0 0 0 0 0 0 0 0 0 0 6.143654210004818 0
2459286.22 0 0 0 0 0 0 0 0 0 0 0 0 0 0 6.144387807764645 0
2459286.26 0 0 0 0 0 0 0 0 0 0 0 0 0 0 6.145121405524477 0
2459286.30 0 0 0 0 0 0 0 0 0 0 0 0 0 0 6.145855003284305 0
2459286.34 0 0 0 0 0 0 0 0 0 0 0 0 0 0 6.146588601044136 0
2459286.38 0 0 0 0 0 0 0 0 0 0 0 0 0 0 6.147322198803964 0
2459286.43 0 0 0 0 0 0 0 0 0 0 0 0 0 0 6.148055796563794 0
2459286.47 0 0 0 0 0 0 0 0 0 0 0 0 0 0 6.148789394323623 0
2459286.51 0 0 0 0 0 0 0 0 0 0 0 0 0 0 6.149522992083452 0
2459286.55 0 0 0 0 0 0 0 0 0 0 0 0 0 0 6.150256589843282 0
2459286.59 0 0 0 0 0 0 0 0 0 0 0 0 0 0 6.150990187603112 0
2459286.63 0 0 0 0 0 0 0 0 0 0 0 0 0 0 6.151723785362941 0
2459286.68 0 0 0 0 0 0 0 0 0 0 0 0 0 0 6.15245738312277 0
2459286.72 0 0 0 0 0 0 0 0 0 0 0 0 0 0 6.1531909808825995 0
2459286.76 0 0 0 0 0 0 0 0 0 0 0 0 0 0 6.153924578642431 0
2459286.80 0 0 0 0 0 0 0 0 0 0 0 0 0 0 6.1546581764022585 0
2459286.84 0 0 0 0 0 0 0 0 0 0 0 0 0 0 6.155391774162088 0
2459286.88 0 0 0 0 0 0 0 0 0 0 0 0 0 0 6.1561253719219176 0
2459286.93 0 0 0 0 0 0 0 0 0 0 0 0 0 0 6.156858969681748 0
2459286.97 0 0 0 0 0 0 0 0 0 0 0 0 0 0 6.1575925674415775 0
2459287.01 0 0 0 0 0 0 0 0 0 0 0 0 0 0 6.158326165201405 0
2459287.05 0 0 0 0 0 0 0 0 0 0 0 0 0 0 6.1590597629612365 0
2459287.09 0 0 0 0 0 0 0 0 0 0 0 0 0 0 6.159793360721064 0
2459287.14 0 0 0 0 0 0 0 0 0 0 0 0 0 0 6.1605269584808955 0
2459287.18 0 0 0 0 0 0 0 0 0 0 0 0 0 0 6.161260556240724 0
2459287.22 0 0 0 0 0 0 0 0 0 0 0 0 0 0 6.161994154000554 0
2459287.26 0 0 0 0 0 0 0 0 0 0 0 0 0 0 6.162727751760383 0
2459287.30 0 0 0 0 0 0 0 0 0 0 0 0 0 0 6.163461349520213 0
2459287.34 0 0 0 0 0 0 0 0 0 0 0 0 0 0 6.164194947280042 0
2459287.39 0 0 0 0 0 0 0 0 0 0 0 0 0 0 6.164928545039872 0
2459287.43 0 0 0 0 0 0 0 0 0 0 0 0 0 0 6.165662142799701 0
2459287.47 0 0 0 0 0 0 0 0 0 0 0 0 0 0 6.166395740559531 0
2459287.51 0 0 0 0 0 0 0 0 0 0 0 0 0 0 6.167129338319359 0
2459287.55 0 0 0 0 0 0 0 0 0 0 0 0 0 0 6.16786293607919 0
2459287.59 0 0 0 0 0 0 0 0 0 0 0 0 0 0 6.168596533839018 0
2459287.64 0 0 0 0 0 0 0 0 0 0 0 0 0 0 6.16933013159885 0
2459287.68 0 0 0 0 0 0 0 0 0 0 0 0 0 0 6.170063729358677 0
2459287.72 0 0 0 0 0 0 0 0 0 0 0 0 0 0 6.170797327118507 0
2459287.76 0 0 0 0 0 0 0 0 0 0 0 0 0 0 6.171530924878336 0
2459287.80 0 0 0 0 0 0 0 0 0 0 0 0 0 0 6.172264522638167 0
2459287.84 0 0 0 0 0 0 0 0 0 0 0 0 0 0 6.172998120397996 0
2459287.89 0 0 0 0 0 0 0 0 0 0 0 0 0 0 6.173731718157824 0
2459287.93 0 0 0 0 0 0 0 0 0 0 0 0 0 0 6.174465315917655 0
2459287.97 0 0 0 0 0 0 0 0 0 0 0 0 0 0 6.175198913677485 0
2459288.01 0 0 0 0 0 0 0 0 0 0 0 0 0 0 6.175932511437313 0
2459288.05 0 0 0 0 0 0 0 0 0 0 0 0 0 0 6.176666109197143 0
2459288.09 0 0 0 0 0 0 0 0 0 0 0 0 0 0 6.177399706956972 0
2459288.14 0 0 0 0 0 0 0 0 0 0 0 0 0 0 6.178133304716803 0
2459288.18 0 0 0 0 0 0 0 0 0 0 0 0 0 0 6.178866902476631 0
2459288.22 0 0 0 0 0 0 0 0 0 0 0 0 0 0 6.179600500236461 0
2459288.26 0 0 0 0 0 0 0 0 0 0 0 0 0 0 6.18033409799629 0
2459288.30 0 0 0 0 0 0 0 0 0 0 0 0 0 0 6.18106769575612 0
2459288.34 0 0 0 0 0 0 0 0 0 0 0 0 0 0 6.181801293515949 0
2459288.39 0 0 0 0 0 0 0 0 0 0 0 0 0 0 6.182534891275778 0
2459288.43 0 0 0 0 0 0 0 0 0 0 0 0 0 0 6.183268489035608 0
2459288.47 0 0 0 0 0 0 0 0 0 0 0 0 0 0 6.184002086795437 0
2459288.51 0 0 0 0 0 0 0 0 0 0 0 0 0 0 6.184735684555267 0
2459288.55 0 0 0 0 0 0 0 0 0 0 0 0 0 0 6.185469282315096 0
2459288.59 0 0 0 0 0 0 0 0 0 0 0 0 0 0 6.186202880074926 0
2459288.64 0 0 0 0 0 0 0 0 0 0 0 0 0 0 6.186936477834755 0
2459288.68 0 0 0 0 0 0 0 0 0 0 0 0 0 0 6.1876700755945855 0
2459288.72 0 0 0 0 0 0 0 0 0 0 0 0 0 0 6.188403673354415 0
2459288.76 0 0 0 0 0 0 0 0 0 0 0 0 0 0 6.1891372711142445 0
2459288.80 0 0 0 0 0 0 0 0 0 0 0 0 0 0 6.189870868874074 0
2459288.84 0 0 0 0 0 0 0 0 0 0 0 0 0 0 6.1906044666339035 0
2459288.89 0 0 0 0 0 0 0 0 0 0 0 0 0 0 6.191338064393732 0
2459288.93 0 0 0 0 0 0 0 0 0 0 0 0 0 0 6.192071662153562 0
2459288.97 0 0 0 0 0 0 0 0 0 0 0 0 0 0 6.192805259913391 0
2459289.01 0 0 0 0 0 0 0 0 0 0 0 0 0 0 6.1935388576732215 0
2459289.05 0 0 0 0 0 0 0 0 0 0 0 0 0 0 6.19427245543305 0
2459289.09 0 0 0 0 0 0 0 0 0 0 0 0 0 0 6.19500605319288 0
2459289.14 0 0 0 0 0 0 0 0 0 0 0 0 0 0 6.195739650952709 0
2459289.18 0 0 0 0 0 0 0 0 0 0 0 0 0 0 6.196473248712539 0
2459289.22 0 0 0 0 0 0 0 0 0 0 0 0 0 0 6.197206846472368 0
2459289.26 0 0 0 0 0 0 0 0 0 0 0 0 0 0 6.197940444232197 0
2459289.30 0 0 0 0 0 0 0 0 0 0 0 0 0 0 6.198674041992027 0
2459289.35 0 0 0 0 0 0 0 0 0 0 0 0 0 0 6.199407639751858 0
2459289.39 0 0 0 0 0 0 0 0 0 0 0 0 0 0 6.200141237511685 0
2459289.43 0 0 0 0 0 0 0 0 0 0 0 0 0 0 6.200874835271515 0
2459289.47 0 0 0 0 0 0 0 0 0 0 0 0 0 0 6.201608433031344 0
2459289.51 0 0 0 0 0 0 0 0 0 0 0 0 0 0 6.202342030791176 0
2459289.55 0 0 0 0 0 0 0 0 0 0 0 0 0 0 6.203075628551004 0
2459289.60 0 0 0 0 0 0 0 0 0 0 0 0 0 0 6.203809226310834 0
2459289.64 0 0 0 0 0 0 0 0 0 0 0 0 0 0 6.204542824070663 0
2459289.68 0 0 0 0 0 0 0 0 0 0 0 0 0 0 6.205276421830491 0
2459289.72 0 0 0 0 0 0 0 0 0 0 0 0 0 0 6.206010019590322 0
2459289.76 0 0 0 0 0 0 0 0 0 0 0 0 0 0 6.206743617350151 0
2459289.80 0 0 0 0 0 0 0 0 0 0 0 0 0 0 6.207477215109981 0
2459289.85 0 0 0 0 0 0 0 0 0 0 0 0 0 0 6.20821081286981 0
2459289.89 0 0 0 0 0 0 0 0 0 0 0 0 0 0 6.208944410629639 0
2459289.93 0 0 0 0 0 0 0 0 0 0 0 0 0 0 6.209678008389469 0
2459289.97 0 0 0 0 0 0 0 0 0 0 0 0 0 0 6.210411606149298 0
2459290.01 0 0 0 0 0 0 0 0 0 0 0 0 0 0 6.211145203909128 0
2459290.05 0 0 0 0 0 0 0 0 0 0 0 0 0 0 6.2118788016689575 0
2459290.10 0 0 0 0 0 0 0 0 0 0 0 0 0 0 6.212612399428787 0
2459290.14 0 0 0 0 0 0 0 0 0 0 0 0 0 0 6.213345997188616 0
2459290.18 0 0 0 0 0 0 0 0 0 0 0 0 0 0 6.214079594948445 0
2459290.22 0 0 0 0 0 0 0 0 0 0 0 0 0 0 6.214813192708276 0
2459290.26 0 0 0 0 0 0 0 0 0 0 0 0 0 0 6.215546790468104 0
2459290.30 0 0 0 0 0 0 0 0 0 0 0 0 0 0 6.216280388227934 0
2459290.35 0 0 0 0 0 0 0 0 0 0 0 0 0 0 6.217013985987763 0
2459290.39 0 0 0 0 0 0 0 0 0 0 0 0 0 0 6.2177475837475935 0
2459290.43 0 0 0 0 0 0 0 0 0 0 0 0 0 0 6.218481181507423 0
2459290.47 0 0 0 0 0 0 0 0 0 0 0 0 0 0 6.2192147792672525 0
2459290.51 0 0 0 0 0 0 0 0 0 0 0 0 0 0 6.219948377027082 0
2459290.55 0 0 0 0 0 0 0 0 0 0 0 0 0 0 6.2206819747869115 0
2459290.60 0 0 0 0 0 0 0 0 0 0 0 0 0 0 6.221415572546741 0
2459290.64 0 0 0 0 0 0 0 0 0 0 0 0 0 0 6.22214917030657 0
2459290.68 0 0 0 0 0 0 0 0 0 0 0 0 0 0 6.222882768066399 0
2459290.72 0 0 0 0 0 0 0 0 0 0 0 0 0 0 6.22361636582623 0
2459290.76 0 0 0 0 0 0 0 0 0 0 0 0 0 0 6.224349963586058 0
2459290.80 0 0 0 0 0 0 0 0 0 0 0 0 0 0 6.225083561345888 0
2459290.85 0 0 0 0 0 0 0 0 0 0 0 0 0 0 6.225817159105717 0
2459290.89 0 0 0 0 0 0 0 0 0 0 0 0 0 0 6.226550756865547 0
2459290.93 0 0 0 0 0 0 0 0 0 0 0 0 0 0 6.227284354625376 0
2459290.97 0 0 0 0 0 0 0 0 0 0 0 0 0 0 6.228017952385206 0
2459291.01 0 0 0 0 0 0 0 0 0 0 0 0 0 0 6.228751550145035 0
2459291.05 0 0 0 0 0 0 0 0 0 0 0 0 0 0 6.229485147904864 0
2459291.10 0 0 0 0 0 0 0 0 0 0 0 0 0 0 6.230218745664695 0
2459291.14 0 0 0 0 0 0 0 0 0 0 0 0 0 0 6.230952343424523 0
2459291.18 0 0 0 0 0 0 0 0 0 0 0 0 0 0 6.231685941184354 0
2459291.22 0 0 0 0 0 0 0 0 0 0 0 0 0 0 6.232419538944182 0
2459291.26 0 0 0 0 0 0 0 0 0 0 0 0 0 0 6.233153136704012 0
2459291.31 0 0 0 0 0 0 0 0 0 0 0 0 0 0 6.233886734463842 0
2459291.35 0 0 0 0 0 0 0 0 0 0 0 0 0 0 6.2346203322236695 0
2459291.39 0 0 0 0 0 0 0 0 0 0 0 0 0 0 6.235353929983501 0
2459291.43 0 0 0 0 0 0 0 0 0 0 0 0 0 0 6.23608752774333 0
2459291.47 0 0 0 0 0 0 0 0 0 0 0 0 0 0 6.23682112550316 0
2459291.51 0 0 0 0 0 0 0 0 0 0 0 0 0 0 6.237554723262988 0
2459291.56 0 0 0 0 0 0 0 0 0 0 0 0 0 0 6.238288321022818 0
2459291.60 0 0 0 0 0 0 0 0 0 0 0 0 0 0 6.239021918782648 0
2459291.64 0 0 0 0 0 0 0 0 0 0 0 0 0 0 6.239755516542477 0
2459291.68 0 0 0 0 0 0 0 0 0 0 0 0 0 0 6.2404891143023065 0
2459291.72 0 0 0 0 0 0 0 0 0 0 0 0 0 0 6.241222712062136 0
2459291.76 0 0 0 0 0 0 0 0 0 0 0 0 0 0 6.2419563098219655 0
2459291.81 0 0 0 0 0 0 0 0 0 0 0 0 0 0 6.242689907581795 0
2459291.85 0 0 0 0 0 0 0 0 0 0 0 0 0 0 6.243423505341624 0
2459291.89 0 0 0 0 0 0 0 0 0 0 0 0 0 0 6.244157103101454 0
2459291.93 0 0 0 0 0 0 0 0 0 0 0 0 0 0 6.244890700861284 0
2459291.97 0 0 0 0 0 0 0 0 0 0 0 0 0 0 6.245624298621114 0
2459292.01 0 0 0 0 0 0 0 0 0 0 0 0 0 0 6.246357896380942 0
2459292.06 0 0 0 0 0 0 0 0 0 0 0 0 0 0 6.247091494140771 0
2459292.10 0 0 0 0 0 0 0 0 0 0 0 0 0 0 6.247825091900602 0
2459292.14 0 0 0 0 0 0 0 0 0 0 0 0 0 0 6.248558689660431 0
2459292.18 0 0 0 0 0 0 0 0 0 0 0 0 0 0 6.2492922874202605 0
2459292.22 0 0 0 0 0 0 0 0 0 0 0 0 0 0 6.25002588518009 0
2459292.26 0 0 0 0 0 0 0 0 0 0 0 0 0 0 6.25075948293992 0
2459292.31 0 0 0 0 0 0 0 0 0 0 0 0 0 0 6.251493080699749 0
2459292.35 0 0 0 0 0 0 0 0 0 0 0 0 0 0 6.252226678459578 0
2459292.39 0 0 0 0 0 0 0 0 0 0 0 0 0 0 6.252960276219408 0
2459292.43 0 0 0 0 0 0 0 0 0 0 0 0 0 0 6.253693873979237 0
2459292.47 0 0 0 0 0 0 0 0 0 0 0 0 0 0 6.254427471739067 0
2459292.51 0 0 0 0 0 0 0 0 0 0 0 0 0 0 6.255161069498896 0
2459292.56 0 0 0 0 0 0 0 0 0 0 0 0 0 0 6.255894667258725 0
2459292.60 0 0 0 0 0 0 0 0 0 0 0 0 0 0 6.256628265018555 0
2459292.64 0 0 0 0 0 0 0 0 0 0 0 0 0 0 6.257361862778384 0
2459292.68 0 0 0 0 0 0 0 0 0 0 0 0 0 0 6.258095460538214 0
2459292.72 0 0 0 0 0 0 0 0 0 0 0 0 0 0 6.258829058298042 0
2459292.76 0 0 0 0 0 0 0 0 0 0 0 0 0 0 6.259562656057873 0
2459292.81 0 0 0 0 0 0 0 0 0 0 0 0 0 0 6.260296253817703 0
2459292.85 0 0 0 0 0 0 0 0 0 0 0 0 0 0 6.261029851577531 0
2459292.89 0 0 0 0 0 0 0 0 0 0 0 0 0 0 6.26176344933736 0
2459292.93 0 0 0 0 0 0 0 0 0 0 0 0 0 0 6.26249704709719 0
2459292.97 0 0 0 0 0 0 0 0 0 0 0 0 0 0 6.263230644857021 0
2459293.01 0 0 0 0 0 0 0 0 0 0 0 0 0 0 6.26396424261685 0
2459293.06 0 0 0 0 0 0 0 0 0 0 0 0 0 0 6.264697840376679 0
2459293.10 0 0 0 0 0 0 0 0 0 0 0 0 0 0 6.265431438136509 0
2459293.14 0 0 0 0 0 0 0 0 0 0 0 0 0 0 6.266165035896338 0
2459293.18 0 0 0 0 0 0 0 0 0 0 0 0 0 0 6.266898633656168 0
2459293.22 0 0 0 0 0 0 0 0 0 0 0 0 0 0 6.2676322314159965 0
2459293.26 0 0 0 0 0 0 0 0 0 0 0 0 0 0 6.268365829175827 0
2459293.31 0 0 0 0 0 0 0 0 0 0 0 0 0 0 6.269099426935656 0
2459293.35 0 0 0 0 0 0 0 0 0 0 0 0 0 0 6.269833024695485 0
2459293.39 0 0 0 0 0 0 0 0 0 0 0 0 0 0 6.2705666224553145 0
2459293.43 0 0 0 0 0 0 0 0 0 0 0 0 0 0 6.271300220215144 0
2459293.47 0 0 0 0 0 0 0 0 0 0 0 0 0 0 6.2720338179749735 0
2459293.52 0 0 0 0 0 0 0 0 0 0 0 0 0 0 6.272767415734803 0
2459293.56 0 0 0 0 0 0 0 0 0 0 0 0 0 0 6.2735010134946325 0
2459293.60 0 0 0 0 0 0 0 0 0 0 0 0 0 0 6.274234611254462 0
2459293.64 0 0 0 0 0 0 0 0 0 0 0 0 0 0 6.2749682090142915 0
2459293.68 0 0 0 0 0 0 0 0 0 0 0 0 0 0 6.275701806774122 0
2459293.72 0 0 0 0 0 0 0 0 0 0 0 0 0 0 6.27643540453395 0
2459293.77 0 0 0 0 0 0 0 0 0 0 0 0 0 0 6.277169002293779 0
2459293.81 0 0 0 0 0 0 0 0 0 0 0 0 0 0 6.277902600053609 0
2459293.85 0 0 0 0 0 0 0 0 0 0 0 0 0 0 6.27863619781344 0
2459293.89 0 0 0 0 0 0 0 0 0 0 0 0 0 0 6.279369795573269 0
2459293.93 0 0 0 0 0 0 0 0 0 0 0 0 0 0 6.280103393333098 0
2459293.97 0 0 0 0 0 0 0 0 0 0 0 0 0 0 6.280836991092928 0
2459294.02 0 0 0 0 0 0 0 0 0 0 0 0 0 0 6.281570588852757 0
2459294.06 0 0 0 0 0 0 0 0 0 0 0 0 0 0 6.282304186612587 0
2459294.10 0 0 0 0 0 0 0 0 0 0 0 0 0 0 6.283037784372415 0
2459294.14 0 0 0 0 0 0 0 0 0 0 0 0 0 0 0.0005860749526589501 0
2459294.18 0 0 0 0 0 0 0 0 0 0 0 0 0 0 0.0013196727124889296 0
2459294.22 0 0 0 0 0 0 0 0 0 0 0 0 0 0 0.0020532704723179173 0
2459294.27 0 0 0 0 0 0 0 0 0 0 0 0 0 0 0.002786868232146905 0
2459294.31 0 0 0 0 0 0 0 0 0 0 0 0 0 0 0.0035204659919768843 0
2459294.35 0 0 0 0 0 0 0 0 0 0 0 0 0 0 0.004254063751806864 0
2459294.39 0 0 0 0 0 0 0 0 0 0 0 0 0 0 0.004987661511635852 0
2459294.43 0 0 0 0 0 0 0 0 0 0 0 0 0 0 0.005721259271464839 0
2459294.47 0 0 0 0 0 0 0 0 0 0 0 0 0 0 0.006454857031294819 0
2459294.52 0 0 0 0 0 0 0 0 0 0 0 0 0 0 0.007188454791124799 0
2459294.56 0 0 0 0 0 0 0 0 0 0 0 0 0 0 0.007922052550953787 0
2459294.60 0 0 0 0 0 0 0 0 0 0 0 0 0 0 0.008655650310782774 0
2459294.64 0 0 0 0 0 0 0 0 0 0 0 0 0 0 0.009389248070612753 0
2459294.68 0 0 0 0 0 0 0 0 0 0 0 0 0 0 0.010122845830441742 0
2459294.72 0 0 0 0 0 0 0 0 0 0 0 0 0 0 0.01085644359027172 0
2459294.77 0 0 0 0 0 0 0 0 0 0 0 0 0 0 0.011590041350100708 0
2459294.81 0 0 0 0 0 0 0 0 0 0 0 0 0 0 0.012323639109930689 0
2459294.85 0 0 0 0 0 0 0 0 0 0 0 0 0 0 0.013057236869759676 0
2459294.89 0 0 0 0 0 0 0 0 0 0 0 0 0 0 0.013790834629589655 0
2459294.93 0 0 0 0 0 0 0 0 0 0 0 0 0 0 0.014524432389418643 0
2459294.97 0 0 0 0 0 0 0 0 0 0 0 0 0 0 0.015258030149248623 0
2459295.02 0 0 0 0 0 0 0 0 0 0 0 0 0 0 0.01599162790907761 0
2459295.06 0 0 0 0 0 0 0 0 0 0 0 0 0 0 0.01672522566890759 0
2459295.10 0 0 0 0 0 0 0 0 0 0 0 0 0 0 0.017458823428736576 0
2459295.14 0 0 0 0 0 0 0 0 0 0 0 0 0 0 0.018192421188565563 0
2459295.18 0 0 0 0 0 0 0 0 0 0 0 0 0 0 0.018926018948395545 0
2459295.22 0 0 0 0 0 0 0 0 0 0 0 0 0 0 0.019659616708225525 0
2459295.27 0 0 0 0 0 0 0 0 0 0 0 0 0 0 0.02039321446805451 0
2459295.31 0 0 0 0 0 0 0 0 0 0 0 0 0 0 0.0211268122278835 0
2459295.35 0 0 0 0 0 0 0 0 0 0 0 0 0 0 0.021860409987713478 0
2459295.39 0 0 0 0 0 0 0 0 0 0 0 0 0 0 0.02259400774754346 0
2459295.43 0 0 0 0 0 0 0 0 0 0 0 0 0 0 0.023327605507372444 0
2459295.48 0 0 0 0 0 0 0 0 0 0 0 0 0 0 0.024061203267201434 0
2459295.52 0 0 0 0 0 0 0 0 0 0 0 0 0 0 0.024794801027031414 0
2459295.56 0 0 0 0 0 0 0 0 0 0 0 0 0 0 0.025528398786861396 0
2459295.60 0 0 0 0 0 0 0 0 0 0 0 0 0 0 0.02626199654669038 0
2459295.64 0 0 0 0 0 0 0 0 0 0 0 0 0 0 0.02699559430651937 0
2459295.68 0 0 0 0 0 0 0 0 0 0 0 0 0 0 0.02772919206634935 0
2459295.73 0 0 0 0 0 0 0 0 0 0 0 0 0 0 0.028462789826179325 0
2459295.77 0 0 0 0 0 0 0 0 0 0 0 0 0 0 0.029196387586008316 0
2459295.81 0 0 0 0 0 0 0 0 0 0 0 0 0 0 0.029929985345837302 0
2459295.85 0 0 0 0 0 0 0 0 0 0 0 0 0 0 0.03066358310566728 0
2459295.89 0 0 0 0 0 0 0 0 0 0 0 0 0 0 0.03139718086549627 0
2459295.93 0 0 0 0 0 0 0 0 0 0 0 0 0 0 0.03213077862532625 0
2459295.98 0 0 0 0 0 0 0 0 0 0 0 0 0 0 0.032864376385155235 0
2459296.02 0 0 0 0 0 0 0 0 0 0 0 0 0 0 0.033597974144985214 0
2459296.06 0 0 0 0 0 0 0 0 0 0 0 0 0 0 0.03433157190481421 0
2459296.10 0 0 0 0 0 0 0 0 0 0 0 0 0 0 0.03506516966464418 0
2459296.14 0 0 0 0 0 0 0 0 0 0 0 0 0 0 0.035798767424473174 0
2459296.18 0 0 0 0 0 0 0 0 0 0 0 0 0 0 0.03653236518430315 0
2459296.23 0 0 0 0 0 0 0 0 0 0 0 0 0 0 0.03726596294413213 0
2459296.27 0 0 0 0 0 0 0 0 0 0 0 0 0 0 0.03799956070396212 0
2459296.31 0 0 0 0 0 0 0 0 0 0 0 0 0 0 0.038733158463791106 0
2459296.35 0 0 0 0 0 0 0 0 0 0 0 0 0 0 0.039466756223621086 0
2459296.39 0 0 0 0 0 0 0 0 0 0 0 0 0 0 0.04020035398345007 0
2459296.43 0 0 0 0 0 0 0 0 0 0 0 0 0 0 0.04093395174328005 0
2459296.48 0 0 0 0 0 0 0 0 0 0 0 0 0 0 0.04166754950310904 0
2459296.52 0 0 0 0 0 0 0 0 0 0 0 0 0 0 0.042401147262938026 0
2459296.56 0 0 0 0 0 0 0 0 0 0 0 0 0 0 0.043134745022768005 0
2459296.60 0 0 0 0 0 0 0 0 0 0 0 0 0 0 0.04386834278259799 0
2459296.64 0 0 0 0 0 0 0 0 0 0 0 0 0 0 0.04460194054242698 0
2459296.68 0 0 0 0 0 0 0 0 0 0 0 0 0 0 0.045335538302255965 0
2459296.73 0 0 0 0 0 0 0 0 0 0 0 0 0 0 0.046069136062085944 0
2459296.77 0 0 0 0 0 0 0 0 0 0 0 0 0 0 0.04680273382191592 0
2459296.81 0 0 0 0 0 0 0 0 0 0 0 0 0 0 0.04753633158174491 0
2459296.85 0 0 0 0 0 0 0 0 0 0 0 0 0 0 0.04826992934157389 0
2459296.89 0 0 0 0 0 0 0 0 0 0 0 0 0 0 0.049003527101403876 0
2459296.93 0 0 0 0 0 0 0 0 0 0 0 0 0 0 0.049737124861233856 0
2459296.98 0 0 0 0 0 0 0 0 0 0 0 0 0 0 0.05047072262106284 0
2459297.02 0 0 0 0 0 0 0 0 0 0 0 0 0 0 0.051204320380891837 0
2459297.06 0 0 0 0 0 0 0 0 0 0 0 0 0 0 0.051937918140721816 0
2459297.10 0 0 0 0 0 0 0 0 0 0 0 0 0 0 0.052671515900550796 0
2459297.14 0 0 0 0 0 0 0 0 0 0 0 0 0 0 0.05340511366038078 0
2459297.18 0 0 0 0 0 0 0 0 0 0 0 0 0 0 0.05413871142020976 0
2459297.23 0 0 0 0 0 0 0 0 0 0 0 0 0 0 0.05487230918003975 0
2459297.27 0 0 0 0 0 0 0 0 0 0 0 0 0 0 0.05560590693986873 0
2459297.31 0 0 0 0 0 0 0 0 0 0 0 0 0 0 0.056339504699698714 0
2459297.35 0 0 0 0 0 0 0 0 0 0 0 0 0 0 0.057073102459527694 0
2459297.39 0 0 0 0 0 0 0 0 0 0 0 0 0 0 0.05780670021935767 0
2459297.43 0 0 0 0 0 0 0 0 0 0 0 0 0 0 0.05854029797918667 0
2459297.48 0 0 0 0 0 0 0 0 0 0 0 0 0 0 0.059273895739016653 0
2459297.52 0 0 0 0 0 0 0 0 0 0 0 0 0 0 0.060007493498845633 0
2459297.56 0 0 0 0 0 0 0 0 0 0 0 0 0 0 0.06074109125867562 0
2459297.60 0 0 0 0 0 0 0 0 0 0 0 0 0 0 0.0614746890185046 0
2459297.64 0 0 0 0 0 0 0 0 0 0 0 0 0 0 0.06220828677833458 0
2459297.69 0 0 0 0 0 0 0 0 0 0 0 0 0 0 0.06294188453816357 0
2459297.73 0 0 0 0 0 0 0 0 0 0 0 0 0 0 0.06367548229799355 0
2459297.77 0 0 0 0 0 0 0 0 0 0 0 0 0 0 0.06440908005782253 0
2459297.81 0 0 0 0 0 0 0 0 0 0 0 0 0 0 0.06514267781765251 0
2459297.85 0 0 0 0 0 0 0 0 0 0 0 0 0 0 0.0658762755774815 0
2459297.89 0 0 0 0 0 0 0 0 0 0 0 0 0 0 0.06660987333731049 0
2459297.94 0 0 0 0 0 0 0 0 0 0 0 0 0 0 0.06734347109714048 0
2459297.98 0 0 0 0 0 0 0 0 0 0 0 0 0 0 0.06807706885697046 0
2459298.02 0 0 0 0 0 0 0 0 0 0 0 0 0 0 0.06881066661679944 0
2459298.06 0 0 0 0 0 0 0 0 0 0 0 0 0 0 0.06954426437662842 0
2459298.10 0 0 0 0 0 0 0 0 0 0 0 0 0 0 0.0702778621364584 0
2459298.14 0 0 0 0 0 0 0 0 0 0 0 0 0 0 0.07101145989628839 0
2459298.19 0 0 0 0 0 0 0 0 0 0 0 0 0 0 0.07174505765611737 0
2459298.23 0 0 0 0 0 0 0 0 0 0 0 0 0 0 0.07247865541594636 0
2459298.27 0 0 0 0 0 0 0 0 0 0 0 0 0 0 0.07321225317577634 0
2459298.31 0 0 0 0 0 0 0 0 0 0 0 0 0 0 0.07394585093560532 0
2459298.35 0 0 0 0 0 0 0 0 0 0 0 0 0 0 0.07467944869543532 0
2459298.39 0 0 0 0 0 0 0 0 0 0 0 0 0 0 0.0754130464552643 0
2459298.44 0 0 0 0 0 0 0 0 0 0 0 0 0 0 0.07614664421509428 0
2459298.48 0 0 0 0 0 0 0 0 0 0 0 0 0 0 0.07688024197492326 0
2459298.52 0 0 0 0 0 0 0 0 0 0 0 0 0 0 0.07761383973475323 0
2459298.56 0 0 0 0 0 0 0 0 0 0 0 0 0 0 0.07834743749458223 0
2459298.60 0 0 0 0 0 0 0 0 0 0 0 0 0 0 0.07908103525441221 0
2459298.64 0 0 0 0 0 0 0 0 0 0 0 0 0 0 0.0798146330142412 0
2459298.69 0 0 0 0 0 0 0 0 0 0 0 0 0 0 0.08054823077407117 0
2459298.73 0 0 0 0 0 0 0 0 0 0 0 0 0 0 0.08128182853390016 0
2459298.77 0 0 0 0 0 0 0 0 0 0 0 0 0 0 0.08201542629373014 0
2459298.81 0 0 0 0 0 0 0 0 0 0 0 0 0 0 0.08274902405355913 0
2459298.85 0 0 0 0 0 0 0 0 0 0 0 0 0 0 0.08348262181338911 0
2459298.89 0 0 0 0 0 0 0 0 0 0 0 0 0 0 0.08421621957321809 0
2459298.94 0 0 0 0 0 0 0 0 0 0 0 0 0 0 0.08494981733304807 0
2459298.98 0 0 0 0 0 0 0 0 0 0 0 0 0 0 0.08568341509287707 0
2459299.02 0 0 0 0 0 0 0 0 0 0 0 0 0 0 0.08641701285270705 0
2459299.06 0 0 0 0 0 0 0 0 0 0 0 0 0 0 0.08715061061253603 0
2459299.10 0 0 0 0 0 0 0 0 0 0 0 0 0 0 0.08788420837236502 0
2459299.14 0 0 0 0 0 0 0 0 0 0 0 0 0 0 0.088617806132195 0
2459299.19 0 0 0 0 0 0 0 0 0 0 0 0 0 0 0.08935140389202498 0
2459299.23 0 0 0 0 0 0 0 0 0 0 0 0 0 0 0.09008500165185396 0
2459299.27 0 0 0 0 0 0 0 0 0 0 0 0 0 0 0.09081859941168295 0
2459299.31 0 0 0 0 0 0 0 0 0 0 0 0 0 0 0.09155219717151293 0
2459299.35 0 0 0 0 0 0 0 0 0 0 0 0 0 0 0.09228579493134291 0
2459299.39 0 0 0 0 0 0 0 0 0 0 0 0 0 0 0.0930193926911719 0
2459299.44 0 0 0 0 0 0 0 0 0 0 0 0 0 0 0.09375299045100088 0
2459299.48 0 0 0 0 0 0 0 0 0 0 0 0 0 0 0.09448658821083086 0
2459299.52 0 0 0 0 0 0 0 0 0 0 0 0 0 0 0.09522018597065986 0
2459299.56 0 0 0 0 0 0 0 0 0 0 0 0 0 0 0.09595378373048984 0
2459299.60 0 0 0 0 0 0 0 0 0 0 0 0 0 0 0.09668738149031882 0
2459299.65 0 0 0 0 0 0 0 0 0 0 0 0 0 0 0.0974209792501488 0
2459299.69 0 0 0 0 0 0 0 0 0 0 0 0 0 0 0.09815457700997779 0
2459299.73 0 0 0 0 0 0 0 0 0 0 0 0 0 0 0.09888817476980777 0
2459299.77 0 0 0 0 0 0 0 0 0 0 0 0 0 0 0.09962177252963676 0
2459299.81 0 0 0 0 0 0 0 0 0 0 0 0 0 0 0.10035537028946674 0
2459299.85 0 0 0 0 0 0 0 0 0 0 0 0 0 0 0.10108896804929572 0
2459299.90 0 0 0 0 0 0 0 0 0 0 0 0 0 0 0.1018225658091257 0
2459299.94 0 0 0 0 0 0 0 0 0 0 0 0 0 0 0.1025561635689547 0
2459299.98 0 0 0 0 0 0 0 0 0 0 0 0 0 0 0.10328976132878467 0
2459300.02 0 0 0 0 0 0 0 0 0 0 0 0 0 0 0.10402335908861365 0
2459300.06 0 0 0 0 0 0 0 0 0 0 0 0 0 0 0.10475695684844363 0
2459300.10 0 0 0 0 0 0 0 0 0 0 0 0 0 0 0.10549055460827263 0
2459300.15 0 0 0 0 0 0 0 0 0 0 0 0 0 0 0.1062241523681026 0
2459300.19 0 0 0 0 0 0 0 0 0 0 0 0 0 0 0.1069577501279316 0
2459300.23 0 0 0 0 0 0 0 0 0 0 0 0 0 0 0.10769134788776158 0
2459300.27 0 0 0 0 0 0 0 0 0 0 0 0 0 0 0.10842494564759056 0
2459300.31 0 0 0 0 0 0 0 0 0 0 0 0 0 0 0.10915854340741955 0
2459300.35 0 0 0 0 0 0 0 0 0 0 0 0 0 0 0.10989214116724953 0
2459300.40 0 0 0 0 0 0 0 0 0 0 0 0 0 0 0.11062573892707951 0
2459300.44 0 0 0 0 0 0 0 0 0 0 0 0 0 0 0.11135933668690849 0
2459300.48 0 0 0 0 0 0 0 0 0 0 0 0 0 0 0.11209293444673749 0
2459300.52 0 0 0 0 0 0 0 0 0 0 0 0 0 0 0.11282653220656746 0
2459300.56 0 0 0 0 0 0 0 0 0 0 0 0 0 0 0.11356012996639744 0
2459300.60 0 0 0 0 0 0 0 0 0 0 0 0 0 0 0.11429372772622644 0
2459300.65 0 0 0 0 0 0 0 0 0 0 0 0 0 0 0.11502732548605542 0
2459300.69 0 0 0 0 0 0 0 0 0 0 0 0 0 0 0.1157609232458854 0
2459300.73 0 0 0 0 0 0 0 0 0 0 0 0 0 0 0.11649452100571439 0
2459300.77 0 0 0 0 0 0 0 0 0 0 0 0 0 0 0.11722811876554437 0
2459300.81 0 0 0 0 0 0 0 0 0 0 0 0 0 0 0.11796171652537334 0
2459300.85 0 0 0 0 0 0 0 0 0 0 0 0 0 0 0.11869531428520333 0
2459300.90 0 0 0 0 0 0 0 0 0 0 0 0 0 0 0.11942891204503232 0
2459300.94 0 0 0 0 0 0 0 0 0 0 0 0 0 0 0.1201625098048623 0
2459300.98 0 0 0 0 0 0 0 0 0 0 0 0 0 0 0.1208961075646913 0
2459301.02 0 0 0 0 0 0 0 0 0 0 0 0 0 0 0.12162970532452128 0
2459301.06 0 0 0 0 0 0 0 0 0 0 0 0 0 0 0.12236330308435026 0
2459301.10 0 0 0 0 0 0 0 0 0 0 0 0 0 0 0.12309690084418023 0
2459301.15 0 0 0 0 0 0 0 0 0 0 0 0 0 0 0.12383049860400923 0
2459301.19 0 0 0 0 0 0 0 0 0 0 0 0 0 0 0.12456409636383921 0
2459301.23 0 0 0 0 0 0 0 0 0 0 0 0 0 0 0.12529769412366817 0
2459301.27 0 0 0 0 0 0 0 0 0 0 0 0 0 0 0.12603129188349815 0
2459301.31 0 0 0 0 0 0 0 0 0 0 0 0 0 0 0.12676488964332716 0
2459301.35 0 0 0 0 0 0 0 0 0 0 0 0 0 0 0.12749848740315714 0
2459301.40 0 0 0 0 0 0 0 0 0 0 0 0 0 0 0.12823208516298612 0
2459301.44 0 0 0 0 0 0 0 0 0 0 0 0 0 0 0.1289656829228161 0
2459301.48 0 0 0 0 0 0 0 0 0 0 0 0 0 0 0.12969928068264508 0
2459301.52 0 0 0 0 0 0 0 0 0 0 0 0 0 0 0.1304328784424741 0
2459301.56 0 0 0 0 0 0 0 0 0 0 0 0 0 0 0.13116647620230407 0
2459301.60 0 0 0 0 0 0 0 0 0 0 0 0 0 0 0.13190007396213405 0
2459301.65 0 0 0 0 0 0 0 0 0 0 0 0 0 0 0.13263367172196303 0
2459301.69 0 0 0 0 0 0 0 0 0 0 0 0 0 0 0.133367269481792 0
2459301.73 0 0 0 0 0 0 0 0 0 0 0 0 0 0 0.13410086724162198 0
2459301.77 0 0 0 0 0 0 0 0 0 0 0 0 0 0 0.13483446500145196 0
2459301.81 0 0 0 0 0 0 0 0 0 0 0 0 0 0 0.13556806276128097 0
2459301.86 0 0 0 0 0 0 0 0 0 0 0 0 0 0 0.13630166052110995 0
2459301.90 0 0 0 0 0 0 0 0 0 0 0 0 0 0 0.13703525828093993 0
2459301.94 0 0 0 0 0 0 0 0 0 0 0 0 0 0 0.1377688560407689 0
2459301.98 0 0 0 0 0 0 0 0 0 0 0 0 0 0 0.1385024538005989 0
2459302.02 0 0 0 0 0 0 0 0 0 0 0 0 0 0 0.13923605156042787 0
2459302.06 0 0 0 0 0 0 0 0 0 0 0 0 0 0 0.13996964932025785 0
2459302.11 0 0 0 0 0 0 0 0 0 0 0 0 0 0 0.14070324708008686 0
2459302.15 0 0 0 0 0 0 0 0 0 0 0 0 0 0 0.14143684483991684 0
2459302.19 0 0 0 0 0 0 0 0 0 0 0 0 0 0 0.14217044259974582 0
2459302.23 0 0 0 0 0 0 0 0 0 0 0 0 0 0 0.1429040403595758 0
2459302.27 0 0 0 0 0 0 0 0 0 0 0 0 0 0 0.14363763811940478 0
2459302.31 0 0 0 0 0 0 0 0 0 0 0 0 0 0 0.14437123587923475 0
2459302.36 0 0 0 0 0 0 0 0 0 0 0 0 0 0 0.14510483363906376 0
2459302.40 0 0 0 0 0 0 0 0 0 0 0 0 0 0 0.14583843139889374 0
2459302.44 0 0 0 0 0 0 0 0 0 0 0 0 0 0 0.14657202915872272 0
2459302.48 0 0 0 0 0 0 0 0 0 0 0 0 0 0 0.1473056269185527 0
2459302.52 0 0 0 0 0 0 0 0 0 0 0 0 0 0 0.14803922467838168 0
2459302.56 0 0 0 0 0 0 0 0 0 0 0 0 0 0 0.14877282243821166 0
2459302.61 0 0 0 0 0 0 0 0 0 0 0 0 0 0 0.14950642019804067 0
2459302.65 0 0 0 0 0 0 0 0 0 0 0 0 0 0 0.15024001795787062 0
2459302.69 0 0 0 0 0 0 0 0 0 0 0 0 0 0 0.15097361571769963 0
2459302.73 0 0 0 0 0 0 0 0 0 0 0 0 0 0 0.1517072134775286 0
2459302.77 0 0 0 0 0 0 0 0 0 0 0 0 0 0 0.1524408112373586 0
2459302.81 0 0 0 0 0 0 0 0 0 0 0 0 0 0 0.15317440899718857 0
2459302.86 0 0 0 0 0 0 0 0 0 0 0 0 0 0 0.15390800675701755 0
2459302.90 0 0 0 0 0 0 0 0 0 0 0 0 0 0 0.15464160451684655 0
2459302.94 0 0 0 0 0 0 0 0 0 0 0 0 0 0 0.15537520227667653 0
2459302.98 0 0 0 0 0 0 0 0 0 0 0 0 0 0 0.1561088000365055 0
2459303.02 0 0 0 0 0 0 0 0 0 0 0 0 0 0 0.15684239779633546 0
2459303.06 0 0 0 0 0 0 0 0 0 0 0 0 0 0 0.15757599555616447 0
2459303.11 0 0 0 0 0 0 0 0 0 0 0 0 0 0 0.15830959331599445 0
2459303.15 0 0 0 0 0 0 0 0 0 0 0 0 0 0 0.15904319107582346 0
2459303.19 0 0 0 0 0 0 0 0 0 0 0 0 0 0 0.15977678883565344 0
2459303.23 0 0 0 0 0 0 0 0 0 0 0 0 0 0 0.1605103865954824 0
2459303.27 0 0 0 0 0 0 0 0 0 0 0 0 0 0 0.16124398435531237 0
2459303.31 0 0 0 0 0 0 0 0 0 0 0 0 0 0 0.16197758211514138 0
2459303.36 0 0 0 0 0 0 0 0 0 0 0 0 0 0 0.16271117987497136 0
2459303.40 0 0 0 0 0 0 0 0 0 0 0 0 0 0 0.16344477763480036 0
2459303.44 0 0 0 0 0 0 0 0 0 0 0 0 0 0 0.16417837539463032 0
2459303.48 0 0 0 0 0 0 0 0 0 0 0 0 0 0 0.1649119731544593 0
2459303.52 0 0 0 0 0 0 0 0 0 0 0 0 0 0 0.16564557091428928 0
2459303.56 0 0 0 0 0 0 0 0 0 0 0 0 0 0 0.16637916867411828 0
2459303.61 0 0 0 0 0 0 0 0 0 0 0 0 0 0 0.16711276643394826 0
2459303.65 0 0 0 0 0 0 0 0 0 0 0 0 0 0 0.16784636419377724 0
2459303.69 0 0 0 0 0 0 0 0 0 0 0 0 0 0 0.16857996195360722 0
2459303.73 0 0 0 0 0 0 0 0 0 0 0 0 0 0 0.1693135597134362 0
2459303.77 0 0 0 0 0 0 0 0 0 0 0 0 0 0 0.1700471574732662 0
2459303.82 0 0 0 0 0 0 0 0 0 0 0 0 0 0 0.17078075523309516 0
2459303.86 0 0 0 0 0 0 0 0 0 0 0 0 0 0 0.17151435299292514 0
2459303.90 0 0 0 0 0 0 0 0 0 0 0 0 0 0 0.17224795075275415 0
2459303.94 0 0 0 0 0 0 0 0 0 0 0 0 0 0 0.17298154851258313 0
2459303.98 0 0 0 0 0 0 0 0 0 0 0 0 0 0 0.1737151462724131 0
2459304.02 0 0 0 0 0 0 0 0 0 0 0 0 0 0 0.1744487440322431 0
2459304.07 0 0 0 0 0 0 0 0 0 0 0 0 0 0 0.17518234179207207 0
2459304.11 0 0 0 0 0 0 0 0 0 0 0 0 0 0 0.17591593955190107 0
2459304.15 0 0 0 0 0 0 0 0 0 0 0 0 0 0 0.17664953731173105 0
2459304.19 0 0 0 0 0 0 0 0 0 0 0 0 0 0 0.17738313507156103 0
2459304.23 0 0 0 0 0 0 0 0 0 0 0 0 0 0 0.17811673283139 0
2459304.27 0 0 0 0 0 0 0 0 0 0 0 0 0 0 0.17885033059121902 0
2459304.32 0 0 0 0 0 0 0 0 0 0 0 0 0 0 0.179583928351049 0
2459304.36 0 0 0 0 0 0 0 0 0 0 0 0 0 0 0.18031752611087795 0
2459304.40 0 0 0 0 0 0 0 0 0 0 0 0 0 0 0.18105112387070793 0
2459304.44 0 0 0 0 0 0 0 0 0 0 0 0 0 0 0.18178472163053694 0
2459304.48 0 0 0 0 0 0 0 0 0 0 0 0 0 0 0.18251831939036692 0
2459304.52 0 0 0 0 0 0 0 0 0 0 0 0 0 0 0.1832519171501959 0
2459304.57 0 0 0 0 0 0 0 0 0 0 0 0 0 0 0.18398551491002588 0
2459304.61 0 0 0 0 0 0 0 0 0 0 0 0 0 0 0.18471911266985488 0
2459304.65 0 0 0 0 0 0 0 0 0 0 0 0 0 0 0.18545271042968486 0
2459304.69 0 0 0 0 0 0 0 0 0 0 0 0 0 0 0.18618630818951384 0
2459304.73 0 0 0 0 0 0 0 0 0 0 0 0 0 0 0.18691990594934385 0
2459304.77 0 0 0 0 0 0 0 0 0 0 0 0 0 0 0.1876535037091728 0
2459304.82 0 0 0 0 0 0 0 0 0 0 0 0 0 0 0.18838710146900278 0
2459304.86 0 0 0 0 0 0 0 0 0 0 0 0 0 0 0.18912069922883176 0
2459304.90 0 0 0 0 0 0 0 0 0 0 0 0 0 0 0.18985429698866174 0
2459304.94 0 0 0 0 0 0 0 0 0 0 0 0 0 0 0.19058789474849075 0
2459304.98 0 0 0 0 0 0 0 0 0 0 0 0 0 0 0.19132149250832073 0
2459305.02 0 0 0 0 0 0 0 0 0 0 0 0 0 0 0.1920550902681497 0
2459305.07 0 0 0 0 0 0 0 0 0 0 0 0 0 0 0.1927886880279797 0
2459305.11 0 0 0 0 0 0 0 0 0 0 0 0 0 0 0.1935222857878087 0
2459305.15 0 0 0 0 0 0 0 0 0 0 0 0 0 0 0.19425588354763765 0
2459305.19 0 0 0 0 0 0 0 0 0 0 0 0 0 0 0.19498948130746763 0
2459305.23 0 0 0 0 0 0 0 0 0 0 0 0 0 0 0.1957230790672976 0
2459305.27 0 0 0 0 0 0 0 0 0 0 0 0 0 0 0.19645667682712661 0
2459305.32 0 0 0 0 0 0 0 0 0 0 0 0 0 0 0.1971902745869556 0
2459305.36 0 0 0 0 0 0 0 0 0 0 0 0 0 0 0.19792387234678557 0
2459305.40 0 0 0 0 0 0 0 0 0 0 0 0 0 0 0.19865747010661555 0
2459305.44 0 0 0 0 0 0 0 0 0 0 0 0 0 0 0.19939106786644456 0
2459305.48 0 0 0 0 0 0 0 0 0 0 0 0 0 0 0.20012466562627354 0
2459305.50 0 0 0 0 0 0 0 0 0 0 0 0 0 0 0.20042197577068216 0
2459305.54 0 0 0 0 0 0 0 0 0 0 0 0 0 0 0.20112498480270966 0
2459305.58 0 0 0 0 0 0 0 0 0 0 0 0 0 0 0.20182799383473723 0
2459305.63 0 0 0 0 0 0 0 0 0 0 0 0 0 0 0.20253100286676476 0
2459305.67 0 0 0 0 0 0 0 0 0 0 0 0 0 0 0.20323401189879228 0
2459305.71 0 0 0 0 0 0 0 0 0 0 0 0 0 0 0.20393702093081983 0
2459305.75 0 0 0 0 0 0 0 0 0 0 0 0 0 0 0.2046400299628474 0
2459305.79 0 0 0 0 0 0 0 0 0 0 0 0 0 0 0.2053430389948749 0
2459305.83 0 0 0 0 0 0 0 0 0 0 0 0 0 0 0.20604604802690243 0
2459305.88 0 0 0 0 0 0 0 0 0 0 0 0 0 0 0.20674905705892996 0
2459305.92 0 0 0 0 0 0 0 0 0 0 0 0 0 0 0.2074520660909575 0
2459305.96 0 0 0 0 0 0 0 0 0 0 0 0 0 0 0.20815507512298506 0
2459306.00 0 0 0 0 0 0 0 0 0 0 0 0 0 0 0.20885808415501259 0
2459306.04 0 0 0 0 0 0 0 0 0 0 0 0 0 0 0.20956109318704014 0
2459306.08 0 0 0 0 0 0 0 0 0 0 0 0 0 0 0.21026410221906763 0
2459306.13 0 0 0 0 0 0 0 0 0 0 0 0 0 0 0.21096711125109519 0
2459306.17 0 0 0 0 0 0 0 0 0 0 0 0 0 0 0.2116701202831227 0
2459306.21 0 0 0 0 0 0 0 0 0 0 0 0 0 0 0.21237312931515026 0
2459306.25 0 0 0 0 0 0 0 0 0 0 0 0 0 0 0.2130761383471778 0
2459306.29 0 0 0 0 0 0 0 0 0 0 0 0 0 0 0.2137791473792053 0
2459306.33 0 0 0 0 0 0 0 0 0 0 0 0 0 0 0.2144821564112329 0
2459306.38 0 0 0 0 0 0 0 0 0 0 0 0 0 0 0.21518516544326038 0
2459306.42 0 0 0 0 0 0 0 0 0 0 0 0 0 0 0.21588817447528794 0
2459306.46 0 0 0 0 0 0 0 0 0 0 0 0 0 0 0.2165911835073155 0
2459306.50 0 0 0 0 0 0 0 0 0 0 0 0 0 0 0.21729419253934298 0
2459306.54 0 0 0 0 0 0 0 0 0 0 0 0 0 0 0.21799720157137056 0
2459306.58 0 0 0 0 0 0 0 0 0 0 0 0 0 0 0.21870021060339806 0
2459306.63 0 0 0 0 0 0 0 0 0 0 0 0 0 0 0.2194032196354256 0
2459306.67 0 0 0 0 0 0 0 0 0 0 0 0 0 0 0.22010622866745316 0
2459306.71 0 0 0 0 0 0 0 0 0 0 0 0 0 0 0.22080923769948066 0
2459306.75 0 0 0 0 0 0 0 0 0 0 0 0 0 0 0.22151224673150824 0
2459306.79 0 0 0 0 0 0 0 0 0 0 0 0 0 0 0.22221525576353574 0
2459306.83 0 0 0 0 0 0 0 0 0 0 0 0 0 0 0.22291826479556331 0
2459306.88 0 0 0 0 0 0 0 0 0 0 0 0 0 0 0.22362127382759084 0
2459306.92 0 0 0 0 0 0 0 0 0 0 0 0 0 0 0.22432428285961836 0
2459306.96 0 0 0 0 0 0 0 0 0 0 0 0 0 0 0.22502729189164591 0
2459307.00 0 0 0 0 0 0 0 0 0 0 0 0 0 0 0.2257303009236734 0
2459307.04 0 0 0 0 0 0 0 0 0 0 0 0 0 0 0.226433309955701 0
2459307.08 0 0 0 0 0 0 0 0 0 0 0 0 0 0 0.22713631898772849 0
2459307.13 0 0 0 0 0 0 0 0 0 0 0 0 0 0 0.22783932801975604 0
2459307.17 0 0 0 0 0 0 0 0 0 0 0 0 0 0 0.2285423370517836 0
2459307.21 0 0 0 0 0 0 0 0 0 0 0 0 0 0 0.22924534608381109 0
2459307.25 0 0 0 0 0 0 0 0 0 0 0 0 0 0 0.22994835511583867 0
2459307.29 0 0 0 0 0 0 0 0 0 0 0 0 0 0 0.23065136414786616 0
2459307.33 0 0 0 0 0 0 0 0 0 0 0 0 0 0 0.2313543731798937 0
2459307.38 0 0 0 0 0 0 0 0 0 0 0 0 0 0 0.23205738221192126 0
2459307.42 0 0 0 0 0 0 0 0 0 0 0 0 0 0 0.2327603912439488 0
2459307.46 0 0 0 0 0 0 0 0 0 0 0 0 0 0 0.23346340027597634 0
2459307.50 0 0 0 0 0 0 0 0 0 0 0 0 0 0 0.2341664093080039 0
2459307.54 0 0 0 0 0 0 0 0 0 0 0 0 0 0 0.2348694183400314 0
2459307.58 0 0 0 0 0 0 0 0 0 0 0 0 0 0 0.23557242737205894 0
2459307.63 0 0 0 0 0 0 0 0 0 0 0 0 0 0 0.23627543640408646 0
2459307.67 0 0 0 0 0 0 0 0 0 0 0 0 0 0 0.23697844543611402 0
2459307.71 0 0 0 0 0 0 0 0 0 0 0 0 0 0 0.23768145446814157 0
2459307.75 0 0 0 0 0 0 0 0 0 0 0 0 0 0 0.23838446350016906 0
2459307.79 0 0 0 0 0 0 0 0 0 0 0 0 0 0 0.2390874725321966 0
2459307.84 0 0 0 0 0 0 0 0 0 0 0 0 0 0 0.23979048156422414 0
2459307.88 0 0 0 0 0 0 0 0 0 0 0 0 0 0 0.2404934905962517 0
2459307.92 0 0 0 0 0 0 0 0 0 0 0 0 0 0 0.24119649962827922 0
2459307.96 0 0 0 0 0 0 0 0 0 0 0 0 0 0 0.24189950866030674 0
2459308.00 0 0 0 0 0 0 0 0 0 0 0 0 0 0 0.24260251769233432 0
2459308.04 0 0 0 0 0 0 0 0 0 0 0 0 0 0 0.24330552672436181 0
2459308.09 0 0 0 0 0 0 0 0 0 0 0 0 0 0 0.24400853575638937 0
2459308.13 0 0 0 0 0 0 0 0 0 0 0 0 0 0 0.2447115447884169 0
2459308.17 0 0 0 0 0 0 0 0 0 0 0 0 0 0 0.24541455382044441 0
2459308.21 0 0 0 0 0 0 0 0 0 0 0 0 0 0 0.246117562852472 0
2459308.25 0 0 0 0 0 0 0 0 0 0 0 0 0 0 0.2468205718844995 0
2459308.29 0 0 0 0 0 0 0 0 0 0 0 0 0 0 0.24752358091652704 0
2459308.34 0 0 0 0 0 0 0 0 0 0 0 0 0 0 0.24822658994855457 0
2459308.38 0 0 0 0 0 0 0 0 0 0 0 0 0 0 0.2489295989805821 0
2459308.42 0 0 0 0 0 0 0 0 0 0 0 0 0 0 0.24963260801260967 0
2459308.46 0 0 0 0 0 0 0 0 0 0 0 0 0 0 0.25033561704463714 0
2459308.50 0 0 0 0 0 0 0 0 0 0 0 0 0 0 0.2510386260766647 0
2459308.54 0 0 0 0 0 0 0 0 0 0 0 0 0 0 0.25174163510869224 0
2459308.59 0 0 0 0 0 0 0 0 0 0 0 0 0 0 0.25244464414071976 0
2459308.63 0 0 0 0 0 0 0 0 0 0 0 0 0 0 0.25314765317274734 0
2459308.67 0 0 0 0 0 0 0 0 0 0 0 0 0 0 0.25385066220477487 0
2459308.71 0 0 0 0 0 0 0 0 0 0 0 0 0 0 0.2545536712368024 0
2459308.75 0 0 0 0 0 0 0 0 0 0 0 0 0 0 0.2552566802688299 0
2459308.79 0 0 0 0 0 0 0 0 0 0 0 0 0 0 0.25595968930085744 0
2459308.84 0 0 0 0 0 0 0 0 0 0 0 0 0 0 0.256662698332885 0
2459308.88 0 0 0 0 0 0 0 0 0 0 0 0 0 0 0.25736570736491254 0
2459308.92 0 0 0 0 0 0 0 0 0 0 0 0 0 0 0.25806871639694007 0
2459308.96 0 0 0 0 0 0 0 0 0 0 0 0 0 0 0.2587717254289676 0
2459309.00 0 0 0 0 0 0 0 0 0 0 0 0 0 0 0.2594747344609951 0
2459309.04 0 0 0 0 0 0 0 0 0 0 0 0 0 0 0.2601777434930227 0
2459309.09 0 0 0 0 0 0 0 0 0 0 0 0 0 0 0.2608807525250502 0
2459309.13 0 0 0 0 0 0 0 0 0 0 0 0 0 0 0.26158376155707774 0
2459309.17 0 0 0 0 0 0 0 0 0 0 0 0 0 0 0.2622867705891053 0
2459309.21 0 0 0 0 0 0 0 0 0 0 0 0 0 0 0.2629897796211328 0
2459309.25 0 0 0 0 0 0 0 0 0 0 0 0 0 0 0.26369278865316037 0
2459309.29 0 0 0 0 0 0 0 0 0 0 0 0 0 0 0.2643957976851879 0
2459309.34 0 0 0 0 0 0 0 0 0 0 0 0 0 0 0.2650988067172154 0
2459309.38 0 0 0 0 0 0 0 0 0 0 0 0 0 0 0.265801815749243 0
2459309.42 0 0 0 0 0 0 0 0 0 0 0 0 0 0 0.26650482478127047 0
2459309.46 0 0 0 0 0 0 0 0 0 0 0 0 0 0 0.26720783381329805 0
2459309.50 0 0 0 0 0 0 0 0 0 0 0 0 0 0 0.26791084284532557 0
2459309.54 0 0 0 0 0 0 0 0 0 0 0 0 0 0 0.2686138518773531 0
2459309.59 0 0 0 0 0 0 0 0 0 0 0 0 0 0 0.2693168609093807 0
2459309.63 0 0 0 0 0 0 0 0 0 0 0 0 0 0 0.2700198699414082 0
2459309.67 0 0 0 0 0 0 0 0 0 0 0 0 0 0 0.2707228789734357 0
2459309.71 0 0 0 0 0 0 0 0 0 0 0 0 0 0 0.27142588800546325 0
2459309.75 0 0 0 0 0 0 0 0 0 0 0 0 0 0 0.27212889703749077 0
2459309.80 0 0 0 0 0 0 0 0 0 0 0 0 0 0 0.27283190606951835 0
2459309.84 0 0 0 0 0 0 0 0 0 0 0 0 0 0 0.2735349151015459 0
2459309.88 0 0 0 0 0 0 0 0 0 0 0 0 0 0 0.2742379241335734 0
2459309.92 0 0 0 0 0 0 0 0 0 0 0 0 0 0 0.2749409331656009 0
2459309.96 0 0 0 0 0 0 0 0 0 0 0 0 0 0 0.27564394219762844 0
2459310.00 0 0 0 0 0 0 0 0 0 0 0 0 0 0 0.276346951229656 0
2459310.05 0 0 0 0 0 0 0 0 0 0 0 0 0 0 0.27704996026168355 0
2459310.09 0 0 0 0 0 0 0 0 0 0 0 0 0 0 0.277752969293711 0
2459310.13 0 0 0 0 0 0 0 0 0 0 0 0 0 0 0.2784559783257386 0
2459310.17 0 0 0 0 0 0 0 0 0 0 0 0 0 0 0.2791589873577661 0
2459310.21 0 0 0 0 0 0 0 0 0 0 0 0 0 0 0.27986199638979364 0
2459310.25 0 0 0 0 0 0 0 0 0 0 0 0 0 0 0.2805650054218212 0
2459310.30 0 0 0 0 0 0 0 0 0 0 0 0 0 0 0.2812680144538487 0
2459310.34 0 0 0 0 0 0 0 0 0 0 0 0 0 0 0.28197102348587627 0
2459310.38 0 0 0 0 0 0 0 0 0 0 0 0 0 0 0.28267403251790385 0
2459310.42 0 0 0 0 0 0 0 0 0 0 0 0 0 0 0.2833770415499313 0
2459310.46 0 0 0 0 0 0 0 0 0 0 0 0 0 0 0.2840800505819589 0
2459310.50 0 0 0 0 0 0 0 0 0 0 0 0 0 0 0.28478305961398637 0
2459310.55 0 0 0 0 0 0 0 0 0 0 0 0 0 0 0.28548606864601395 0
2459310.59 0 0 0 0 0 0 0 0 0 0 0 0 0 0 0.2861890776780415 0
2459310.63 0 0 0 0 0 0 0 0 0 0 0 0 0 0 0.28689208671006905 0
2459310.67 0 0 0 0 0 0 0 0 0 0 0 0 0 0 0.2875950957420966 0
2459310.71 0 0 0 0 0 0 0 0 0 0 0 0 0 0 0.28829810477412404 0
2459310.75 0 0 0 0 0 0 0 0 0 0 0 0 0 0 0.2890011138061516 0
2459310.80 0 0 0 0 0 0 0 0 0 0 0 0 0 0 0.2897041228381792 0
2459310.84 0 0 0 0 0 0 0 0 0 0 0 0 0 0 0.2904071318702067 0
2459310.88 0 0 0 0 0 0 0 0 0 0 0 0 0 0 0.29111014090223425 0
2459310.92 0 0 0 0 0 0 0 0 0 0 0 0 0 0 0.2918131499342617 0
2459310.96 0 0 0 0 0 0 0 0 0 0 0 0 0 0 0.2925161589662893 0
2459311.00 0 0 0 0 0 0 0 0 0 0 0 0 0 0 0.2932191679983169 0
2459311.05 0 0 0 0 0 0 0 0 0 0 0 0 0 0 0.2939221770303444 0
2459311.09 0 0 0 0 0 0 0 0 0 0 0 0 0 0 0.2946251860623719 0
2459311.13 0 0 0 0 0 0 0 0 0 0 0 0 0 0 0.2953281950943995 0
2459311.17 0 0 0 0 0 0 0 0 0 0 0 0 0 0 0.296031204126427 0
2459311.21 0 0 0 0 0 0 0 0 0 0 0 0 0 0 0.29673421315845455 0
2459311.25 0 0 0 0 0 0 0 0 0 0 0 0 0 0 0.2974372221904821 0
2459311.30 0 0 0 0 0 0 0 0 0 0 0 0 0 0 0.2981402312225096 0
2459311.34 0 0 0 0 0 0 0 0 0 0 0 0 0 0 0.2988432402545372 0
2459311.38 0 0 0 0 0 0 0 0 0 0 0 0 0 0 0.29954624928656465 0
2459311.42 0 0 0 0 0 0 0 0 0 0 0 0 0 0 0.3002492583185922 0
2459311.46 0 0 0 0 0 0 0 0 0 0 0 0 0 0 0.30095226735061975 0
2459311.50 0 0 0 0 0 0 0 0 0 0 0 0 0 0 0.3016552763826473 0
2459311.55 0 0 0 0 0 0 0 0 0 0 0 0 0 0 0.30235828541467485 0
2459311.59 0 0 0 0 0 0 0 0 0 0 0 0 0 0 0.3030612944467024 0
2459311.63 0 0 0 0 0 0 0 0 0 0 0 0 0 0 0.3037643034787299 0
2459311.67 0 0 0 0 0 0 0 0 0 0 0 0 0 0 0.3044673125107574 0
2459311.71 0 0 0 0 0 0 0 0 0 0 0 0 0 0 0.3051703215427849 0
2459311.75 0 0 0 0 0 0 0 0 0 0 0 0 0 0 0.30587333057481253 0
2459311.80 0 0 0 0 0 0 0 0 0 0 0 0 0 0 0.30657633960684005 0
2459311.84 0 0 0 0 0 0 0 0 0 0 0 0 0 0 0.3072793486388675 0
2459311.88 0 0 0 0 0 0 0 0 0 0 0 0 0 0 0.3079823576708951 0
2459311.92 0 0 0 0 0 0 0 0 0 0 0 0 0 0 0.30868536670292257 0
2459311.96 0 0 0 0 0 0 0 0 0 0 0 0 0 0 0.30938837573495015 0
2459312.01 0 0 0 0 0 0 0 0 0 0 0 0 0 0 0.31009138476697773 0
2459312.05 0 0 0 0 0 0 0 0 0 0 0 0 0 0 0.3107943937990052 0
2459312.09 0 0 0 0 0 0 0 0 0 0 0 0 0 0 0.3114974028310328 0
2459312.13 0 0 0 0 0 0 0 0 0 0 0 0 0 0 0.31220041186306036 0
2459312.17 0 0 0 0 0 0 0 0 0 0 0 0 0 0 0.3129034208950878 0
2459312.21 0 0 0 0 0 0 0 0 0 0 0 0 0 0 0.3136064299271154 0
2459312.26 0 0 0 0 0 0 0 0 0 0 0 0 0 0 0.3143094389591429 0
2459312.30 0 0 0 0 0 0 0 0 0 0 0 0 0 0 0.31501244799117045 0
2459312.34 0 0 0 0 0 0 0 0 0 0 0 0 0 0 0.3157154570231979 0
2459312.38 0 0 0 0 0 0 0 0 0 0 0 0 0 0 0.3164184660552255 0
2459312.42 0 0 0 0 0 0 0 0 0 0 0 0 0 0 0.3171214750872531 0
2459312.46 0 0 0 0 0 0 0 0 0 0 0 0 0 0 0.31782448411928055 0
2459312.51 0 0 0 0 0 0 0 0 0 0 0 0 0 0 0.3185274931513081 0
2459312.55 0 0 0 0 0 0 0 0 0 0 0 0 0 0 0.3192305021833356 0
2459312.59 0 0 0 0 0 0 0 0 0 0 0 0 0 0 0.3199335112153632 0
2459312.63 0 0 0 0 0 0 0 0 0 0 0 0 0 0 0.32063652024739075 0
2459312.67 0 0 0 0 0 0 0 0 0 0 0 0 0 0 0.3213395292794182 0
2459312.71 0 0 0 0 0 0 0 0 0 0 0 0 0 0 0.3220425383114458 0
2459312.76 0 0 0 0 0 0 0 0 0 0 0 0 0 0 0.3227455473434734 0
2459312.80 0 0 0 0 0 0 0 0 0 0 0 0 0 0 0.32344855637550085 0
2459312.84 0 0 0 0 0 0 0 0 0 0 0 0 0 0 0.32415156540752843 0
2459312.88 0 0 0 0 0 0 0 0 0 0 0 0 0 0 0.3248545744395559 0
2459312.92 0 0 0 0 0 0 0 0 0 0 0 0 0 0 0.3255575834715835 0
2459312.96 0 0 0 0 0 0 0 0 0 0 0 0 0 0 0.32626059250361106 0
2459313.01 0 0 0 0 0 0 0 0 0 0 0 0 0 0 0.3269636015356385 0
2459313.05 0 0 0 0 0 0 0 0 0 0 0 0 0 0 0.3276666105676661 0
2459313.09 0 0 0 0 0 0 0 0 0 0 0 0 0 0 0.3283696195996936 0
2459313.13 0 0 0 0 0 0 0 0 0 0 0 0 0 0 0.32907262863172115 0
2459313.17 0 0 0 0 0 0 0 0 0 0 0 0 0 0 0.32977563766374873 0
2459313.21 0 0 0 0 0 0 0 0 0 0 0 0 0 0 0.3304786466957762 0
2459313.26 0 0 0 0 0 0 0 0 0 0 0 0 0 0 0.3311816557278038 0
2459313.30 0 0 0 0 0 0 0 0 0 0 0 0 0 0 0.33188466475983125 0
2459313.34 0 0 0 0 0 0 0 0 0 0 0 0 0 0 0.33258767379185883 0
2459313.38 0 0 0 0 0 0 0 0 0 0 0 0 0 0 0.3332906828238864 0
2459313.42 0 0 0 0 0 0 0 0 0 0 0 0 0 0 0.3339936918559139 0
2459313.46 0 0 0 0 0 0 0 0 0 0 0 0 0 0 0.33469670088794146 0
2459313.51 0 0 0 0 0 0 0 0 0 0 0 0 0 0 0.33539970991996904 0
2459313.55 0 0 0 0 0 0 0 0 0 0 0 0 0 0 0.3361027189519965 0
2459313.59 0 0 0 0 0 0 0 0 0 0 0 0 0 0 0.3368057279840241 0
2459313.63 0 0 0 0 0 0 0 0 0 0 0 0 0 0 0.33750873701605155 0
2459313.67 0 0 0 0 0 0 0 0 0 0 0 0 0 0 0.33821174604807913 0
2459313.71 0 0 0 0 0 0 0 0 0 0 0 0 0 0 0.3389147550801066 0
2459313.76 0 0 0 0 0 0 0 0 0 0 0 0 0 0 0.3396177641121342 0
2459313.80 0 0 0 0 0 0 0 0 0 0 0 0 0 0 0.3403207731441617 0
2459313.84 0 0 0 0 0 0 0 0 0 0 0 0 0 0 0.3410237821761892 0
2459313.88 0 0 0 0 0 0 0 0 0 0 0 0 0 0 0.3417267912082168 0
2459313.92 0 0 0 0 0 0 0 0 0 0 0 0 0 0 0.3424298002402443 0
2459313.97 0 0 0 0 0 0 0 0 0 0 0 0 0 0 0.34313280927227185 0
2459314.01 0 0 0 0 0 0 0 0 0 0 0 0 0 0 0.3438358183042994 0
2459314.05 0 0 0 0 0 0 0 0 0 0 0 0 0 0 0.3445388273363269 0
2459314.09 0 0 0 0 0 0 0 0 0 0 0 0 0 0 0.3452418363683545 0
2459314.13 0 0 0 0 0 0 0 0 0 0 0 0 0 0 0.345944845400382 0
2459314.17 0 0 0 0 0 0 0 0 0 0 0 0 0 0 0.34664785443240953 0
2459314.22 0 0 0 0 0 0 0 0 0 0 0 0 0 0 0.3473508634644371 0
2459314.26 0 0 0 0 0 0 0 0 0 0 0 0 0 0 0.3480538724964646 0
2459314.30 0 0 0 0 0 0 0 0 0 0 0 0 0 0 0.34875688152849216 0
2459314.34 0 0 0 0 0 0 0 0 0 0 0 0 0 0 0.3494598905605197 0
2459314.38 0 0 0 0 0 0 0 0 0 0 0 0 0 0 0.3501628995925472 0
2459314.42 0 0 0 0 0 0 0 0 0 0 0 0 0 0 0.3508659086245748 0
2459314.47 0 0 0 0 0 0 0 0 0 0 0 0 0 0 0.35156891765660225 0
2459314.51 0 0 0 0 0 0 0 0 0 0 0 0 0 0 0.35227192668862983 0
2459314.55 0 0 0 0 0 0 0 0 0 0 0 0 0 0 0.35297493572065736 0
2459314.59 0 0 0 0 0 0 0 0 0 0 0 0 0 0 0.3536779447526849 0
2459314.63 0 0 0 0 0 0 0 0 0 0 0 0 0 0 0.3543809537847124 0
2459314.67 0 0 0 0 0 0 0 0 0 0 0 0 0 0 0.35508396281673993 0
2459314.72 0 0 0 0 0 0 0 0 0 0 0 0 0 0 0.35578697184876756 0
2459314.76 0 0 0 0 0 0 0 0 0 0 0 0 0 0 0.35648998088079503 0
2459314.80 0 0 0 0 0 0 0 0 0 0 0 0 0 0 0.35719298991282256 0
2459314.84 0 0 0 0 0 0 0 0 0 0 0 0 0 0 0.3578959989448502 0
2459314.88 0 0 0 0 0 0 0 0 0 0 0 0 0 0 0.35859900797687766 0
2459314.92 0 0 0 0 0 0 0 0 0 0 0 0 0 0 0.3593020170089052 0
2459314.97 0 0 0 0 0 0 0 0 0 0 0 0 0 0 0.3600050260409327 0
2459315.01 0 0 0 0 0 0 0 0 0 0 0 0 0 0 0.3607080350729603 0
2459315.05 0 0 0 0 0 0 0 0 0 0 0 0 0 0 0.3614110441049878 0
2459315.09 0 0 0 0 0 0 0 0 0 0 0 0 0 0 0.3621140531370153 0
2459315.13 0 0 0 0 0 0 0 0 0 0 0 0 0 0 0.3628170621690429 0
2459315.17 0 0 0 0 0 0 0 0 0 0 0 0 0 0 0.3635200712010703 0
2459315.22 0 0 0 0 0 0 0 0 0 0 0 0 0 0 0.3642230802330979 0
2459315.26 0 0 0 0 0 0 0 0 0 0 0 0 0 0 0.36492608926512554 0
2459315.30 0 0 0 0 0 0 0 0 0 0 0 0 0 0 0.36562909829715295 0
2459315.34 0 0 0 0 0 0 0 0 0 0 0 0 0 0 0.36633210732918053 0
2459315.38 0 0 0 0 0 0 0 0 0 0 0 0 0 0 0.36703511636120806 0
2459315.42 0 0 0 0 0 0 0 0 0 0 0 0 0 0 0.3677381253932356 0
2459315.47 0 0 0 0 0 0 0 0 0 0 0 0 0 0 0.36844113442526316 0
2459315.51 0 0 0 0 0 0 0 0 0 0 0 0 0 0 0.3691441434572907 0
2459315.55 0 0 0 0 0 0 0 0 0 0 0 0 0 0 0.3698471524893182 0
2459315.59 0 0 0 0 0 0 0 0 0 0 0 0 0 0 0.3705501615213458 0
2459315.63 0 0 0 0 0 0 0 0 0 0 0 0 0 0 0.37125317055337326 0
2459315.67 0 0 0 0 0 0 0 0 0 0 0 0 0 0 0.37195617958540084 0
2459315.72 0 0 0 0 0 0 0 0 0 0 0 0 0 0 0.3726591886174283 0
2459315.76 0 0 0 0 0 0 0 0 0 0 0 0 0 0 0.3733621976494559 0
2459315.80 0 0 0 0 0 0 0 0 0 0 0 0 0 0 0.37406520668148346 0
2459315.84 0 0 0 0 0 0 0 0 0 0 0 0 0 0 0.37476821571351093 0
2459315.88 0 0 0 0 0 0 0 0 0 0 0 0 0 0 0.3754712247455385 0
2459315.92 0 0 0 0 0 0 0 0 0 0 0 0 0 0 0.37617423377756604 0
2459315.97 0 0 0 0 0 0 0 0 0 0 0 0 0 0 0.37687724280959356 0
2459316.01 0 0 0 0 0 0 0 0 0 0 0 0 0 0 0.37758025184162114 0
2459316.05 0 0 0 0 0 0 0 0 0 0 0 0 0 0 0.3782832608736486 0
2459316.09 0 0 0 0 0 0 0 0 0 0 0 0 0 0 0.3789862699056762 0
2459316.13 0 0 0 0 0 0 0 0 0 0 0 0 0 0 0.37968927893770366 0
2459316.18 0 0 0 0 0 0 0 0 0 0 0 0 0 0 0.38039228796973124 0
2459316.22 0 0 0 0 0 0 0 0 0 0 0 0 0 0 0.3810952970017588 0
2459316.26 0 0 0 0 0 0 0 0 0 0 0 0 0 0 0.3817983060337863 0
2459316.30 0 0 0 0 0 0 0 0 0 0 0 0 0 0 0.38250131506581386 0
2459316.34 0 0 0 0 0 0 0 0 0 0 0 0 0 0 0.3832043240978414 0
2459316.38 0 0 0 0 0 0 0 0 0 0 0 0 0 0 0.3839073331298689 0
2459316.43 0 0 0 0 0 0 0 0 0 0 0 0 0 0 0.3846103421618965 0
2459316.47 0 0 0 0 0 0 0 0 0 0 0 0 0 0 0.38531335119392396 0
2459316.51 0 0 0 0 0 0 0 0 0 0 0 0 0 0 0.38601636022595154 0
2459316.55 0 0 0 0 0 0 0 0 0 0 0 0 0 0 0.386719369257979 0
2459316.59 0 0 0 0 0 0 0 0 0 0 0 0 0 0 0.3874223782900066 0
2459316.63 0 0 0 0 0 0 0 0 0 0 0 0 0 0 0.38812538732203417 0
2459316.68 0 0 0 0 0 0 0 0 0 0 0 0 0 0 0.38882839635406163 0
2459316.72 0 0 0 0 0 0 0 0 0 0 0 0 0 0 0.3895314053860892 0
2459316.76 0 0 0 0 0 0 0 0 0 0 0 0 0 0 0.3902344144181168 0
2459316.80 0 0 0 0 0 0 0 0 0 0 0 0 0 0 0.39093742345014426 0
2459316.84 0 0 0 0 0 0 0 0 0 0 0 0 0 0 0.39164043248217184 0
2459316.88 0 0 0 0 0 0 0 0 0 0 0 0 0 0 0.39234344151419936 0
2459316.93 0 0 0 0 0 0 0 0 0 0 0 0 0 0 0.3930464505462269 0
2459316.97 0 0 0 0 0 0 0 0 0 0 0 0 0 0 0.39374945957825436 0
2459317.01 0 0 0 0 0 0 0 0 0 0 0 0 0 0 0.3944524686102819 0
2459317.05 0 0 0 0 0 0 0 0 0 0 0 0 0 0 0.3951554776423095 0
2459317.09 0 0 0 0 0 0 0 0 0 0 0 0 0 0 0.395858486674337 0
2459317.13 0 0 0 0 0 0 0 0 0 0 0 0 0 0 0.3965614957063645 0
2459317.18 0 0 0 0 0 0 0 0 0 0 0 0 0 0 0.39726450473839214 0
2459317.22 0 0 0 0 0 0 0 0 0 0 0 0 0 0 0.3979675137704196 0
2459317.26 0 0 0 0 0 0 0 0 0 0 0 0 0 0 0.39867052280244714 0
2459317.30 0 0 0 0 0 0 0 0 0 0 0 0 0 0 0.3993735318344747 0
2459317.34 0 0 0 0 0 0 0 0 0 0 0 0 0 0 0.40007654086650224 0
2459317.38 0 0 0 0 0 0 0 0 0 0 0 0 0 0 0.40077954989852976 0
2459317.43 0 0 0 0 0 0 0 0 0 0 0 0 0 0 0.40148255893055734 0
2459317.47 0 0 0 0 0 0 0 0 0 0 0 0 0 0 0.40218556796258487 0
2459317.51 0 0 0 0 0 0 0 0 0 0 0 0 0 0 0.40288857699461234 0
2459317.55 0 0 0 0 0 0 0 0 0 0 0 0 0 0 0.40359158602663986 0
2459317.59 0 0 0 0 0 0 0 0 0 0 0 0 0 0 0.4042945950586675 0
2459317.63 0 0 0 0 0 0 0 0 0 0 0 0 0 0 0.40499760409069496 0
2459317.68 0 0 0 0 0 0 0 0 0 0 0 0 0 0 0.4057006131227225 0
2459317.72 0 0 0 0 0 0 0 0 0 0 0 0 0 0 0.4064036221547501 0
2459317.76 0 0 0 0 0 0 0 0 0 0 0 0 0 0 0.4071066311867776 0
2459317.80 0 0 0 0 0 0 0 0 0 0 0 0 0 0 0.4078096402188051 0
2459317.84 0 0 0 0 0 0 0 0 0 0 0 0 0 0 0.4085126492508327 0
2459317.88 0 0 0 0 0 0 0 0 0 0 0 0 0 0 0.4092156582828602 0
2459317.93 0 0 0 0 0 0 0 0 0 0 0 0 0 0 0.4099186673148877 0
2459317.97 0 0 0 0 0 0 0 0 0 0 0 0 0 0 0.4106216763469152 0
2459318.01 0 0 0 0 0 0 0 0 0 0 0 0 0 0 0.41132468537894284 0
2459318.05 0 0 0 0 0 0 0 0 0 0 0 0 0 0 0.4120276944109703 0
2459318.09 0 0 0 0 0 0 0 0 0 0 0 0 0 0 0.41273070344299784 0
2459318.14 0 0 0 0 0 0 0 0 0 0 0 0 0 0 0.4134337124750254 0
2459318.18 0 0 0 0 0 0 0 0 0 0 0 0 0 0 0.41413672150705294 0
2459318.22 0 0 0 0 0 0 0 0 0 0 0 0 0 0 0.41483973053908046 0
2459318.26 0 0 0 0 0 0 0 0 0 0 0 0 0 0 0.41554273957110793 0
2459318.30 0 0 0 0 0 0 0 0 0 0 0 0 0 0 0.41624574860313557 0
2459318.34 0 0 0 0 0 0 0 0 0 0 0 0 0 0 0.4169487576351631 0
2459318.39 0 0 0 0 0 0 0 0 0 0 0 0 0 0 0.41765176666719067 0
2459318.43 0 0 0 0 0 0 0 0 0 0 0 0 0 0 0.4183547756992182 0
2459318.47 0 0 0 0 0 0 0 0 0 0 0 0 0 0 0.41905778473124566 0
2459318.51 0 0 0 0 0 0 0 0 0 0 0 0 0 0 0.4197607937632732 0
2459318.55 0 0 0 0 0 0 0 0 0 0 0 0 0 0 0.4204638027953008 0
2459318.59 0 0 0 0 0 0 0 0 0 0 0 0 0 0 0.4211668118273283 0
2459318.64 0 0 0 0 0 0 0 0 0 0 0 0 0 0 0.4218698208593558 0
2459318.68 0 0 0 0 0 0 0 0 0 0 0 0 0 0 0.4225728298913834 0
2459318.72 0 0 0 0 0 0 0 0 0 0 0 0 0 0 0.4232758389234109 0
2459318.76 0 0 0 0 0 0 0 0 0 0 0 0 0 0 0.42397884795543844 0
2459318.80 0 0 0 0 0 0 0 0 0 0 0 0 0 0 0.4246818569874659 0
2459318.84 0 0 0 0 0 0 0 0 0 0 0 0 0 0 0.42538486601949355 0
2459318.89 0 0 0 0 0 0 0 0 0 0 0 0 0 0 0.42608787505152107 0
2459318.93 0 0 0 0 0 0 0 0 0 0 0 0 0 0 0.42679088408354854 0
2459318.97 0 0 0 0 0 0 0 0 0 0 0 0 0 0 0.4274938931155762 0
2459319.01 0 0 0 0 0 0 0 0 0 0 0 0 0 0 0.4281969021476037 0
2459319.05 0 0 0 0 0 0 0 0 0 0 0 0 0 0 0.42889991117963117 0
2459319.09 0 0 0 0 0 0 0 0 0 0 0 0 0 0 0.4296029202116587 0
2459319.14 0 0 0 0 0 0 0 0 0 0 0 0 0 0 0.43030592924368627 0
2459319.18 0 0 0 0 0 0 0 0 0 0 0 0 0 0 0.4310089382757138 0
2459319.22 0 0 0 0 0 0 0 0 0 0 0 0 0 0 0.4317119473077413 0
2459319.26 0 0 0 0 0 0 0 0 0 0 0 0 0 0 0.4324149563397689 0
2459319.30 0 0 0 0 0 0 0 0 0 0 0 0 0 0 0.4331179653717964 0
2459319.34 0 0 0 0 0 0 0 0 0 0 0 0 0 0 0.4338209744038239 0
2459319.39 0 0 0 0 0 0 0 0 0 0 0 0 0 0 0.4345239834358515 0
2459319.43 0 0 0 0 0 0 0 0 0 0 0 0 0 0 0.43522699246787905 0
2459319.47 0 0 0 0 0 0 0 0 0 0 0 0 0 0 0.4359300014999065 0
2459319.51 0 0 0 0 0 0 0 0 0 0 0 0 0 0 0.43663301053193415 0
2459319.55 0 0 0 0 0 0 0 0 0 0 0 0 0 0 0.4373360195639617 0
2459319.59 0 0 0 0 0 0 0 0 0 0 0 0 0 0 0.43803902859598914 0
2459319.64 0 0 0 0 0 0 0 0 0 0 0 0 0 0 0.43874203762801667 0
2459319.68 0 0 0 0 0 0 0 0 0 0 0 0 0 0 0.43944504666004425 0
2459319.72 0 0 0 0 0 0 0 0 0 0 0 0 0 0 0.44014805569207177 0
2459319.76 0 0 0 0 0 0 0 0 0 0 0 0 0 0 0.44085106472409924 0
2459319.80 0 0 0 0 0 0 0 0 0 0 0 0 0 0 0.4415540737561269 0
2459319.84 0 0 0 0 0 0 0 0 0 0 0 0 0 0 0.4422570827881544 0
2459319.89 0 0 0 0 0 0 0 0 0 0 0 0 0 0 0.44296009182018187 0
2459319.93 0 0 0 0 0 0 0 0 0 0 0 0 0 0 0.4436631008522095 0
2459319.97 0 0 0 0 0 0 0 0 0 0 0 0 0 0 0.44436610988423697 0
2459320.01 0 0 0 0 0 0 0 0 0 0 0 0 0 0 0.4450691189162645 0
2459320.05 0 0 0 0 0 0 0 0 0 0 0 0 0 0 0.44577212794829213 0
2459320.09 0 0 0 0 0 0 0 0 0 0 0 0 0 0 0.4464751369803196 0
2459320.14 0 0 0 0 0 0 0 0 0 0 0 0 0 0 0.4471781460123471 0
2459320.18 0 0 0 0 0 0 0 0 0 0 0 0 0 0 0.44788115504437465 0
2459320.22 0 0 0 0 0 0 0 0 0 0 0 0 0 0 0.4485841640764022 0
2459320.26 0 0 0 0 0 0 0 0 0 0 0 0 0 0 0.44928717310842975 0
2459320.30 0 0 0 0 0 0 0 0 0 0 0 0 0 0 0.4499901821404572 0
2459320.35 0 0 0 0 0 0 0 0 0 0 0 0 0 0 0.45069319117248485 0
2459320.39 0 0 0 0 0 0 0 0 0 0 0 0 0 0 0.4513962002045123 0
2459320.43 0 0 0 0 0 0 0 0 0 0 0 0 0 0 0.45209920923653985 0
2459320.47 0 0 0 0 0 0 0 0 0 0 0 0 0 0 0.4528022182685675 0
2459320.51 0 0 0 0 0 0 0 0 0 0 0 0 0 0 0.45350522730059495 0
2459320.55 0 0 0 0 0 0 0 0 0 0 0 0 0 0 0.4542082363326225 0
2459320.60 0 0 0 0 0 0 0 0 0 0 0 0 0 0 0.45491124536465 0
2459320.64 0 0 0 0 0 0 0 0 0 0 0 0 0 0 0.4556142543966776 0
2459320.68 0 0 0 0 0 0 0 0 0 0 0 0 0 0 0.4563172634287051 0
2459320.72 0 0 0 0 0 0 0 0 0 0 0 0 0 0 0.4570202724607326 0
2459320.76 0 0 0 0 0 0 0 0 0 0 0 0 0 0 0.4577232814927602 0
2459320.80 0 0 0 0 0 0 0 0 0 0 0 0 0 0 0.4584262905247877 0
2459320.85 0 0 0 0 0 0 0 0 0 0 0 0 0 0 0.4591292995568152 0
2459320.89 0 0 0 0 0 0 0 0 0 0 0 0 0 0 0.4598323085888427 0
2459320.93 0 0 0 0 0 0 0 0 0 0 0 0 0 0 0.46053531762087024 0
2459320.97 0 0 0 0 0 0 0 0 0 0 0 0 0 0 0.4612383266528978 0
2459321.01 0 0 0 0 0 0 0 0 0 0 0 0 0 0 0.46194133568492535 0
2459321.05 0 0 0 0 0 0 0 0 0 0 0 0 0 0 0.46264434471695287 0
2459321.10 0 0 0 0 0 0 0 0 0 0 0 0 0 0 0.46334735374898045 0
2459321.14 0 0 0 0 0 0 0 0 0 0 0 0 0 0 0.4640503627810079 0
2459321.18 0 0 0 0 0 0 0 0 0 0 0 0 0 0 0.4647533718130355 0
2459321.22 0 0 0 0 0 0 0 0 0 0 0 0 0 0 0.4654563808450631 0
2459321.26 0 0 0 0 0 0 0 0 0 0 0 0 0 0 0.46615938987709055 0
2459321.30 0 0 0 0 0 0 0 0 0 0 0 0 0 0 0.4668623989091181 0
2459321.35 0 0 0 0 0 0 0 0 0 0 0 0 0 0 0.4675654079411457 0
2459321.39 0 0 0 0 0 0 0 0 0 0 0 0 0 0 0.4682684169731732 0
2459321.43 0 0 0 0 0 0 0 0 0 0 0 0 0 0 0.4689714260052007 0
2459321.47 0 0 0 0 0 0 0 0 0 0 0 0 0 0 0.4696744350372282 0
2459321.51 0 0 0 0 0 0 0 0 0 0 0 0 0 0 0.4703774440692558 0
2459321.55 0 0 0 0 0 0 0 0 0 0 0 0 0 0 0.47108045310128327 0
2459321.60 0 0 0 0 0 0 0 0 0 0 0 0 0 0 0.47178346213331085 0
2459321.64 0 0 0 0 0 0 0 0 0 0 0 0 0 0 0.47248647116533843 0
2459321.68 0 0 0 0 0 0 0 0 0 0 0 0 0 0 0.4731894801973659 0
2459321.72 0 0 0 0 0 0 0 0 0 0 0 0 0 0 0.4738924892293935 0
2459321.76 0 0 0 0 0 0 0 0 0 0 0 0 0 0 0.47459549826142106 0
2459321.80 0 0 0 0 0 0 0 0 0 0 0 0 0 0 0.4752985072934485 0
2459321.85 0 0 0 0 0 0 0 0 0 0 0 0 0 0 0.4760015163254761 0
2459321.89 0 0 0 0 0 0 0 0 0 0 0 0 0 0 0.4767045253575036 0
2459321.93 0 0 0 0 0 0 0 0 0 0 0 0 0 0 0.47740753438953115 0
2459321.97 0 0 0 0 0 0 0 0 0 0 0 0 0 0 0.4781105434215587 0
2459322.01 0 0 0 0 0 0 0 0 0 0 0 0 0 0 0.4788135524535862 0
2459322.05 0 0 0 0 0 0 0 0 0 0 0 0 0 0 0.4795165614856138 0
2459322.10 0 0 0 0 0 0 0 0 0 0 0 0 0 0 0.4802195705176412 0
2459322.14 0 0 0 0 0 0 0 0 0 0 0 0 0 0 0.4809225795496688 0
2459322.18 0 0 0 0 0 0 0 0 0 0 0 0 0 0 0.4816255885816964 0
2459322.22 0 0 0 0 0 0 0 0 0 0 0 0 0 0 0.4823285976137238 0
2459322.26 0 0 0 0 0 0 0 0 0 0 0 0 0 0 0.48303160664575145 0
2459322.31 0 0 0 0 0 0 0 0 0 0 0 0 0 0 0.48373461567777903 0
2459322.35 0 0 0 0 0 0 0 0 0 0 0 0 0 0 0.48443762470980645 0
2459322.39 0 0 0 0 0 0 0 0 0 0 0 0 0 0 0.4851406337418341 0
2459322.43 0 0 0 0 0 0 0 0 0 0 0 0 0 0 0.48584364277386155 0
2459322.47 0 0 0 0 0 0 0 0 0 0 0 0 0 0 0.4865466518058891 0
2459322.51 0 0 0 0 0 0 0 0 0 0 0 0 0 0 0.48724966083791654 0
2459322.56 0 0 0 0 0 0 0 0 0 0 0 0 0 0 0.4879526698699442 0
2459322.60 0 0 0 0 0 0 0 0 0 0 0 0 0 0 0.48865567890197165 0
2459322.64 0 0 0 0 0 0 0 0 0 0 0 0 0 0 0.48935868793399917 0
2459322.68 0 0 0 0 0 0 0 0 0 0 0 0 0 0 0.4900616969660268 0
2459322.72 0 0 0 0 0 0 0 0 0 0 0 0 0 0 0.4907647059980543 0
2459322.76 0 0 0 0 0 0 0 0 0 0 0 0 0 0 0.4914677150300818 0
2459322.81 0 0 0 0 0 0 0 0 0 0 0 0 0 0 0.49217072406210943 0
2459322.85 0 0 0 0 0 0 0 0 0 0 0 0 0 0 0.4928737330941369 0
2459322.89 0 0 0 0 0 0 0 0 0 0 0 0 0 0 0.4935767421261644 0
2459322.93 0 0 0 0 0 0 0 0 0 0 0 0 0 0 0.49427975115819206 0
2459322.97 0 0 0 0 0 0 0 0 0 0 0 0 0 0 0.49498276019021953 0
2459323.01 0 0 0 0 0 0 0 0 0 0 0 0 0 0 0.49568576922224705 0
2459323.06 0 0 0 0 0 0 0 0 0 0 0 0 0 0 0.4963887782542745 0
2459323.10 0 0 0 0 0 0 0 0 0 0 0 0 0 0 0.49709178728630216 0
2459323.14 0 0 0 0 0 0 0 0 0 0 0 0 0 0 0.4977947963183296 0
2459323.18 0 0 0 0 0 0 0 0 0 0 0 0 0 0 0.49849780535035715 0
2459323.22 0 0 0 0 0 0 0 0 0 0 0 0 0 0 0.4992008143823848 0
2459323.26 0 0 0 0 0 0 0 0 0 0 0 0 0 0 0.49990382341441225 0
2459323.31 0 0 0 0 0 0 0 0 0 0 0 0 0 0 0.5006068324464398 0
2459323.35 0 0 0 0 0 0 0 0 0 0 0 0 0 0 0.5013098414784675 0
2459323.39 0 0 0 0 0 0 0 0 0 0 0 0 0 0 0.5020128505104948 0
2459323.43 0 0 0 0 0 0 0 0 0 0 0 0 0 0 0.5027158595425224 0
2459323.47 0 0 0 0 0 0 0 0 0 0 0 0 0 0 0.5034188685745499 0
2459323.51 0 0 0 0 0 0 0 0 0 0 0 0 0 0 0.5041218776065775 0
2459323.56 0 0 0 0 0 0 0 0 0 0 0 0 0 0 0.504824886638605 0
2459323.60 0 0 0 0 0 0 0 0 0 0 0 0 0 0 0.5055278956706325 0
2459323.64 0 0 0 0 0 0 0 0 0 0 0 0 0 0 0.5062309047026601 0
2459323.68 0 0 0 0 0 0 0 0 0 0 0 0 0 0 0.5069339137346875 0
2459323.72 0 0 0 0 0 0 0 0 0 0 0 0 0 0 0.5076369227667151 0
2459323.76 0 0 0 0 0 0 0 0 0 0 0 0 0 0 0.5083399317987426 0
2459323.81 0 0 0 0 0 0 0 0 0 0 0 0 0 0 0.5090429408307702 0
2459323.85 0 0 0 0 0 0 0 0 0 0 0 0 0 0 0.5097459498627978 0
2459323.89 0 0 0 0 0 0 0 0 0 0 0 0 0 0 0.5104489588948252 0
2459323.93 0 0 0 0 0 0 0 0 0 0 0 0 0 0 0.5111519679268528 0
2459323.97 0 0 0 0 0 0 0 0 0 0 0 0 0 0 0.5118549769588804 0
2459324.01 0 0 0 0 0 0 0 0 0 0 0 0 0 0 0.5125579859909078 0
2459324.06 0 0 0 0 0 0 0 0 0 0 0 0 0 0 0.5132609950229354 0
2459324.10 0 0 0 0 0 0 0 0 0 0 0 0 0 0 0.5139640040549629 0
2459324.14 0 0 0 0 0 0 0 0 0 0 0 0 0 0 0.5146670130869905 0
2459324.18 0 0 0 0 0 0 0 0 0 0 0 0 0 0 0.5153700221190181 0
2459324.22 0 0 0 0 0 0 0 0 0 0 0 0 0 0 0.5160730311510455 0
2459324.26 0 0 0 0 0 0 0 0 0 0 0 0 0 0 0.5167760401830731 0
2459324.31 0 0 0 0 0 0 0 0 0 0 0 0 0 0 0.5174790492151006 0
2459324.35 0 0 0 0 0 0 0 0 0 0 0 0 0 0 0.5181820582471282 0
2459324.39 0 0 0 0 0 0 0 0 0 0 0 0 0 0 0.5188850672791557 0
2459324.43 0 0 0 0 0 0 0 0 0 0 0 0 0 0 0.5195880763111832 0
2459324.47 0 0 0 0 0 0 0 0 0 0 0 0 0 0 0.5202910853432108 0
2459324.52 0 0 0 0 0 0 0 0 0 0 0 0 0 0 0.5209940943752384 0
2459324.56 0 0 0 0 0 0 0 0 0 0 0 0 0 0 0.5216971034072658 0
2459324.60 0 0 0 0 0 0 0 0 0 0 0 0 0 0 0.5224001124392934 0
2459324.64 0 0 0 0 0 0 0 0 0 0 0 0 0 0 0.5231031214713209 0
2459324.68 0 0 0 0 0 0 0 0 0 0 0 0 0 0 0.5238061305033485 0
2459324.72 0 0 0 0 0 0 0 0 0 0 0 0 0 0 0.524509139535376 0
2459324.77 0 0 0 0 0 0 0 0 0 0 0 0 0 0 0.5252121485674035 0
2459324.81 0 0 0 0 0 0 0 0 0 0 0 0 0 0 0.5259151575994311 0
2459324.85 0 0 0 0 0 0 0 0 0 0 0 0 0 0 0.5266181666314586 0
2459324.89 0 0 0 0 0 0 0 0 0 0 0 0 0 0 0.5273211756634861 0
2459324.93 0 0 0 0 0 0 0 0 0 0 0 0 0 0 0.5280241846955136 0
2459324.97 0 0 0 0 0 0 0 0 0 0 0 0 0 0 0.5287271937275412 0
2459325.02 0 0 0 0 0 0 0 0 0 0 0 0 0 0 0.5294302027595688 0
2459325.06 0 0 0 0 0 0 0 0 0 0 0 0 0 0 0.5301332117915963 0
2459325.10 0 0 0 0 0 0 0 0 0 0 0 0 0 0 0.5308362208236238 0
2459325.14 0 0 0 0 0 0 0 0 0 0 0 0 0 0 0.5315392298556514 0
2459325.18 0 0 0 0 0 0 0 0 0 0 0 0 0 0 0.5322422388876789 0
2459325.22 0 0 0 0 0 0 0 0 0 0 0 0 0 0 0.5329452479197064 0
2459325.27 0 0 0 0 0 0 0 0 0 0 0 0 0 0 0.5336482569517339 0
2459325.31 0 0 0 0 0 0 0 0 0 0 0 0 0 0 0.5343512659837615 0
2459325.35 0 0 0 0 0 0 0 0 0 0 0 0 0 0 0.5350542750157891 0
2459325.39 0 0 0 0 0 0 0 0 0 0 0 0 0 0 0.5357572840478165 0
2459325.43 0 0 0 0 0 0 0 0 0 0 0 0 0 0 0.5364602930798441 0
2459325.47 0 0 0 0 0 0 0 0 0 0 0 0 0 0 0.5371633021118716 0
2459325.52 0 0 0 0 0 0 0 0 0 0 0 0 0 0 0.5378663111438992 0
2459325.56 0 0 0 0 0 0 0 0 0 0 0 0 0 0 0.5385693201759267 0
2459325.60 0 0 0 0 0 0 0 0 0 0 0 0 0 0 0.5392723292079542 0
2459325.64 0 0 0 0 0 0 0 0 0 0 0 0 0 0 0.5399753382399818 0
2459325.68 0 0 0 0 0 0 0 0 0 0 0 0 0 0 0.5406783472720094 0
2459325.72 0 0 0 0 0 0 0 0 0 0 0 0 0 0 0.5413813563040368 0
2459325.77 0 0 0 0 0 0 0 0 0 0 0 0 0 0 0.5420843653360644 0
2459325.81 0 0 0 0 0 0 0 0 0 0 0 0 0 0 0.5427873743680919 0
2459325.85 0 0 0 0 0 0 0 0 0 0 0 0 0 0 0.5434903834001195 0
2459325.89 0 0 0 0 0 0 0 0 0 0 0 0 0 0 0.5441933924321469 0
2459325.93 0 0 0 0 0 0 0 0 0 0 0 0 0 0 0.5448964014641745 0
2459325.97 0 0 0 0 0 0 0 0 0 0 0 0 0 0 0.5455994104962021 0
2459326.02 0 0 0 0 0 0 0 0 0 0 0 0 0 0 0.5463024195282296 0
2459326.06 0 0 0 0 0 0 0 0 0 0 0 0 0 0 0.5470054285602571 0
2459326.10 0 0 0 0 0 0 0 0 0 0 0 0 0 0 0.5477084375922847 0
2459326.14 0 0 0 0 0 0 0 0 0 0 0 0 0 0 0.5484114466243122 0
2459326.18 0 0 0 0 0 0 0 0 0 0 0 0 0 0 0.5491144556563398 0
2459326.22 0 0 0 0 0 0 0 0 0 0 0 0 0 0 0.5498174646883673 0
2459326.27 0 0 0 0 0 0 0 0 0 0 0 0 0 0 0.5505204737203948 0
2459326.31 0 0 0 0 0 0 0 0 0 0 0 0 0 0 0.5512234827524225 0
2459326.35 0 0 0 0 0 0 0 0 0 0 0 0 0 0 0.5519264917844499 0
2459326.39 0 0 0 0 0 0 0 0 0 0 0 0 0 0 0.5526295008164774 0
2459326.43 0 0 0 0 0 0 0 0 0 0 0 0 0 0 0.5533325098485049 0
2459326.48 0 0 0 0 0 0 0 0 0 0 0 0 0 0 0.5540355188805325 0
2459326.52 0 0 0 0 0 0 0 0 0 0 0 0 0 0 0.5547385279125601 0
2459326.56 0 0 0 0 0 0 0 0 0 0 0 0 0 0 0.5554415369445875 0
2459326.60 0 0 0 0 0 0 0 0 0 0 0 0 0 0 0.5561445459766151 0
2459326.64 0 0 0 0 0 0 0 0 0 0 0 0 0 0 0.5568475550086426 0
2459326.68 0 0 0 0 0 0 0 0 0 0 0 0 0 0 0.5575505640406702 0
2459326.73 0 0 0 0 0 0 0 0 0 0 0 0 0 0 0.5582535730726979 0
2459326.77 0 0 0 0 0 0 0 0 0 0 0 0 0 0 0.5589565821047252 0
2459326.81 0 0 0 0 0 0 0 0 0 0 0 0 0 0 0.5596595911367528 0
2459326.85 0 0 0 0 0 0 0 0 0 0 0 0 0 0 0.5603626001687805 0
2459326.89 0 0 0 0 0 0 0 0 0 0 0 0 0 0 0.5610656092008078 0
2459326.93 0 0 0 0 0 0 0 0 0 0 0 0 0 0 0.5617686182328354 0
2459326.98 0 0 0 0 0 0 0 0 0 0 0 0 0 0 0.5624716272648629 0
2459327.02 0 0 0 0 0 0 0 0 0 0 0 0 0 0 0.5631746362968906 0
2459327.06 0 0 0 0 0 0 0 0 0 0 0 0 0 0 0.5638776453289179 0
2459327.10 0 0 0 0 0 0 0 0 0 0 0 0 0 0 0.5645806543609455 0
2459327.14 0 0 0 0 0 0 0 0 0 0 0 0 0 0 0.5652836633929732 0
2459327.18 0 0 0 0 0 0 0 0 0 0 0 0 0 0 0.5659866724250006 0
2459327.23 0 0 0 0 0 0 0 0 0 0 0 0 0 0 0.5666896814570281 0
2459327.27 0 0 0 0 0 0 0 0 0 0 0 0 0 0 0.5673926904890558 0
2459327.31 0 0 0 0 0 0 0 0 0 0 0 0 0 0 0.5680956995210832 0
2459327.35 0 0 0 0 0 0 0 0 0 0 0 0 0 0 0.5687987085531108 0
2459327.39 0 0 0 0 0 0 0 0 0 0 0 0 0 0 0.5695017175851385 0
2459327.43 0 0 0 0 0 0 0 0 0 0 0 0 0 0 0.5702047266171658 0
2459327.48 0 0 0 0 0 0 0 0 0 0 0 0 0 0 0.5709077356491934 0
2459327.52 0 0 0 0 0 0 0 0 0 0 0 0 0 0 0.5716107446812209 0
2459327.56 0 0 0 0 0 0 0 0 0 0 0 0 0 0 0.5723137537132484 0
2459327.60 0 0 0 0 0 0 0 0 0 0 0 0 0 0 0.5730167627452759 0
2459327.64 0 0 0 0 0 0 0 0 0 0 0 0 0 0 0.5737197717773035 0
2459327.68 0 0 0 0 0 0 0 0 0 0 0 0 0 0 0.574422780809331 0
2459327.73 0 0 0 0 0 0 0 0 0 0 0 0 0 0 0.5751257898413585 0
2459327.77 0 0 0 0 0 0 0 0 0 0 0 0 0 0 0.5758287988733861 0
2459327.81 0 0 0 0 0 0 0 0 0 0 0 0 0 0 0.5765318079054137 0
2459327.85 0 0 0 0 0 0 0 0 0 0 0 0 0 0 0.5772348169374412 0
2459327.89 0 0 0 0 0 0 0 0 0 0 0 0 0 0 0.5779378259694687 0
2459327.93 0 0 0 0 0 0 0 0 0 0 0 0 0 0 0.5786408350014962 0
2459327.98 0 0 0 0 0 0 0 0 0 0 0 0 0 0 0.5793438440335238 0
2459328.02 0 0 0 0 0 0 0 0 0 0 0 0 0 0 0.5800468530655514 0
2459328.06 0 0 0 0 0 0 0 0 0 0 0 0 0 0 0.5807498620975788 0
2459328.10 0 0 0 0 0 0 0 0 0 0 0 0 0 0 0.5814528711296064 0
2459328.14 0 0 0 0 0 0 0 0 0 0 0 0 0 0 0.5821558801616339 0
2459328.18 0 0 0 0 0 0 0 0 0 0 0 0 0 0 0.5828588891936615 0
2459328.23 0 0 0 0 0 0 0 0 0 0 0 0 0 0 0.5835618982256889 0
2459328.27 0 0 0 0 0 0 0 0 0 0 0 0 0 0 0.5842649072577165 0
2459328.31 0 0 0 0 0 0 0 0 0 0 0 0 0 0 0.5849679162897441 0
2459328.35 0 0 0 0 0 0 0 0 0 0 0 0 0 0 0.5856709253217717 0
2459328.39 0 0 0 0 0 0 0 0 0 0 0 0 0 0 0.5863739343537991 0
2459328.43 0 0 0 0 0 0 0 0 0 0 0 0 0 0 0.5870769433858266 0
2459328.48 0 0 0 0 0 0 0 0 0 0 0 0 0 0 0.5877799524178542 0
2459328.52 0 0 0 0 0 0 0 0 0 0 0 0 0 0 0.5884829614498818 0
2459328.56 0 0 0 0 0 0 0 0 0 0 0 0 0 0 0.5891859704819092 0
2459328.60 0 0 0 0 0 0 0 0 0 0 0 0 0 0 0.5898889795139368 0
2459328.64 0 0 0 0 0 0 0 0 0 0 0 0 0 0 0.5905919885459644 0
2459328.69 0 0 0 0 0 0 0 0 0 0 0 0 0 0 0.5912949975779919 0
2459328.73 0 0 0 0 0 0 0 0 0 0 0 0 0 0 0.5919980066100194 0
2459328.77 0 0 0 0 0 0 0 0 0 0 0 0 0 0 0.5927010156420469 0
2459328.81 0 0 0 0 0 0 0 0 0 0 0 0 0 0 0.5934040246740745 0
2459328.85 0 0 0 0 0 0 0 0 0 0 0 0 0 0 0.5941070337061021 0
2459328.89 0 0 0 0 0 0 0 0 0 0 0 0 0 0 0.5948100427381295 0
2459328.94 0 0 0 0 0 0 0 0 0 0 0 0 0 0 0.5955130517701571 0
2459328.98 0 0 0 0 0 0 0 0 0 0 0 0 0 0 0.5962160608021847 0
2459329.02 0 0 0 0 0 0 0 0 0 0 0 0 0 0 0.5969190698342122 0
2459329.06 0 0 0 0 0 0 0 0 0 0 0 0 0 0 0.5976220788662396 0
2459329.10 0 0 0 0 0 0 0 0 0 0 0 0 0 0 0.5983250878982672 0
2459329.14 0 0 0 0 0 0 0 0 0 0 0 0 0 0 0.5990280969302948 0
2459329.19 0 0 0 0 0 0 0 0 0 0 0 0 0 0 0.5997311059623223 0
2459329.23 0 0 0 0 0 0 0 0 0 0 0 0 0 0 0.6004341149943498 0
2459329.27 0 0 0 0 0 0 0 0 0 0 0 0 0 0 0.6011371240263774 0
2459329.31 0 0 0 0 0 0 0 0 0 0 0 0 0 0 0.601840133058405 0
2459329.35 0 0 0 0 0 0 0 0 0 0 0 0 0 0 0.6025431420904325 0
2459329.39 0 0 0 0 0 0 0 0 0 0 0 0 0 0 0.6032461511224599 0
2459329.44 0 0 0 0 0 0 0 0 0 0 0 0 0 0 0.6039491601544875 0
2459329.48 0 0 0 0 0 0 0 0 0 0 0 0 0 0 0.6046521691865151 0
2459329.52 0 0 0 0 0 0 0 0 0 0 0 0 0 0 0.6053551782185426 0
2459329.56 0 0 0 0 0 0 0 0 0 0 0 0 0 0 0.6060581872505701 0
2459329.60 0 0 0 0 0 0 0 0 0 0 0 0 0 0 0.6067611962825977 0
2459329.64 0 0 0 0 0 0 0 0 0 0 0 0 0 0 0.6074642053146252 0
2459329.69 0 0 0 0 0 0 0 0 0 0 0 0 0 0 0.6081672143466528 0
2459329.73 0 0 0 0 0 0 0 0 0 0 0 0 0 0 0.6088702233786802 0
2459329.77 0 0 0 0 0 0 0 0 0 0 0 0 0 0 0.6095732324107078 0
2459329.81 0 0 0 0 0 0 0 0 0 0 0 0 0 0 0.6102762414427354 0
2459329.85 0 0 0 0 0 0 0 0 0 0 0 0 0 0 0.6109792504747629 0
2459329.89 0 0 0 0 0 0 0 0 0 0 0 0 0 0 0.6116822595067904 0
2459329.94 0 0 0 0 0 0 0 0 0 0 0 0 0 0 0.612385268538818 0
2459329.98 0 0 0 0 0 0 0 0 0 0 0 0 0 0 0.6130882775708455 0
2459330.02 0 0 0 0 0 0 0 0 0 0 0 0 0 0 0.613791286602873 0
2459330.06 0 0 0 0 0 0 0 0 0 0 0 0 0 0 0.6144942956349005 0
2459330.10 0 0 0 0 0 0 0 0 0 0 0 0 0 0 0.6151973046669281 0
2459330.14 0 0 0 0 0 0 0 0 0 0 0 0 0 0 0.6159003136989556 0
2459330.19 0 0 0 0 0 0 0 0 0 0 0 0 0 0 0.6166033227309832 0
2459330.23 0 0 0 0 0 0 0 0 0 0 0 0 0 0 0.6173063317630108 0
2459330.27 0 0 0 0 0 0 0 0 0 0 0 0 0 0 0.6180093407950382 0
2459330.31 0 0 0 0 0 0 0 0 0 0 0 0 0 0 0.6187123498270658 0
2459330.35 0 0 0 0 0 0 0 0 0 0 0 0 0 0 0.6194153588590933 0
2459330.39 0 0 0 0 0 0 0 0 0 0 0 0 0 0 0.6201183678911208 0
2459330.44 0 0 0 0 0 0 0 0 0 0 0 0 0 0 0.6208213769231484 0
2459330.48 0 0 0 0 0 0 0 0 0 0 0 0 0 0 0.6215243859551759 0
2459330.52 0 0 0 0 0 0 0 0 0 0 0 0 0 0 0.6222273949872035 0
2459330.56 0 0 0 0 0 0 0 0 0 0 0 0 0 0 0.622930404019231 0
2459330.60 0 0 0 0 0 0 0 0 0 0 0 0 0 0 0.6236334130512585 0
2459330.65 0 0 0 0 0 0 0 0 0 0 0 0 0 0 0.624336422083286 0
2459330.69 0 0 0 0 0 0 0 0 0 0 0 0 0 0 0.6250394311153137 0
2459330.73 0 0 0 0 0 0 0 0 0 0 0 0 0 0 0.6257424401473412 0
2459330.77 0 0 0 0 0 0 0 0 0 0 0 0 0 0 0.6264454491793686 0
2459330.81 0 0 0 0 0 0 0 0 0 0 0 0 0 0 0.6271484582113962 0
2459330.85 0 0 0 0 0 0 0 0 0 0 0 0 0 0 0.6278514672434238 0
2459330.90 0 0 0 0 0 0 0 0 0 0 0 0 0 0 0.6285544762754512 0
2459330.94 0 0 0 0 0 0 0 0 0 0 0 0 0 0 0.6292574853074788 0
2459330.98 0 0 0 0 0 0 0 0 0 0 0 0 0 0 0.6299604943395064 0
2459331.02 0 0 0 0 0 0 0 0 0 0 0 0 0 0 0.6306635033715339 0
2459331.06 0 0 0 0 0 0 0 0 0 0 0 0 0 0 0.6313665124035615 0
2459331.10 0 0 0 0 0 0 0 0 0 0 0 0 0 0 0.6320695214355889 0
2459331.15 0 0 0 0 0 0 0 0 0 0 0 0 0 0 0.6327725304676165 0
2459331.19 0 0 0 0 0 0 0 0 0 0 0 0 0 0 0.6334755394996441 0
2459331.23 0 0 0 0 0 0 0 0 0 0 0 0 0 0 0.6341785485316715 0
2459331.27 0 0 0 0 0 0 0 0 0 0 0 0 0 0 0.6348815575636991 0
2459331.31 0 0 0 0 0 0 0 0 0 0 0 0 0 0 0.6355845665957267 0
2459331.35 0 0 0 0 0 0 0 0 0 0 0 0 0 0 0.6362875756277542 0
2459331.40 0 0 0 0 0 0 0 0 0 0 0 0 0 0 0.6369905846597818 0
2459331.44 0 0 0 0 0 0 0 0 0 0 0 0 0 0 0.6376935936918092 0
2459331.48 0 0 0 0 0 0 0 0 0 0 0 0 0 0 0.6383966027238368 0
2459331.52 0 0 0 0 0 0 0 0 0 0 0 0 0 0 0.6390996117558644 0
2459331.56 0 0 0 0 0 0 0 0 0 0 0 0 0 0 0.6398026207878919 0
2459331.60 0 0 0 0 0 0 0 0 0 0 0 0 0 0 0.6405056298199194 0
2459331.65 0 0 0 0 0 0 0 0 0 0 0 0 0 0 0.641208638851947 0
2459331.69 0 0 0 0 0 0 0 0 0 0 0 0 0 0 0.6419116478839745 0
2459331.73 0 0 0 0 0 0 0 0 0 0 0 0 0 0 0.642614656916002 0
2459331.77 0 0 0 0 0 0 0 0 0 0 0 0 0 0 0.6433176659480295 0
2459331.81 0 0 0 0 0 0 0 0 0 0 0 0 0 0 0.6440206749800571 0
2459331.85 0 0 0 0 0 0 0 0 0 0 0 0 0 0 0.6447236840120846 0
2459331.90 0 0 0 0 0 0 0 0 0 0 0 0 0 0 0.6454266930441122 0
2459331.94 0 0 0 0 0 0 0 0 0 0 0 0 0 0 0.6461297020761397 0
2459331.98 0 0 0 0 0 0 0 0 0 0 0 0 0 0 0.6468327111081672 0
2459332.02 0 0 0 0 0 0 0 0 0 0 0 0 0 0 0.6475357201401948 0
2459332.06 0 0 0 0 0 0 0 0 0 0 0 0 0 0 0.6482387291722222 0
2459332.10 0 0 0 0 0 0 0 0 0 0 0 0 0 0 0.6489417382042498 0
2459332.15 0 0 0 0 0 0 0 0 0 0 0 0 0 0 0.6496447472362774 0
2459332.19 0 0 0 0 0 0 0 0 0 0 0 0 0 0 0.6503477562683049 0
2459332.23 0 0 0 0 0 0 0 0 0 0 0 0 0 0 0.6510507653003325 0
2459332.27 0 0 0 0 0 0 0 0 0 0 0 0 0 0 0.65175377433236 0
2459332.31 0 0 0 0 0 0 0 0 0 0 0 0 0 0 0.6524567833643875 0
2459332.35 0 0 0 0 0 0 0 0 0 0 0 0 0 0 0.653159792396415 0
2459332.40 0 0 0 0 0 0 0 0 0 0 0 0 0 0 0.6538628014284426 0
2459332.44 0 0 0 0 0 0 0 0 0 0 0 0 0 0 0.6545658104604701 0
2459332.48 0 0 0 0 0 0 0 0 0 0 0 0 0 0 0.6552688194924976 0
2459332.52 0 0 0 0 0 0 0 0 0 0 0 0 0 0 0.6559718285245252 0
2459332.56 0 0 0 0 0 0 0 0 0 0 0 0 0 0 0.6566748375565528 0
2459332.60 0 0 0 0 0 0 0 0 0 0 0 0 0 0 0.6573778465885802 0
2459332.65 0 0 0 0 0 0 0 0 0 0 0 0 0 0 0.6580808556206078 0
2459332.69 0 0 0 0 0 0 0 0 0 0 0 0 0 0 0.6587838646526353 0
2459332.73 0 0 0 0 0 0 0 0 0 0 0 0 0 0 0.6594868736846629 0
2459332.77 0 0 0 0 0 0 0 0 0 0 0 0 0 0 0.6601898827166904 0
2459332.81 0 0 0 0 0 0 0 0 0 0 0 0 0 0 0.6608928917487179 0
2459332.86 0 0 0 0 0 0 0 0 0 0 0 0 0 0 0.6615959007807455 0
2459332.90 0 0 0 0 0 0 0 0 0 0 0 0 0 0 0.6622989098127731 0
2459332.94 0 0 0 0 0 0 0 0 0 0 0 0 0 0 0.6630019188448005 0
2459332.98 0 0 0 0 0 0 0 0 0 0 0 0 0 0 0.663704927876828 0
2459333.02 0 0 0 0 0 0 0 0 0 0 0 0 0 0 0.6644079369088556 0
2459333.06 0 0 0 0 0 0 0 0 0 0 0 0 0 0 0.6651109459408832 0
2459333.11 0 0 0 0 0 0 0 0 0 0 0 0 0 0 0.6658139549729107 0
2459333.15 0 0 0 0 0 0 0 0 0 0 0 0 0 0 0.6665169640049382 0
2459333.19 0 0 0 0 0 0 0 0 0 0 0 0 0 0 0.6672199730369658 0
2459333.23 0 0 0 0 0 0 0 0 0 0 0 0 0 0 0.6679229820689934 0
2459333.27 0 0 0 0 0 0 0 0 0 0 0 0 0 0 0.6686259911010208 0
2459333.31 0 0 0 0 0 0 0 0 0 0 0 0 0 0 0.6693290001330483 0
2459333.36 0 0 0 0 0 0 0 0 0 0 0 0 0 0 0.670032009165076 0
2459333.40 0 0 0 0 0 0 0 0 0 0 0 0 0 0 0.6707350181971035 0
2459333.44 0 0 0 0 0 0 0 0 0 0 0 0 0 0 0.6714380272291309 0
2459333.48 0 0 0 0 0 0 0 0 0 0 0 0 0 0 0.6721410362611585 0
2459333.52 0 0 0 0 0 0 0 0 0 0 0 0 0 0 0.6728440452931861 0
2459333.56 0 0 0 0 0 0 0 0 0 0 0 0 0 0 0.6735470543252136 0
2459333.61 0 0 0 0 0 0 0 0 0 0 0 0 0 0 0.6742500633572411 0
2459333.65 0 0 0 0 0 0 0 0 0 0 0 0 0 0 0.6749530723892686 0
2459333.69 0 0 0 0 0 0 0 0 0 0 0 0 0 0 0.6756560814212962 0
2459333.73 0 0 0 0 0 0 0 0 0 0 0 0 0 0 0.6763590904533238 0
2459333.77 0 0 0 0 0 0 0 0 0 0 0 0 0 0 0.6770620994853512 0
2459333.81 0 0 0 0 0 0 0 0 0 0 0 0 0 0 0.6777651085173788 0
2459333.86 0 0 0 0 0 0 0 0 0 0 0 0 0 0 0.6784681175494064 0
2459333.90 0 0 0 0 0 0 0 0 0 0 0 0 0 0 0.6791711265814339 0
2459333.94 0 0 0 0 0 0 0 0 0 0 0 0 0 0 0.6798741356134613 0
2459333.98 0 0 0 0 0 0 0 0 0 0 0 0 0 0 0.680577144645489 0
2459334.02 0 0 0 0 0 0 0 0 0 0 0 0 0 0 0.6812801536775165 0
2459334.06 0 0 0 0 0 0 0 0 0 0 0 0 0 0 0.681983162709544 0
2459334.11 0 0 0 0 0 0 0 0 0 0 0 0 0 0 0.6826861717415714 0
2459334.15 0 0 0 0 0 0 0 0 0 0 0 0 0 0 0.6833891807735991 0
2459334.19 0 0 0 0 0 0 0 0 0 0 0 0 0 0 0.6840921898056266 0
2459334.23 0 0 0 0 0 0 0 0 0 0 0 0 0 0 0.684795198837654 0
2459334.27 0 0 0 0 0 0 0 0 0 0 0 0 0 0 0.6854982078696817 0
2459334.31 0 0 0 0 0 0 0 0 0 0 0 0 0 0 0.6862012169017092 0
2459334.36 0 0 0 0 0 0 0 0 0 0 0 0 0 0 0.6869042259337367 0
2459334.40 0 0 0 0 0 0 0 0 0 0 0 0 0 0 0.6876072349657641 0
2459334.44 0 0 0 0 0 0 0 0 0 0 0 0 0 0 0.6883102439977918 0
2459334.48 0 0 0 0 0 0 0 0 0 0 0 0 0 0 0.6890132530298193 0
2459334.52 0 0 0 0 0 0 0 0 0 0 0 0 0 0 0.6897162620618468 0
2459334.56 0 0 0 0 0 0 0 0 0 0 0 0 0 0 0.6904192710938742 0
2459334.61 0 0 0 0 0 0 0 0 0 0 0 0 0 0 0.6911222801259019 0
2459334.65 0 0 0 0 0 0 0 0 0 0 0 0 0 0 0.6918252891579294 0
2459334.69 0 0 0 0 0 0 0 0 0 0 0 0 0 0 0.6925282981899569 0
2459334.73 0 0 0 0 0 0 0 0 0 0 0 0 0 0 0.6932313072219846 0
2459334.77 0 0 0 0 0 0 0 0 0 0 0 0 0 0 0.693934316254012 0
2459334.82 0 0 0 0 0 0 0 0 0 0 0 0 0 0 0.6946373252860395 0
2459334.86 0 0 0 0 0 0 0 0 0 0 0 0 0 0 0.6953403343180672 0
2459334.90 0 0 0 0 0 0 0 0 0 0 0 0 0 0 0.6960433433500947 0
2459334.94 0 0 0 0 0 0 0 0 0 0 0 0 0 0 0.6967463523821223 0
2459334.98 0 0 0 0 0 0 0 0 0 0 0 0 0 0 0.6974493614141498 0
2459335.02 0 0 0 0 0 0 0 0 0 0 0 0 0 0 0.6981523704461773 0
2459335.07 0 0 0 0 0 0 0 0 0 0 0 0 0 0 0.6988553794782048 0
2459335.11 0 0 0 0 0 0 0 0 0 0 0 0 0 0 0.6995583885102324 0
2459335.15 0 0 0 0 0 0 0 0 0 0 0 0 0 0 0.7002613975422599 0
2459335.19 0 0 0 0 0 0 0 0 0 0 0 0 0 0 0.7009644065742874 0
2459335.23 0 0 0 0 0 0 0 0 0 0 0 0 0 0 0.7016674156063151 0
2459335.27 0 0 0 0 0 0 0 0 0 0 0 0 0 0 0.7023704246383425 0
2459335.32 0 0 0 0 0 0 0 0 0 0 0 0 0 0 0.70307343367037 0
2459335.36 0 0 0 0 0 0 0 0 0 0 0 0 0 0 0.7037764427023975 0
2459335.40 0 0 0 0 0 0 0 0 0 0 0 0 0 0 0.7044794517344252 0
2459335.44 0 0 0 0 0 0 0 0 0 0 0 0 0 0 0.7051824607664526 0
2459335.48 0 0 0 0 0 0 0 0 0 0 0 0 0 0 0.7058854697984801 0
2459335.50 0 0 0 0 0 0 0 0 0 0 0 0 0 0 0.7061838700024455 0
2459335.54 0 0 0 0 0 0 0 0 0 0 0 0 0 0 0.706886879034473 0
2459335.58 0 0 0 0 0 0 0 0 0 0 0 0 0 0 0.7075898880665007 0
2459335.63 0 0 0 0 0 0 0 0 0 0 0 0 0 0 0.7082928970985282 0
2459335.67 0 0 0 0 0 0 0 0 0 0 0 0 0 0 0.7089959061305556 0
2459335.71 0 0 0 0 0 0 0 0 0 0 0 0 0 0 0.7096989151625833 0
2459335.75 0 0 0 0 0 0 0 0 0 0 0 0 0 0 0.7104019241946108 0
2459335.79 0 0 0 0 0 0 0 0 0 0 0 0 0 0 0.7111049332266383 0
2459335.83 0 0 0 0 0 0 0 0 0 0 0 0 0 0 0.711807942258666 0
2459335.88 0 0 0 0 0 0 0 0 0 0 0 0 0 0 0.7125109512906933 0
2459335.92 0 0 0 0 0 0 0 0 0 0 0 0 0 0 0.713213960322721 0
2459335.96 0 0 0 0 0 0 0 0 0 0 0 0 0 0 0.7139169693547486 0
2459336.00 0 0 0 0 0 0 0 0 0 0 0 0 0 0 0.7146199783867759 0
2459336.04 0 0 0 0 0 0 0 0 0 0 0 0 0 0 0.7153229874188036 0
2459336.08 0 0 0 0 0 0 0 0 0 0 0 0 0 0 0.7160259964508312 0
2459336.13 0 0 0 0 0 0 0 0 0 0 0 0 0 0 0.7167290054828586 0
2459336.17 0 0 0 0 0 0 0 0 0 0 0 0 0 0 0.7174320145148863 0
2459336.21 0 0 0 0 0 0 0 0 0 0 0 0 0 0 0.7181350235469136 0
2459336.25 0 0 0 0 0 0 0 0 0 0 0 0 0 0 0.7188380325789412 0
2459336.29 0 0 0 0 0 0 0 0 0 0 0 0 0 0 0.7195410416109689 0
2459336.33 0 0 0 0 0 0 0 0 0 0 0 0 0 0 0.7202440506429962 0
2459336.38 0 0 0 0 0 0 0 0 0 0 0 0 0 0 0.7209470596750238 0
2459336.42 0 0 0 0 0 0 0 0 0 0 0 0 0 0 0.7216500687070515 0
2459336.46 0 0 0 0 0 0 0 0 0 0 0 0 0 0 0.7223530777390789 0
2459336.50 0 0 0 0 0 0 0 0 0 0 0 0 0 0 0.7230560867711064 0
2459336.54 0 0 0 0 0 0 0 0 0 0 0 0 0 0 0.7237590958031339 0
2459336.58 0 0 0 0 0 0 0 0 0 0 0 0 0 0 0.7244621048351615 0
2459336.63 0 0 0 0 0 0 0 0 0 0 0 0 0 0 0.7251651138671891 0
2459336.67 0 0 0 0 0 0 0 0 0 0 0 0 0 0 0.7258681228992165 0
2459336.71 0 0 0 0 0 0 0 0 0 0 0 0 0 0 0.7265711319312441 0
2459336.75 0 0 0 0 0 0 0 0 0 0 0 0 0 0 0.7272741409632717 0
2459336.79 0 0 0 0 0 0 0 0 0 0 0 0 0 0 0.7279771499952992 0
2459336.83 0 0 0 0 0 0 0 0 0 0 0 0 0 0 0.7286801590273266 0
2459336.88 0 0 0 0 0 0 0 0 0 0 0 0 0 0 0.7293831680593543 0
2459336.92 0 0 0 0 0 0 0 0 0 0 0 0 0 0 0.7300861770913818 0
2459336.96 0 0 0 0 0 0 0 0 0 0 0 0 0 0 0.7307891861234093 0
2459337.00 0 0 0 0 0 0 0 0 0 0 0 0 0 0 0.731492195155437 0
2459337.04 0 0 0 0 0 0 0 0 0 0 0 0 0 0 0.7321952041874644 0
2459337.08 0 0 0 0 0 0 0 0 0 0 0 0 0 0 0.7328982132194919 0
2459337.13 0 0 0 0 0 0 0 0 0 0 0 0 0 0 0.7336012222515194 0
2459337.17 0 0 0 0 0 0 0 0 0 0 0 0 0 0 0.7343042312835469 0
2459337.21 0 0 0 0 0 0 0 0 0 0 0 0 0 0 0.7350072403155745 0
2459337.25 0 0 0 0 0 0 0 0 0 0 0 0 0 0 0.735710249347602 0
2459337.29 0 0 0 0 0 0 0 0 0 0 0 0 0 0 0.7364132583796296 0
2459337.33 0 0 0 0 0 0 0 0 0 0 0 0 0 0 0.7371162674116571 0
2459337.38 0 0 0 0 0 0 0 0 0 0 0 0 0 0 0.7378192764436846 0
2459337.42 0 0 0 0 0 0 0 0 0 0 0 0 0 0 0.7385222854757122 0
2459337.46 0 0 0 0 0 0 0 0 0 0 0 0 0 0 0.7392252945077398 0
2459337.50 0 0 0 0 0 0 0 0 0 0 0 0 0 0 0.7399283035397672 0
2459337.54 0 0 0 0 0 0 0 0 0 0 0 0 0 0 0.7406313125717948 0
2459337.58 0 0 0 0 0 0 0 0 0 0 0 0 0 0 0.7413343216038224 0
2459337.63 0 0 0 0 0 0 0 0 0 0 0 0 0 0 0.7420373306358499 0
2459337.67 0 0 0 0 0 0 0 0 0 0 0 0 0 0 0.7427403396678774 0
2459337.71 0 0 0 0 0 0 0 0 0 0 0 0 0 0 0.743443348699905 0
2459337.75 0 0 0 0 0 0 0 0 0 0 0 0 0 0 0.7441463577319324 0
2459337.79 0 0 0 0 0 0 0 0 0 0 0 0 0 0 0.74484936676396 0
2459337.84 0 0 0 0 0 0 0 0 0 0 0 0 0 0 0.7455523757959877 0
2459337.88 0 0 0 0 0 0 0 0 0 0 0 0 0 0 0.7462553848280151 0
2459337.92 0 0 0 0 0 0 0 0 0 0 0 0 0 0 0.7469583938600426 0
2459337.96 0 0 0 0 0 0 0 0 0 0 0 0 0 0 0.7476614028920703 0
2459338.00 0 0 0 0 0 0 0 0 0 0 0 0 0 0 0.7483644119240977 0
2459338.04 0 0 0 0 0 0 0 0 0 0 0 0 0 0 0.7490674209561252 0
2459338.09 0 0 0 0 0 0 0 0 0 0 0 0 0 0 0.7497704299881527 0
2459338.13 0 0 0 0 0 0 0 0 0 0 0 0 0 0 0.7504734390201804 0
2459338.17 0 0 0 0 0 0 0 0 0 0 0 0 0 0 0.7511764480522078 0
2459338.21 0 0 0 0 0 0 0 0 0 0 0 0 0 0 0.7518794570842353 0
2459338.25 0 0 0 0 0 0 0 0 0 0 0 0 0 0 0.7525824661162629 0
2459338.29 0 0 0 0 0 0 0 0 0 0 0 0 0 0 0.7532854751482905 0
2459338.34 0 0 0 0 0 0 0 0 0 0 0 0 0 0 0.7539884841803179 0
2459338.38 0 0 0 0 0 0 0 0 0 0 0 0 0 0 0.7546914932123455 0
2459338.42 0 0 0 0 0 0 0 0 0 0 0 0 0 0 0.7553945022443731 0
2459338.46 0 0 0 0 0 0 0 0 0 0 0 0 0 0 0.7560975112764006 0
2459338.50 0 0 0 0 0 0 0 0 0 0 0 0 0 0 0.7568005203084281 0
2459338.54 0 0 0 0 0 0 0 0 0 0 0 0 0 0 0.7575035293404557 0
2459338.59 0 0 0 0 0 0 0 0 0 0 0 0 0 0 0.7582065383724832 0
2459338.63 0 0 0 0 0 0 0 0 0 0 0 0 0 0 0.7589095474045108 0
2459338.67 0 0 0 0 0 0 0 0 0 0 0 0 0 0 0.7596125564365384 0
2459338.71 0 0 0 0 0 0 0 0 0 0 0 0 0 0 0.7603155654685658 0
2459338.75 0 0 0 0 0 0 0 0 0 0 0 0 0 0 0.7610185745005934 0
2459338.79 0 0 0 0 0 0 0 0 0 0 0 0 0 0 0.761721583532621 0
2459338.84 0 0 0 0 0 0 0 0 0 0 0 0 0 0 0.7624245925646485 0
2459338.88 0 0 0 0 0 0 0 0 0 0 0 0 0 0 0.763127601596676 0
2459338.92 0 0 0 0 0 0 0 0 0 0 0 0 0 0 0.7638306106287036 0
2459338.96 0 0 0 0 0 0 0 0 0 0 0 0 0 0 0.764533619660731 0
2459339.00 0 0 0 0 0 0 0 0 0 0 0 0 0 0 0.7652366286927585 0
2459339.04 0 0 0 0 0 0 0 0 0 0 0 0 0 0 0.7659396377247862 0
2459339.09 0 0 0 0 0 0 0 0 0 0 0 0 0 0 0.7666426467568136 0
2459339.13 0 0 0 0 0 0 0 0 0 0 0 0 0 0 0.7673456557888412 0
2459339.17 0 0 0 0 0 0 0 0 0 0 0 0 0 0 0.7680486648208689 0
2459339.21 0 0 0 0 0 0 0 0 0 0 0 0 0 0 0.7687516738528962 0
2459339.25 0 0 0 0 0 0 0 0 0 0 0 0 0 0 0.7694546828849238 0
2459339.29 0 0 0 0 0 0 0 0 0 0 0 0 0 0 0.7701576919169513 0
2459339.34 0 0 0 0 0 0 0 0 0 0 0 0 0 0 0.7708607009489788 0
2459339.38 0 0 0 0 0 0 0 0 0 0 0 0 0 0 0.7715637099810064 0
2459339.42 0 0 0 0 0 0 0 0 0 0 0 0 0 0 0.7722667190130339 0
2459339.46 0 0 0 0 0 0 0 0 0 0 0 0 0 0 0.7729697280450615 0
2459339.50 0 0 0 0 0 0 0 0 0 0 0 0 0 0 0.7736727370770891 0
2459339.54 0 0 0 0 0 0 0 0 0 0 0 0 0 0 0.7743757461091165 0
2459339.59 0 0 0 0 0 0 0 0 0 0 0 0 0 0 0.7750787551411439 0
2459339.63 0 0 0 0 0 0 0 0 0 0 0 0 0 0 0.7757817641731717 0
2459339.67 0 0 0 0 0 0 0 0 0 0 0 0 0 0 0.7764847732051992 0
2459339.71 0 0 0 0 0 0 0 0 0 0 0 0 0 0 0.7771877822372267 0
2459339.75 0 0 0 0 0 0 0 0 0 0 0 0 0 0 0.7778907912692543 0
2459339.80 0 0 0 0 0 0 0 0 0 0 0 0 0 0 0.7785938003012818 0
2459339.84 0 0 0 0 0 0 0 0 0 0 0 0 0 0 0.7792968093333094 0
2459339.88 0 0 0 0 0 0 0 0 0 0 0 0 0 0 0.7799998183653369 0
2459339.92 0 0 0 0 0 0 0 0 0 0 0 0 0 0 0.7807028273973643 0
2459339.96 0 0 0 0 0 0 0 0 0 0 0 0 0 0 0.781405836429392 0
2459340.00 0 0 0 0 0 0 0 0 0 0 0 0 0 0 0.7821088454614196 0
2459340.05 0 0 0 0 0 0 0 0 0 0 0 0 0 0 0.7828118544934469 0
2459340.09 0 0 0 0 0 0 0 0 0 0 0 0 0 0 0.7835148635254744 0
2459340.13 0 0 0 0 0 0 0 0 0 0 0 0 0 0 0.7842178725575022 0
2459340.17 0 0 0 0 0 0 0 0 0 0 0 0 0 0 0.7849208815895296 0
2459340.21 0 0 0 0 0 0 0 0 0 0 0 0 0 0 0.785623890621557 0
2459340.25 0 0 0 0 0 0 0 0 0 0 0 0 0 0 0.7863268996535846 0
2459340.30 0 0 0 0 0 0 0 0 0 0 0 0 0 0 0.7870299086856122 0
2459340.34 0 0 0 0 0 0 0 0 0 0 0 0 0 0 0.7877329177176399 0
2459340.38 0 0 0 0 0 0 0 0 0 0 0 0 0 0 0.7884359267496672 0
2459340.42 0 0 0 0 0 0 0 0 0 0 0 0 0 0 0.7891389357816948 0
2459340.46 0 0 0 0 0 0 0 0 0 0 0 0 0 0 0.7898419448137225 0
2459340.50 0 0 0 0 0 0 0 0 0 0 0 0 0 0 0.7905449538457499 0
2459340.55 0 0 0 0 0 0 0 0 0 0 0 0 0 0 0.7912479628777772 0
2459340.59 0 0 0 0 0 0 0 0 0 0 0 0 0 0 0.7919509719098051 0
2459340.63 0 0 0 0 0 0 0 0 0 0 0 0 0 0 0.7926539809418325 0
2459340.67 0 0 0 0 0 0 0 0 0 0 0 0 0 0 0.7933569899738598 0
2459340.71 0 0 0 0 0 0 0 0 0 0 0 0 0 0 0.7940599990058875 0
2459340.75 0 0 0 0 0 0 0 0 0 0 0 0 0 0 0.7947630080379151 0
2459340.80 0 0 0 0 0 0 0 0 0 0 0 0 0 0 0.7954660170699425 0
2459340.84 0 0 0 0 0 0 0 0 0 0 0 0 0 0 0.7961690261019702 0
2459340.88 0 0 0 0 0 0 0 0 0 0 0 0 0 0 0.7968720351339977 0
2459340.92 0 0 0 0 0 0 0 0 0 0 0 0 0 0 0.7975750441660251 0
2459340.96 0 0 0 0 0 0 0 0 0 0 0 0 0 0 0.7982780531980528 0
2459341.00 0 0 0 0 0 0 0 0 0 0 0 0 0 0 0.7989810622300803 0
2459341.05 0 0 0 0 0 0 0 0 0 0 0 0 0 0 0.7996840712621079 0
2459341.09 0 0 0 0 0 0 0 0 0 0 0 0 0 0 0.8003870802941354 0
2459341.13 0 0 0 0 0 0 0 0 0 0 0 0 0 0 0.8010900893261629 0
2459341.17 0 0 0 0 0 0 0 0 0 0 0 0 0 0 0.8017930983581906 0
2459341.21 0 0 0 0 0 0 0 0 0 0 0 0 0 0 0.802496107390218 0
2459341.25 0 0 0 0 0 0 0 0 0 0 0 0 0 0 0.8031991164222455 0
2459341.30 0 0 0 0 0 0 0 0 0 0 0 0 0 0 0.803902125454273 0
2459341.34 0 0 0 0 0 0 0 0 0 0 0 0 0 0 0.8046051344863006 0
2459341.38 0 0 0 0 0 0 0 0 0 0 0 0 0 0 0.8053081435183281 0
2459341.42 0 0 0 0 0 0 0 0 0 0 0 0 0 0 0.8060111525503556 0
2459341.46 0 0 0 0 0 0 0 0 0 0 0 0 0 0 0.8067141615823832 0
2459341.50 0 0 0 0 0 0 0 0 0 0 0 0 0 0 0.8074171706144108 0
2459341.55 0 0 0 0 0 0 0 0 0 0 0 0 0 0 0.8081201796464382 0
2459341.59 0 0 0 0 0 0 0 0 0 0 0 0 0 0 0.8088231886784658 0
2459341.63 0 0 0 0 0 0 0 0 0 0 0 0 0 0 0.8095261977104932 0
2459341.67 0 0 0 0 0 0 0 0 0 0 0 0 0 0 0.8102292067425209 0
2459341.71 0 0 0 0 0 0 0 0 0 0 0 0 0 0 0.8109322157745484 0
2459341.75 0 0 0 0 0 0 0 0 0 0 0 0 0 0 0.811635224806576 0
2459341.80 0 0 0 0 0 0 0 0 0 0 0 0 0 0 0.8123382338386035 0
2459341.84 0 0 0 0 0 0 0 0 0 0 0 0 0 0 0.8130412428706311 0
2459341.88 0 0 0 0 0 0 0 0 0 0 0 0 0 0 0.8137442519026586 0
2459341.92 0 0 0 0 0 0 0 0 0 0 0 0 0 0 0.8144472609346861 0
2459341.96 0 0 0 0 0 0 0 0 0 0 0 0 0 0 0.8151502699667136 0
2459342.01 0 0 0 0 0 0 0 0 0 0 0 0 0 0 0.8158532789987413 0
2459342.05 0 0 0 0 0 0 0 0 0 0 0 0 0 0 0.8165562880307687 0
2459342.09 0 0 0 0 0 0 0 0 0 0 0 0 0 0 0.8172592970627962 0
2459342.13 0 0 0 0 0 0 0 0 0 0 0 0 0 0 0.8179623060948239 0
2459342.17 0 0 0 0 0 0 0 0 0 0 0 0 0 0 0.8186653151268514 0
2459342.21 0 0 0 0 0 0 0 0 0 0 0 0 0 0 0.8193683241588788 0
2459342.26 0 0 0 0 0 0 0 0 0 0 0 0 0 0 0.8200713331909063 0
2459342.30 0 0 0 0 0 0 0 0 0 0 0 0 0 0 0.8207743422229339 0
2459342.34 0 0 0 0 0 0 0 0 0 0 0 0 0 0 0.8214773512549615 0
2459342.38 0 0 0 0 0 0 0 0 0 0 0 0 0 0 0.8221803602869889 0
2459342.42 0 0 0 0 0 0 0 0 0 0 0 0 0 0 0.8228833693190165 0
2459342.46 0 0 0 0 0 0 0 0 0 0 0 0 0 0 0.8235863783510441 0
2459342.51 0 0 0 0 0 0 0 0 0 0 0 0 0 0 0.8242893873830716 0
2459342.55 0 0 0 0 0 0 0 0 0 0 0 0 0 0 0.8249923964150991 0
2459342.59 0 0 0 0 0 0 0 0 0 0 0 0 0 0 0.8256954054471267 0
2459342.63 0 0 0 0 0 0 0 0 0 0 0 0 0 0 0.8263984144791542 0
2459342.67 0 0 0 0 0 0 0 0 0 0 0 0 0 0 0.8271014235111818 0
2459342.71 0 0 0 0 0 0 0 0 0 0 0 0 0 0 0.8278044325432093 0
2459342.76 0 0 0 0 0 0 0 0 0 0 0 0 0 0 0.8285074415752368 0
2459342.80 0 0 0 0 0 0 0 0 0 0 0 0 0 0 0.8292104506072644 0
2459342.84 0 0 0 0 0 0 0 0 0 0 0 0 0 0 0.829913459639292 0
2459342.88 0 0 0 0 0 0 0 0 0 0 0 0 0 0 0.8306164686713193 0
2459342.92 0 0 0 0 0 0 0 0 0 0 0 0 0 0 0.8313194777033469 0
2459342.96 0 0 0 0 0 0 0 0 0 0 0 0 0 0 0.8320224867353746 0
2459343.01 0 0 0 0 0 0 0 0 0 0 0 0 0 0 0.832725495767402 0
2459343.05 0 0 0 0 0 0 0 0 0 0 0 0 0 0 0.8334285047994295 0
2459343.09 0 0 0 0 0 0 0 0 0 0 0 0 0 0 0.8341315138314572 0
2459343.13 0 0 0 0 0 0 0 0 0 0 0 0 0 0 0.8348345228634846 0
2459343.17 0 0 0 0 0 0 0 0 0 0 0 0 0 0 0.8355375318955122 0
2459343.21 0 0 0 0 0 0 0 0 0 0 0 0 0 0 0.8362405409275396 0
2459343.26 0 0 0 0 0 0 0 0 0 0 0 0 0 0 0.8369435499595672 0
2459343.30 0 0 0 0 0 0 0 0 0 0 0 0 0 0 0.8376465589915948 0
2459343.34 0 0 0 0 0 0 0 0 0 0 0 0 0 0 0.8383495680236223 0
2459343.38 0 0 0 0 0 0 0 0 0 0 0 0 0 0 0.8390525770556498 0
2459343.42 0 0 0 0 0 0 0 0 0 0 0 0 0 0 0.8397555860876774 0
2459343.46 0 0 0 0 0 0 0 0 0 0 0 0 0 0 0.8404585951197049 0
2459343.51 0 0 0 0 0 0 0 0 0 0 0 0 0 0 0.8411616041517325 0
2459343.55 0 0 0 0 0 0 0 0 0 0 0 0 0 0 0.84186461318376 0
2459343.59 0 0 0 0 0 0 0 0 0 0 0 0 0 0 0.8425676222157875 0
2459343.63 0 0 0 0 0 0 0 0 0 0 0 0 0 0 0.8432706312478151 0
2459343.67 0 0 0 0 0 0 0 0 0 0 0 0 0 0 0.8439736402798427 0
2459343.71 0 0 0 0 0 0 0 0 0 0 0 0 0 0 0.8446766493118701 0
2459343.76 0 0 0 0 0 0 0 0 0 0 0 0 0 0 0.8453796583438977 0
2459343.80 0 0 0 0 0 0 0 0 0 0 0 0 0 0 0.8460826673759253 0
2459343.84 0 0 0 0 0 0 0 0 0 0 0 0 0 0 0.8467856764079527 0
2459343.88 0 0 0 0 0 0 0 0 0 0 0 0 0 0 0.8474886854399803 0
2459343.92 0 0 0 0 0 0 0 0 0 0 0 0 0 0 0.8481916944720079 0
2459343.97 0 0 0 0 0 0 0 0 0 0 0 0 0 0 0.8488947035040353 0
2459344.01 0 0 0 0 0 0 0 0 0 0 0 0 0 0 0.8495977125360628 0
2459344.05 0 0 0 0 0 0 0 0 0 0 0 0 0 0 0.8503007215680906 0
2459344.09 0 0 0 0 0 0 0 0 0 0 0 0 0 0 0.8510037306001179 0
2459344.13 0 0 0 0 0 0 0 0 0 0 0 0 0 0 0.8517067396321454 0
2459344.17 0 0 0 0 0 0 0 0 0 0 0 0 0 0 0.8524097486641732 0
2459344.22 0 0 0 0 0 0 0 0 0 0 0 0 0 0 0.8531127576962005 0
2459344.26 0 0 0 0 0 0 0 0 0 0 0 0 0 0 0.853815766728228 0
2459344.30 0 0 0 0 0 0 0 0 0 0 0 0 0 0 0.8545187757602556 0
2459344.34 0 0 0 0 0 0 0 0 0 0 0 0 0 0 0.8552217847922832 0
2459344.38 0 0 0 0 0 0 0 0 0 0 0 0 0 0 0.8559247938243106 0
2459344.42 0 0 0 0 0 0 0 0 0 0 0 0 0 0 0.8566278028563382 0
2459344.47 0 0 0 0 0 0 0 0 0 0 0 0 0 0 0.8573308118883658 0
2459344.51 0 0 0 0 0 0 0 0 0 0 0 0 0 0 0.8580338209203933 0
2459344.55 0 0 0 0 0 0 0 0 0 0 0 0 0 0 0.8587368299524208 0
2459344.59 0 0 0 0 0 0 0 0 0 0 0 0 0 0 0.8594398389844482 0
2459344.63 0 0 0 0 0 0 0 0 0 0 0 0 0 0 0.8601428480164759 0
2459344.67 0 0 0 0 0 0 0 0 0 0 0 0 0 0 0.8608458570485035 0
2459344.72 0 0 0 0 0 0 0 0 0 0 0 0 0 0 0.8615488660805308 0
2459344.76 0 0 0 0 0 0 0 0 0 0 0 0 0 0 0.8622518751125585 0
2459344.80 0 0 0 0 0 0 0 0 0 0 0 0 0 0 0.8629548841445861 0
2459344.84 0 0 0 0 0 0 0 0 0 0 0 0 0 0 0.8636578931766135 0
2459344.88 0 0 0 0 0 0 0 0 0 0 0 0 0 0 0.8643609022086411 0
2459344.92 0 0 0 0 0 0 0 0 0 0 0 0 0 0 0.8650639112406686 0
2459344.97 0 0 0 0 0 0 0 0 0 0 0 0 0 0 0.8657669202726961 0
2459345.01 0 0 0 0 0 0 0 0 0 0 0 0 0 0 0.8664699293047238 0
2459345.05 0 0 0 0 0 0 0 0 0 0 0 0 0 0 0.8671729383367512 0
2459345.09 0 0 0 0 0 0 0 0 0 0 0 0 0 0 0.8678759473687787 0
2459345.13 0 0 0 0 0 0 0 0 0 0 0 0 0 0 0.8685789564008064 0
2459345.17 0 0 0 0 0 0 0 0 0 0 0 0 0 0 0.8692819654328339 0
2459345.22 0 0 0 0 0 0 0 0 0 0 0 0 0 0 0.8699849744648613 0
2459345.26 0 0 0 0 0 0 0 0 0 0 0 0 0 0 0.8706879834968889 0
2459345.30 0 0 0 0 0 0 0 0 0 0 0 0 0 0 0.8713909925289165 0
2459345.34 0 0 0 0 0 0 0 0 0 0 0 0 0 0 0.872094001560944 0
2459345.38 0 0 0 0 0 0 0 0 0 0 0 0 0 0 0.8727970105929715 0
2459345.42 0 0 0 0 0 0 0 0 0 0 0 0 0 0 0.8735000196249991 0
2459345.47 0 0 0 0 0 0 0 0 0 0 0 0 0 0 0.8742030286570266 0
2459345.51 0 0 0 0 0 0 0 0 0 0 0 0 0 0 0.8749060376890542 0
2459345.55 0 0 0 0 0 0 0 0 0 0 0 0 0 0 0.8756090467210815 0
2459345.59 0 0 0 0 0 0 0 0 0 0 0 0 0 0 0.8763120557531092 0
2459345.63 0 0 0 0 0 0 0 0 0 0 0 0 0 0 0.8770150647851368 0
2459345.67 0 0 0 0 0 0 0 0 0 0 0 0 0 0 0.8777180738171642 0
2459345.72 0 0 0 0 0 0 0 0 0 0 0 0 0 0 0.8784210828491918 0
2459345.76 0 0 0 0 0 0 0 0 0 0 0 0 0 0 0.8791240918812194 0
2459345.80 0 0 0 0 0 0 0 0 0 0 0 0 0 0 0.8798271009132468 0
2459345.84 0 0 0 0 0 0 0 0 0 0 0 0 0 0 0.8805301099452745 0
2459345.88 0 0 0 0 0 0 0 0 0 0 0 0 0 0 0.8812331189773019 0
2459345.92 0 0 0 0 0 0 0 0 0 0 0 0 0 0 0.8819361280093294 0
2459345.97 0 0 0 0 0 0 0 0 0 0 0 0 0 0 0.8826391370413571 0
2459346.01 0 0 0 0 0 0 0 0 0 0 0 0 0 0 0.8833421460733846 0
2459346.05 0 0 0 0 0 0 0 0 0 0 0 0 0 0 0.884045155105412 0
2459346.09 0 0 0 0 0 0 0 0 0 0 0 0 0 0 0.8847481641374397 0
2459346.13 0 0 0 0 0 0 0 0 0 0 0 0 0 0 0.8854511731694672 0
2459346.18 0 0 0 0 0 0 0 0 0 0 0 0 0 0 0.8861541822014947 0
2459346.22 0 0 0 0 0 0 0 0 0 0 0 0 0 0 0.8868571912335222 0
2459346.26 0 0 0 0 0 0 0 0 0 0 0 0 0 0 0.8875602002655498 0
2459346.30 0 0 0 0 0 0 0 0 0 0 0 0 0 0 0.8882632092975773 0
2459346.34 0 0 0 0 0 0 0 0 0 0 0 0 0 0 0.8889662183296049 0
2459346.38 0 0 0 0 0 0 0 0 0 0 0 0 0 0 0.8896692273616325 0
2459346.43 0 0 0 0 0 0 0 0 0 0 0 0 0 0 0.8903722363936599 0
2459346.47 0 0 0 0 0 0 0 0 0 0 0 0 0 0 0.8910752454256875 0
2459346.51 0 0 0 0 0 0 0 0 0 0 0 0 0 0 0.8917782544577149 0
2459346.55 0 0 0 0 0 0 0 0 0 0 0 0 0 0 0.8924812634897425 0
2459346.59 0 0 0 0 0 0 0 0 0 0 0 0 0 0 0.8931842725217701 0
2459346.63 0 0 0 0 0 0 0 0 0 0 0 0 0 0 0.8938872815537975 0
2459346.68 0 0 0 0 0 0 0 0 0 0 0 0 0 0 0.8945902905858252 0
2459346.72 0 0 0 0 0 0 0 0 0 0 0 0 0 0 0.8952932996178528 0
2459346.76 0 0 0 0 0 0 0 0 0 0 0 0 0 0 0.8959963086498801 0
2459346.80 0 0 0 0 0 0 0 0 0 0 0 0 0 0 0.8966993176819077 0
2459346.84 0 0 0 0 0 0 0 0 0 0 0 0 0 0 0.8974023267139354 0
2459346.88 0 0 0 0 0 0 0 0 0 0 0 0 0 0 0.8981053357459627 0
2459346.93 0 0 0 0 0 0 0 0 0 0 0 0 0 0 0.8988083447779903 0
2459346.97 0 0 0 0 0 0 0 0 0 0 0 0 0 0 0.8995113538100179 0
2459347.01 0 0 0 0 0 0 0 0 0 0 0 0 0 0 0.9002143628420454 0
2459347.05 0 0 0 0 0 0 0 0 0 0 0 0 0 0 0.900917371874073 0
2459347.09 0 0 0 0 0 0 0 0 0 0 0 0 0 0 0.9016203809061005 0
2459347.13 0 0 0 0 0 0 0 0 0 0 0 0 0 0 0.902323389938128 0
2459347.18 0 0 0 0 0 0 0 0 0 0 0 0 0 0 0.9030263989701556 0
2459347.22 0 0 0 0 0 0 0 0 0 0 0 0 0 0 0.9037294080021832 0
2459347.26 0 0 0 0 0 0 0 0 0 0 0 0 0 0 0.9044324170342106 0
2459347.30 0 0 0 0 0 0 0 0 0 0 0 0 0 0 0.9051354260662382 0
2459347.34 0 0 0 0 0 0 0 0 0 0 0 0 0 0 0.9058384350982658 0
2459347.38 0 0 0 0 0 0 0 0 0 0 0 0 0 0 0.9065414441302933 0
2459347.43 0 0 0 0 0 0 0 0 0 0 0 0 0 0 0.9072444531623208 0
2459347.47 0 0 0 0 0 0 0 0 0 0 0 0 0 0 0.9079474621943484 0
2459347.51 0 0 0 0 0 0 0 0 0 0 0 0 0 0 0.9086504712263759 0
2459347.55 0 0 0 0 0 0 0 0 0 0 0 0 0 0 0.9093534802584035 0
2459347.59 0 0 0 0 0 0 0 0 0 0 0 0 0 0 0.9100564892904308 0
2459347.63 0 0 0 0 0 0 0 0 0 0 0 0 0 0 0.9107594983224585 0
2459347.68 0 0 0 0 0 0 0 0 0 0 0 0 0 0 0.9114625073544861 0
2459347.72 0 0 0 0 0 0 0 0 0 0 0 0 0 0 0.9121655163865134 0
2459347.76 0 0 0 0 0 0 0 0 0 0 0 0 0 0 0.9128685254185411 0
2459347.80 0 0 0 0 0 0 0 0 0 0 0 0 0 0 0.9135715344505687 0
2459347.84 0 0 0 0 0 0 0 0 0 0 0 0 0 0 0.9142745434825961 0
2459347.88 0 0 0 0 0 0 0 0 0 0 0 0 0 0 0.9149775525146236 0
2459347.93 0 0 0 0 0 0 0 0 0 0 0 0 0 0 0.9156805615466511 0
2459347.97 0 0 0 0 0 0 0 0 0 0 0 0 0 0 0.9163835705786787 0
2459348.01 0 0 0 0 0 0 0 0 0 0 0 0 0 0 0.9170865796107063 0
2459348.05 0 0 0 0 0 0 0 0 0 0 0 0 0 0 0.9177895886427337 0
2459348.09 0 0 0 0 0 0 0 0 0 0 0 0 0 0 0.9184925976747613 0
2459348.14 0 0 0 0 0 0 0 0 0 0 0 0 0 0 0.9191956067067889 0
2459348.18 0 0 0 0 0 0 0 0 0 0 0 0 0 0 0.9198986157388164 0
2459348.22 0 0 0 0 0 0 0 0 0 0 0 0 0 0 0.920601624770844 0
2459348.26 0 0 0 0 0 0 0 0 0 0 0 0 0 0 0.9213046338028715 0
2459348.30 0 0 0 0 0 0 0 0 0 0 0 0 0 0 0.922007642834899 0
2459348.34 0 0 0 0 0 0 0 0 0 0 0 0 0 0 0.9227106518669266 0
2459348.39 0 0 0 0 0 0 0 0 0 0 0 0 0 0 0.9234136608989542 0
2459348.43 0 0 0 0 0 0 0 0 0 0 0 0 0 0 0.9241166699309816 0
2459348.47 0 0 0 0 0 0 0 0 0 0 0 0 0 0 0.9248196789630092 0
2459348.51 0 0 0 0 0 0 0 0 0 0 0 0 0 0 0.9255226879950366 0
2459348.55 0 0 0 0 0 0 0 0 0 0 0 0 0 0 0.9262256970270641 0
2459348.59 0 0 0 0 0 0 0 0 0 0 0 0 0 0 0.9269287060590918 0
2459348.64 0 0 0 0 0 0 0 0 0 0 0 0 0 0 0.9276317150911192 0
2459348.68 0 0 0 0 0 0 0 0 0 0 0 0 0 0 0.9283347241231468 0
2459348.72 0 0 0 0 0 0 0 0 0 0 0 0 0 0 0.9290377331551745 0
2459348.76 0 0 0 0 0 0 0 0 0 0 0 0 0 0 0.9297407421872018 0
2459348.80 0 0 0 0 0 0 0 0 0 0 0 0 0 0 0.9304437512192294 0
2459348.84 0 0 0 0 0 0 0 0 0 0 0 0 0 0 0.931146760251257 0
2459348.89 0 0 0 0 0 0 0 0 0 0 0 0 0 0 0.9318497692832844 0
2459348.93 0 0 0 0 0 0 0 0 0 0 0 0 0 0 0.932552778315312 0
2459348.97 0 0 0 0 0 0 0 0 0 0 0 0 0 0 0.9332557873473396 0
2459349.01 0 0 0 0 0 0 0 0 0 0 0 0 0 0 0.9339587963793671 0
2459349.05 0 0 0 0 0 0 0 0 0 0 0 0 0 0 0.9346618054113947 0
2459349.09 0 0 0 0 0 0 0 0 0 0 0 0 0 0 0.9353648144434222 0
2459349.14 0 0 0 0 0 0 0 0 0 0 0 0 0 0 0.9360678234754496 0
2459349.18 0 0 0 0 0 0 0 0 0 0 0 0 0 0 0.9367708325074773 0
2459349.22 0 0 0 0 0 0 0 0 0 0 0 0 0 0 0.9374738415395049 0
2459349.26 0 0 0 0 0 0 0 0 0 0 0 0 0 0 0.9381768505715323 0
2459349.30 0 0 0 0 0 0 0 0 0 0 0 0 0 0 0.9388798596035599 0
2459349.34 0 0 0 0 0 0 0 0 0 0 0 0 0 0 0.9395828686355875 0
2459349.39 0 0 0 0 0 0 0 0 0 0 0 0 0 0 0.940285877667615 0
2459349.43 0 0 0 0 0 0 0 0 0 0 0 0 0 0 0.9409888866996425 0
2459349.47 0 0 0 0 0 0 0 0 0 0 0 0 0 0 0.9416918957316699 0
2459349.51 0 0 0 0 0 0 0 0 0 0 0 0 0 0 0.9423949047636975 0
2459349.55 0 0 0 0 0 0 0 0 0 0 0 0 0 0 0.9430979137957252 0
2459349.59 0 0 0 0 0 0 0 0 0 0 0 0 0 0 0.9438009228277525 0
2459349.64 0 0 0 0 0 0 0 0 0 0 0 0 0 0 0.9445039318597801 0
2459349.68 0 0 0 0 0 0 0 0 0 0 0 0 0 0 0.9452069408918078 0
2459349.72 0 0 0 0 0 0 0 0 0 0 0 0 0 0 0.9459099499238351 0
2459349.76 0 0 0 0 0 0 0 0 0 0 0 0 0 0 0.9466129589558627 0
2459349.80 0 0 0 0 0 0 0 0 0 0 0 0 0 0 0.9473159679878903 0
2459349.84 0 0 0 0 0 0 0 0 0 0 0 0 0 0 0.9480189770199178 0
2459349.89 0 0 0 0 0 0 0 0 0 0 0 0 0 0 0.9487219860519454 0
2459349.93 0 0 0 0 0 0 0 0 0 0 0 0 0 0 0.9494249950839729 0
2459349.97 0 0 0 0 0 0 0 0 0 0 0 0 0 0 0.9501280041160004 0
2459350.01 0 0 0 0 0 0 0 0 0 0 0 0 0 0 0.950831013148028 0
2459350.05 0 0 0 0 0 0 0 0 0 0 0 0 0 0 0.9515340221800556 0
2459350.09 0 0 0 0 0 0 0 0 0 0 0 0 0 0 0.9522370312120829 0
2459350.14 0 0 0 0 0 0 0 0 0 0 0 0 0 0 0.9529400402441106 0
2459350.18 0 0 0 0 0 0 0 0 0 0 0 0 0 0 0.9536430492761382 0
2459350.22 0 0 0 0 0 0 0 0 0 0 0 0 0 0 0.9543460583081655 0
2459350.26 0 0 0 0 0 0 0 0 0 0 0 0 0 0 0.9550490673401932 0
2459350.30 0 0 0 0 0 0 0 0 0 0 0 0 0 0 0.9557520763722208 0
2459350.35 0 0 0 0 0 0 0 0 0 0 0 0 0 0 0.9564550854042482 0
2459350.39 0 0 0 0 0 0 0 0 0 0 0 0 0 0 0.9571580944362759 0
2459350.43 0 0 0 0 0 0 0 0 0 0 0 0 0 0 0.9578611034683034 0
2459350.47 0 0 0 0 0 0 0 0 0 0 0 0 0 0 0.9585641125003308 0
2459350.51 0 0 0 0 0 0 0 0 0 0 0 0 0 0 0.9592671215323585 0
2459350.55 0 0 0 0 0 0 0 0 0 0 0 0 0 0 0.9599701305643858 0
2459350.60 0 0 0 0 0 0 0 0 0 0 0 0 0 0 0.9606731395964134 0
2459350.64 0 0 0 0 0 0 0 0 0 0 0 0 0 0 0.9613761486284411 0
2459350.68 0 0 0 0 0 0 0 0 0 0 0 0 0 0 0.9620791576604685 0
2459350.72 0 0 0 0 0 0 0 0 0 0 0 0 0 0 0.962782166692496 0
2459350.76 0 0 0 0 0 0 0 0 0 0 0 0 0 0 0.9634851757245237 0
2459350.80 0 0 0 0 0 0 0 0 0 0 0 0 0 0 0.9641881847565511 0
2459350.85 0 0 0 0 0 0 0 0 0 0 0 0 0 0 0.9648911937885787 0
2459350.89 0 0 0 0 0 0 0 0 0 0 0 0 0 0 0.9655942028206062 0
2459350.93 0 0 0 0 0 0 0 0 0 0 0 0 0 0 0.9662972118526337 0
2459350.97 0 0 0 0 0 0 0 0 0 0 0 0 0 0 0.9670002208846613 0
2459351.01 0 0 0 0 0 0 0 0 0 0 0 0 0 0 0.9677032299166888 0
2459351.05 0 0 0 0 0 0 0 0 0 0 0 0 0 0 0.9684062389487164 0
2459351.10 0 0 0 0 0 0 0 0 0 0 0 0 0 0 0.9691092479807439 0
2459351.14 0 0 0 0 0 0 0 0 0 0 0 0 0 0 0.9698122570127714 0
2459351.18 0 0 0 0 0 0 0 0 0 0 0 0 0 0 0.970515266044799 0
2459351.22 0 0 0 0 0 0 0 0 0 0 0 0 0 0 0.9712182750768266 0
2459351.26 0 0 0 0 0 0 0 0 0 0 0 0 0 0 0.971921284108854 0
2459351.30 0 0 0 0 0 0 0 0 0 0 0 0 0 0 0.9726242931408816 0
2459351.35 0 0 0 0 0 0 0 0 0 0 0 0 0 0 0.9733273021729092 0
2459351.39 0 0 0 0 0 0 0 0 0 0 0 0 0 0 0.9740303112049367 0
2459351.43 0 0 0 0 0 0 0 0 0 0 0 0 0 0 0.9747333202369642 0
2459351.47 0 0 0 0 0 0 0 0 0 0 0 0 0 0 0.9754363292689916 0
2459351.51 0 0 0 0 0 0 0 0 0 0 0 0 0 0 0.9761393383010192 0
2459351.55 0 0 0 0 0 0 0 0 0 0 0 0 0 0 0.9768423473330468 0
2459351.60 0 0 0 0 0 0 0 0 0 0 0 0 0 0 0.9775453563650742 0
2459351.64 0 0 0 0 0 0 0 0 0 0 0 0 0 0 0.9782483653971018 0
2459351.68 0 0 0 0 0 0 0 0 0 0 0 0 0 0 0.9789513744291294 0
2459351.72 0 0 0 0 0 0 0 0 0 0 0 0 0 0 0.9796543834611569 0
2459351.76 0 0 0 0 0 0 0 0 0 0 0 0 0 0 0.9803573924931844 0
2459351.80 0 0 0 0 0 0 0 0 0 0 0 0 0 0 0.981060401525212 0
2459351.85 0 0 0 0 0 0 0 0 0 0 0 0 0 0 0.9817634105572395 0
2459351.89 0 0 0 0 0 0 0 0 0 0 0 0 0 0 0.9824664195892671 0
2459351.93 0 0 0 0 0 0 0 0 0 0 0 0 0 0 0.9831694286212946 0
2459351.97 0 0 0 0 0 0 0 0 0 0 0 0 0 0 0.9838724376533221 0
2459352.01 0 0 0 0 0 0 0 0 0 0 0 0 0 0 0.9845754466853497 0
2459352.05 0 0 0 0 0 0 0 0 0 0 0 0 0 0 0.9852784557173773 0
2459352.10 0 0 0 0 0 0 0 0 0 0 0 0 0 0 0.9859814647494046 0
2459352.14 0 0 0 0 0 0 0 0 0 0 0 0 0 0 0.9866844737814322 0
2459352.18 0 0 0 0 0 0 0 0 0 0 0 0 0 0 0.9873874828134599 0
2459352.22 0 0 0 0 0 0 0 0 0 0 0 0 0 0 0.9880904918454873 0
2459352.26 0 0 0 0 0 0 0 0 0 0 0 0 0 0 0.9887935008775148 0
2459352.31 0 0 0 0 0 0 0 0 0 0 0 0 0 0 0.9894965099095425 0
2459352.35 0 0 0 0 0 0 0 0 0 0 0 0 0 0 0.9901995189415699 0
2459352.39 0 0 0 0 0 0 0 0 0 0 0 0 0 0 0.9909025279735975 0
2459352.43 0 0 0 0 0 0 0 0 0 0 0 0 0 0 0.9916055370056251 0
2459352.47 0 0 0 0 0 0 0 0 0 0 0 0 0 0 0.9923085460376525 0
2459352.51 0 0 0 0 0 0 0 0 0 0 0 0 0 0 0.9930115550696801 0
2459352.56 0 0 0 0 0 0 0 0 0 0 0 0 0 0 0.9937145641017078 0
2459352.60 0 0 0 0 0 0 0 0 0 0 0 0 0 0 0.9944175731337351 0
2459352.64 0 0 0 0 0 0 0 0 0 0 0 0 0 0 0.9951205821657627 0
2459352.68 0 0 0 0 0 0 0 0 0 0 0 0 0 0 0.9958235911977904 0
2459352.72 0 0 0 0 0 0 0 0 0 0 0 0 0 0 0.9965266002298176 0
2459352.76 0 0 0 0 0 0 0 0 0 0 0 0 0 0 0.9972296092618453 0
2459352.81 0 0 0 0 0 0 0 0 0 0 0 0 0 0 0.997932618293873 0
2459352.85 0 0 0 0 0 0 0 0 0 0 0 0 0 0 0.9986356273259003 0
2459352.89 0 0 0 0 0 0 0 0 0 0 0 0 0 0 0.999338636357928 0
2459352.93 0 0 0 0 0 0 0 0 0 0 0 0 0 0 1.0000416453899554 0
2459352.97 0 0 0 0 0 0 0 0 0 0 0 0 0 0 1.000744654421983 0
2459353.01 0 0 0 0 0 0 0 0 0 0 0 0 0 0 1.0014476634540106 0
2459353.06 0 0 0 0 0 0 0 0 0 0 0 0 0 0 1.002150672486038 0
2459353.10 0 0 0 0 0 0 0 0 0 0 0 0 0 0 1.0028536815180655 0
2459353.14 0 0 0 0 0 0 0 0 0 0 0 0 0 0 1.0035566905500932 0
2459353.18 0 0 0 0 0 0 0 0 0 0 0 0 0 0 1.0042596995821207 0
2459353.22 0 0 0 0 0 0 0 0 0 0 0 0 0 0 1.0049627086141482 0
2459353.26 0 0 0 0 0 0 0 0 0 0 0 0 0 0 1.0056657176461758 0
2459353.31 0 0 0 0 0 0 0 0 0 0 0 0 0 0 1.0063687266782033 0
2459353.35 0 0 0 0 0 0 0 0 0 0 0 0 0 0 1.0070717357102308 0
2459353.39 0 0 0 0 0 0 0 0 0 0 0 0 0 0 1.0077747447422583 0
2459353.43 0 0 0 0 0 0 0 0 0 0 0 0 0 0 1.008477753774286 0
2459353.47 0 0 0 0 0 0 0 0 0 0 0 0 0 0 1.0091807628063134 0
2459353.51 0 0 0 0 0 0 0 0 0 0 0 0 0 0 1.0098837718383409 0
2459353.56 0 0 0 0 0 0 0 0 0 0 0 0 0 0 1.0105867808703684 0
2459353.60 0 0 0 0 0 0 0 0 0 0 0 0 0 0 1.011289789902396 0
2459353.64 0 0 0 0 0 0 0 0 0 0 0 0 0 0 1.0119927989344235 0
2459353.68 0 0 0 0 0 0 0 0 0 0 0 0 0 0 1.012695807966451 0
2459353.72 0 0 0 0 0 0 0 0 0 0 0 0 0 0 1.0133988169984787 0
2459353.76 0 0 0 0 0 0 0 0 0 0 0 0 0 0 1.0141018260305061 0
2459353.81 0 0 0 0 0 0 0 0 0 0 0 0 0 0 1.0148048350625336 0
2459353.85 0 0 0 0 0 0 0 0 0 0 0 0 0 0 1.0155078440945613 0
2459353.89 0 0 0 0 0 0 0 0 0 0 0 0 0 0 1.0162108531265888 0
2459353.93 0 0 0 0 0 0 0 0 0 0 0 0 0 0 1.0169138621586162 0
2459353.97 0 0 0 0 0 0 0 0 0 0 0 0 0 0 1.017616871190644 0
2459354.01 0 0 0 0 0 0 0 0 0 0 0 0 0 0 1.0183198802226714 0
2459354.06 0 0 0 0 0 0 0 0 0 0 0 0 0 0 1.0190228892546989 0
2459354.10 0 0 0 0 0 0 0 0 0 0 0 0 0 0 1.0197258982867266 0
2459354.14 0 0 0 0 0 0 0 0 0 0 0 0 0 0 1.0204289073187538 0
2459354.18 0 0 0 0 0 0 0 0 0 0 0 0 0 0 1.0211319163507815 0
2459354.22 0 0 0 0 0 0 0 0 0 0 0 0 0 0 1.0218349253828092 0
2459354.26 0 0 0 0 0 0 0 0 0 0 0 0 0 0 1.0225379344148364 0
2459354.31 0 0 0 0 0 0 0 0 0 0 0 0 0 0 1.0232409434468641 0
2459354.35 0 0 0 0 0 0 0 0 0 0 0 0 0 0 1.0239439524788918 0
2459354.39 0 0 0 0 0 0 0 0 0 0 0 0 0 0 1.024646961510919 0
2459354.43 0 0 0 0 0 0 0 0 0 0 0 0 0 0 1.0253499705429467 0
2459354.47 0 0 0 0 0 0 0 0 0 0 0 0 0 0 1.0260529795749744 0
2459354.52 0 0 0 0 0 0 0 0 0 0 0 0 0 0 1.0267559886070017 0
2459354.56 0 0 0 0 0 0 0 0 0 0 0 0 0 0 1.0274589976390294 0
2459354.60 0 0 0 0 0 0 0 0 0 0 0 0 0 0 1.028162006671057 0
2459354.64 0 0 0 0 0 0 0 0 0 0 0 0 0 0 1.0288650157030843 0
2459354.68 0 0 0 0 0 0 0 0 0 0 0 0 0 0 1.029568024735112 0
2459354.72 0 0 0 0 0 0 0 0 0 0 0 0 0 0 1.0302710337671397 0
2459354.77 0 0 0 0 0 0 0 0 0 0 0 0 0 0 1.030974042799167 0
2459354.81 0 0 0 0 0 0 0 0 0 0 0 0 0 0 1.0316770518311946 0
2459354.85 0 0 0 0 0 0 0 0 0 0 0 0 0 0 1.032380060863222 0
2459354.89 0 0 0 0 0 0 0 0 0 0 0 0 0 0 1.0330830698952496 0
2459354.93 0 0 0 0 0 0 0 0 0 0 0 0 0 0 1.0337860789272773 0
2459354.97 0 0 0 0 0 0 0 0 0 0 0 0 0 0 1.0344890879593047 0
2459355.02 0 0 0 0 0 0 0 0 0 0 0 0 0 0 1.0351920969913322 0
2459355.06 0 0 0 0 0 0 0 0 0 0 0 0 0 0 1.0358951060233599 0
2459355.10 0 0 0 0 0 0 0 0 0 0 0 0 0 0 1.0365981150553873 0
2459355.14 0 0 0 0 0 0 0 0 0 0 0 0 0 0 1.0373011240874148 0
2459355.18 0 0 0 0 0 0 0 0 0 0 0 0 0 0 1.0380041331194425 0
2459355.22 0 0 0 0 0 0 0 0 0 0 0 0 0 0 1.03870714215147 0
2459355.27 0 0 0 0 0 0 0 0 0 0 0 0 0 0 1.0394101511834974 0
2459355.31 0 0 0 0 0 0 0 0 0 0 0 0 0 0 1.0401131602155251 0
2459355.35 0 0 0 0 0 0 0 0 0 0 0 0 0 0 1.0408161692475526 0
2459355.39 0 0 0 0 0 0 0 0 0 0 0 0 0 0 1.04151917827958 0
2459355.43 0 0 0 0 0 0 0 0 0 0 0 0 0 0 1.0422221873116075 0
2459355.47 0 0 0 0 0 0 0 0 0 0 0 0 0 0 1.042925196343635 0
2459355.52 0 0 0 0 0 0 0 0 0 0 0 0 0 0 1.0436282053756627 0
2459355.56 0 0 0 0 0 0 0 0 0 0 0 0 0 0 1.0443312144076902 0
2459355.60 0 0 0 0 0 0 0 0 0 0 0 0 0 0 1.0450342234397176 0
2459355.64 0 0 0 0 0 0 0 0 0 0 0 0 0 0 1.0457372324717453 0
2459355.68 0 0 0 0 0 0 0 0 0 0 0 0 0 0 1.0464402415037728 0
2459355.72 0 0 0 0 0 0 0 0 0 0 0 0 0 0 1.0471432505358003 0
2459355.77 0 0 0 0 0 0 0 0 0 0 0 0 0 0 1.047846259567828 0
2459355.81 0 0 0 0 0 0 0 0 0 0 0 0 0 0 1.0485492685998554 0
2459355.85 0 0 0 0 0 0 0 0 0 0 0 0 0 0 1.049252277631883 0
2459355.89 0 0 0 0 0 0 0 0 0 0 0 0 0 0 1.0499552866639106 0
2459355.93 0 0 0 0 0 0 0 0 0 0 0 0 0 0 1.050658295695938 0
2459355.97 0 0 0 0 0 0 0 0 0 0 0 0 0 0 1.0513613047279655 0
2459356.02 0 0 0 0 0 0 0 0 0 0 0 0 0 0 1.052064313759993 0
2459356.06 0 0 0 0 0 0 0 0 0 0 0 0 0 0 1.0527673227920205 0
2459356.10 0 0 0 0 0 0 0 0 0 0 0 0 0 0 1.0534703318240481 0
2459356.14 0 0 0 0 0 0 0 0 0 0 0 0 0 0 1.0541733408560756 0
2459356.18 0 0 0 0 0 0 0 0 0 0 0 0 0 0 1.054876349888103 0
2459356.22 0 0 0 0 0 0 0 0 0 0 0 0 0 0 1.0555793589201308 0
2459356.27 0 0 0 0 0 0 0 0 0 0 0 0 0 0 1.0562823679521582 0
2459356.31 0 0 0 0 0 0 0 0 0 0 0 0 0 0 1.0569853769841857 0
2459356.35 0 0 0 0 0 0 0 0 0 0 0 0 0 0 1.0576883860162134 0
2459356.39 0 0 0 0 0 0 0 0 0 0 0 0 0 0 1.0583913950482409 0
2459356.43 0 0 0 0 0 0 0 0 0 0 0 0 0 0 1.0590944040802683 0
2459356.48 0 0 0 0 0 0 0 0 0 0 0 0 0 0 1.059797413112296 0
2459356.52 0 0 0 0 0 0 0 0 0 0 0 0 0 0 1.0605004221443235 0
2459356.56 0 0 0 0 0 0 0 0 0 0 0 0 0 0 1.061203431176351 0
2459356.60 0 0 0 0 0 0 0 0 0 0 0 0 0 0 1.0619064402083787 0
2459356.64 0 0 0 0 0 0 0 0 0 0 0 0 0 0 1.062609449240406 0
2459356.68 0 0 0 0 0 0 0 0 0 0 0 0 0 0 1.0633124582724336 0
2459356.73 0 0 0 0 0 0 0 0 0 0 0 0 0 0 1.0640154673044613 0
2459356.77 0 0 0 0 0 0 0 0 0 0 0 0 0 0 1.0647184763364885 0
2459356.81 0 0 0 0 0 0 0 0 0 0 0 0 0 0 1.0654214853685162 0
2459356.85 0 0 0 0 0 0 0 0 0 0 0 0 0 0 1.066124494400544 0
2459356.89 0 0 0 0 0 0 0 0 0 0 0 0 0 0 1.0668275034325712 0
2459356.93 0 0 0 0 0 0 0 0 0 0 0 0 0 0 1.0675305124645988 0
2459356.98 0 0 0 0 0 0 0 0 0 0 0 0 0 0 1.0682335214966265 0
2459357.02 0 0 0 0 0 0 0 0 0 0 0 0 0 0 1.0689365305286538 0
2459357.06 0 0 0 0 0 0 0 0 0 0 0 0 0 0 1.0696395395606815 0
2459357.10 0 0 0 0 0 0 0 0 0 0 0 0 0 0 1.0703425485927092 0
2459357.14 0 0 0 0 0 0 0 0 0 0 0 0 0 0 1.0710455576247364 0
2459357.18 0 0 0 0 0 0 0 0 0 0 0 0 0 0 1.071748566656764 0
2459357.23 0 0 0 0 0 0 0 0 0 0 0 0 0 0 1.0724515756887918 0
2459357.27 0 0 0 0 0 0 0 0 0 0 0 0 0 0 1.073154584720819 0
2459357.31 0 0 0 0 0 0 0 0 0 0 0 0 0 0 1.0738575937528467 0
2459357.35 0 0 0 0 0 0 0 0 0 0 0 0 0 0 1.0745606027848744 0
2459357.39 0 0 0 0 0 0 0 0 0 0 0 0 0 0 1.0752636118169017 0
2459357.43 0 0 0 0 0 0 0 0 0 0 0 0 0 0 1.0759666208489294 0
2459357.48 0 0 0 0 0 0 0 0 0 0 0 0 0 0 1.0766696298809568 0
2459357.52 0 0 0 0 0 0 0 0 0 0 0 0 0 0 1.0773726389129843 0
2459357.56 0 0 0 0 0 0 0 0 0 0 0 0 0 0 1.078075647945012 0
2459357.60 0 0 0 0 0 0 0 0 0 0 0 0 0 0 1.0787786569770395 0
2459357.64 0 0 0 0 0 0 0 0 0 0 0 0 0 0 1.079481666009067 0
2459357.68 0 0 0 0 0 0 0 0 0 0 0 0 0 0 1.0801846750410946 0
2459357.73 0 0 0 0 0 0 0 0 0 0 0 0 0 0 1.080887684073122 0
2459357.77 0 0 0 0 0 0 0 0 0 0 0 0 0 0 1.0815906931051495 0
2459357.81 0 0 0 0 0 0 0 0 0 0 0 0 0 0 1.0822937021371772 0
2459357.85 0 0 0 0 0 0 0 0 0 0 0 0 0 0 1.0829967111692047 0
2459357.89 0 0 0 0 0 0 0 0 0 0 0 0 0 0 1.0836997202012322 0
2459357.93 0 0 0 0 0 0 0 0 0 0 0 0 0 0 1.0844027292332599 0
2459357.98 0 0 0 0 0 0 0 0 0 0 0 0 0 0 1.0851057382652873 0
2459358.02 0 0 0 0 0 0 0 0 0 0 0 0 0 0 1.0858087472973148 0
2459358.06 0 0 0 0 0 0 0 0 0 0 0 0 0 0 1.0865117563293423 0
2459358.10 0 0 0 0 0 0 0 0 0 0 0 0 0 0 1.0872147653613697 0
2459358.14 0 0 0 0 0 0 0 0 0 0 0 0 0 0 1.0879177743933974 0
2459358.18 0 0 0 0 0 0 0 0 0 0 0 0 0 0 1.088620783425425 0
2459358.23 0 0 0 0 0 0 0 0 0 0 0 0 0 0 1.0893237924574524 0
2459358.27 0 0 0 0 0 0 0 0 0 0 0 0 0 0 1.09002680148948 0
2459358.31 0 0 0 0 0 0 0 0 0 0 0 0 0 0 1.0907298105215075 0
2459358.35 0 0 0 0 0 0 0 0 0 0 0 0 0 0 1.091432819553535 0
2459358.39 0 0 0 0 0 0 0 0 0 0 0 0 0 0 1.0921358285855627 0
2459358.43 0 0 0 0 0 0 0 0 0 0 0 0 0 0 1.0928388376175902 0
2459358.48 0 0 0 0 0 0 0 0 0 0 0 0 0 0 1.0935418466496176 0
2459358.52 0 0 0 0 0 0 0 0 0 0 0 0 0 0 1.0942448556816453 0
2459358.56 0 0 0 0 0 0 0 0 0 0 0 0 0 0 1.0949478647136728 0
2459358.60 0 0 0 0 0 0 0 0 0 0 0 0 0 0 1.0956508737457002 0
2459358.64 0 0 0 0 0 0 0 0 0 0 0 0 0 0 1.096353882777728 0
2459358.69 0 0 0 0 0 0 0 0 0 0 0 0 0 0 1.0970568918097552 0
2459358.73 0 0 0 0 0 0 0 0 0 0 0 0 0 0 1.0977599008417829 0
2459358.77 0 0 0 0 0 0 0 0 0 0 0 0 0 0 1.0984629098738106 0
2459358.81 0 0 0 0 0 0 0 0 0 0 0 0 0 0 1.0991659189058378 0
2459358.85 0 0 0 0 0 0 0 0 0 0 0 0 0 0 1.0998689279378655 0
2459358.89 0 0 0 0 0 0 0 0 0 0 0 0 0 0 1.1005719369698932 0
2459358.94 0 0 0 0 0 0 0 0 0 0 0 0 0 0 1.1012749460019204 0
2459358.98 0 0 0 0 0 0 0 0 0 0 0 0 0 0 1.1019779550339481 0
2459359.02 0 0 0 0 0 0 0 0 0 0 0 0 0 0 1.1026809640659758 0
2459359.06 0 0 0 0 0 0 0 0 0 0 0 0 0 0 1.103383973098003 0
2459359.10 0 0 0 0 0 0 0 0 0 0 0 0 0 0 1.1040869821300308 0
2459359.14 0 0 0 0 0 0 0 0 0 0 0 0 0 0 1.1047899911620584 0
2459359.19 0 0 0 0 0 0 0 0 0 0 0 0 0 0 1.1054930001940857 0
2459359.23 0 0 0 0 0 0 0 0 0 0 0 0 0 0 1.1061960092261134 0
2459359.27 0 0 0 0 0 0 0 0 0 0 0 0 0 0 1.106899018258141 0
2459359.31 0 0 0 0 0 0 0 0 0 0 0 0 0 0 1.1076020272901683 0
2459359.35 0 0 0 0 0 0 0 0 0 0 0 0 0 0 1.108305036322196 0
2459359.39 0 0 0 0 0 0 0 0 0 0 0 0 0 0 1.1090080453542237 0
2459359.44 0 0 0 0 0 0 0 0 0 0 0 0 0 0 1.109711054386251 0
2459359.48 0 0 0 0 0 0 0 0 0 0 0 0 0 0 1.1104140634182786 0
2459359.52 0 0 0 0 0 0 0 0 0 0 0 0 0 0 1.111117072450306 0
2459359.56 0 0 0 0 0 0 0 0 0 0 0 0 0 0 1.1118200814823336 0
2459359.60 0 0 0 0 0 0 0 0 0 0 0 0 0 0 1.1125230905143613 0
2459359.64 0 0 0 0 0 0 0 0 0 0 0 0 0 0 1.1132260995463887 0
2459359.69 0 0 0 0 0 0 0 0 0 0 0 0 0 0 1.1139291085784162 0
2459359.73 0 0 0 0 0 0 0 0 0 0 0 0 0 0 1.114632117610444 0
2459359.77 0 0 0 0 0 0 0 0 0 0 0 0 0 0 1.1153351266424714 0
2459359.81 0 0 0 0 0 0 0 0 0 0 0 0 0 0 1.1160381356744988 0
2459359.85 0 0 0 0 0 0 0 0 0 0 0 0 0 0 1.1167411447065265 0
2459359.89 0 0 0 0 0 0 0 0 0 0 0 0 0 0 1.1174441537385538 0
2459359.94 0 0 0 0 0 0 0 0 0 0 0 0 0 0 1.1181471627705812 0
2459359.98 0 0 0 0 0 0 0 0 0 0 0 0 0 0 1.1188501718026087 0
2459360.02 0 0 0 0 0 0 0 0 0 0 0 0 0 0 1.1195531808346364 0
2459360.06 0 0 0 0 0 0 0 0 0 0 0 0 0 0 1.1202561898666639 0
2459360.10 0 0 0 0 0 0 0 0 0 0 0 0 0 0 1.1209591988986913 0
2459360.14 0 0 0 0 0 0 0 0 0 0 0 0 0 0 1.121662207930719 0
2459360.19 0 0 0 0 0 0 0 0 0 0 0 0 0 0 1.1223652169627465 0
2459360.23 0 0 0 0 0 0 0 0 0 0 0 0 0 0 1.123068225994774 0
2459360.27 0 0 0 0 0 0 0 0 0 0 0 0 0 0 1.1237712350268017 0
2459360.31 0 0 0 0 0 0 0 0 0 0 0 0 0 0 1.1244742440588291 0
2459360.35 0 0 0 0 0 0 0 0 0 0 0 0 0 0 1.1251772530908566 0
2459360.39 0 0 0 0 0 0 0 0 0 0 0 0 0 0 1.1258802621228843 0
2459360.44 0 0 0 0 0 0 0 0 0 0 0 0 0 0 1.1265832711549117 0
2459360.48 0 0 0 0 0 0 0 0 0 0 0 0 0 0 1.1272862801869392 0
2459360.52 0 0 0 0 0 0 0 0 0 0 0 0 0 0 1.127989289218967 0
2459360.56 0 0 0 0 0 0 0 0 0 0 0 0 0 0 1.1286922982509942 0
2459360.60 0 0 0 0 0 0 0 0 0 0 0 0 0 0 1.1293953072830218 0
2459360.65 0 0 0 0 0 0 0 0 0 0 0 0 0 0 1.1300983163150495 0
2459360.69 0 0 0 0 0 0 0 0 0 0 0 0 0 0 1.1308013253470768 0
2459360.73 0 0 0 0 0 0 0 0 0 0 0 0 0 0 1.1315043343791045 0
2459360.77 0 0 0 0 0 0 0 0 0 0 0 0 0 0 1.132207343411132 0
2459360.81 0 0 0 0 0 0 0 0 0 0 0 0 0 0 1.1329103524431594 0
2459360.85 0 0 0 0 0 0 0 0 0 0 0 0 0 0 1.133613361475187 0
2459360.90 0 0 0 0 0 0 0 0 0 0 0 0 0 0 1.1343163705072146 0
2459360.94 0 0 0 0 0 0 0 0 0 0 0 0 0 0 1.135019379539242 0
2459360.98 0 0 0 0 0 0 0 0 0 0 0 0 0 0 1.1357223885712697 0
2459361.02 0 0 0 0 0 0 0 0 0 0 0 0 0 0 1.1364253976032972 0
2459361.06 0 0 0 0 0 0 0 0 0 0 0 0 0 0 1.1371284066353247 0
2459361.10 0 0 0 0 0 0 0 0 0 0 0 0 0 0 1.1378314156673524 0
2459361.15 0 0 0 0 0 0 0 0 0 0 0 0 0 0 1.1385344246993798 0
2459361.19 0 0 0 0 0 0 0 0 0 0 0 0 0 0 1.1392374337314073 0
2459361.23 0 0 0 0 0 0 0 0 0 0 0 0 0 0 1.139940442763435 0
2459361.27 0 0 0 0 0 0 0 0 0 0 0 0 0 0 1.1406434517954624 0
2459361.31 0 0 0 0 0 0 0 0 0 0 0 0 0 0 1.14134646082749 0
2459361.35 0 0 0 0 0 0 0 0 0 0 0 0 0 0 1.1420494698595174 0
2459361.40 0 0 0 0 0 0 0 0 0 0 0 0 0 0 1.142752478891545 0
2459361.44 0 0 0 0 0 0 0 0 0 0 0 0 0 0 1.1434554879235725 0
2459361.48 0 0 0 0 0 0 0 0 0 0 0 0 0 0 1.1441584969556 0
2459361.52 0 0 0 0 0 0 0 0 0 0 0 0 0 0 1.1448615059876277 0
2459361.56 0 0 0 0 0 0 0 0 0 0 0 0 0 0 1.1455645150196552 0
2459361.60 0 0 0 0 0 0 0 0 0 0 0 0 0 0 1.1462675240516826 0
2459361.65 0 0 0 0 0 0 0 0 0 0 0 0 0 0 1.1469705330837103 0
2459361.69 0 0 0 0 0 0 0 0 0 0 0 0 0 0 1.1476735421157378 0
2459361.73 0 0 0 0 0 0 0 0 0 0 0 0 0 0 1.1483765511477653 0
2459361.77 0 0 0 0 0 0 0 0 0 0 0 0 0 0 1.149079560179793 0
2459361.81 0 0 0 0 0 0 0 0 0 0 0 0 0 0 1.1497825692118204 0
2459361.85 0 0 0 0 0 0 0 0 0 0 0 0 0 0 1.150485578243848 0
2459361.90 0 0 0 0 0 0 0 0 0 0 0 0 0 0 1.1511885872758756 0
2459361.94 0 0 0 0 0 0 0 0 0 0 0 0 0 0 1.151891596307903 0
2459361.98 0 0 0 0 0 0 0 0 0 0 0 0 0 0 1.1525946053399305 0
2459362.02 0 0 0 0 0 0 0 0 0 0 0 0 0 0 1.153297614371958 0
2459362.06 0 0 0 0 0 0 0 0 0 0 0 0 0 0 1.1540006234039857 0
2459362.10 0 0 0 0 0 0 0 0 0 0 0 0 0 0 1.1547036324360131 0
2459362.15 0 0 0 0 0 0 0 0 0 0 0 0 0 0 1.1554066414680406 0
2459362.19 0 0 0 0 0 0 0 0 0 0 0 0 0 0 1.1561096505000683 0
2459362.23 0 0 0 0 0 0 0 0 0 0 0 0 0 0 1.1568126595320958 0
2459362.27 0 0 0 0 0 0 0 0 0 0 0 0 0 0 1.1575156685641232 0
2459362.31 0 0 0 0 0 0 0 0 0 0 0 0 0 0 1.158218677596151 0
2459362.35 0 0 0 0 0 0 0 0 0 0 0 0 0 0 1.1589216866281784 0
2459362.40 0 0 0 0 0 0 0 0 0 0 0 0 0 0 1.1596246956602059 0
2459362.44 0 0 0 0 0 0 0 0 0 0 0 0 0 0 1.1603277046922336 0
2459362.48 0 0 0 0 0 0 0 0 0 0 0 0 0 0 1.161030713724261 0
2459362.52 0 0 0 0 0 0 0 0 0 0 0 0 0 0 1.1617337227562885 0
2459362.56 0 0 0 0 0 0 0 0 0 0 0 0 0 0 1.1624367317883162 0
2459362.60 0 0 0 0 0 0 0 0 0 0 0 0 0 0 1.1631397408203434 0
2459362.65 0 0 0 0 0 0 0 0 0 0 0 0 0 0 1.1638427498523711 0
2459362.69 0 0 0 0 0 0 0 0 0 0 0 0 0 0 1.1645457588843988 0
2459362.73 0 0 0 0 0 0 0 0 0 0 0 0 0 0 1.165248767916426 0
2459362.77 0 0 0 0 0 0 0 0 0 0 0 0 0 0 1.1659517769484538 0
2459362.81 0 0 0 0 0 0 0 0 0 0 0 0 0 0 1.1666547859804812 0
2459362.86 0 0 0 0 0 0 0 0 0 0 0 0 0 0 1.1673577950125087 0
2459362.90 0 0 0 0 0 0 0 0 0 0 0 0 0 0 1.1680608040445364 0
2459362.94 0 0 0 0 0 0 0 0 0 0 0 0 0 0 1.1687638130765639 0
2459362.98 0 0 0 0 0 0 0 0 0 0 0 0 0 0 1.1694668221085913 0
2459363.02 0 0 0 0 0 0 0 0 0 0 0 0 0 0 1.170169831140619 0
2459363.06 0 0 0 0 0 0 0 0 0 0 0 0 0 0 1.1708728401726465 0
2459363.11 0 0 0 0 0 0 0 0 0 0 0 0 0 0 1.171575849204674 0
2459363.15 0 0 0 0 0 0 0 0 0 0 0 0 0 0 1.1722788582367016 0
2459363.19 0 0 0 0 0 0 0 0 0 0 0 0 0 0 1.172981867268729 0
2459363.23 0 0 0 0 0 0 0 0 0 0 0 0 0 0 1.1736848763007566 0
2459363.27 0 0 0 0 0 0 0 0 0 0 0 0 0 0 1.1743878853327843 0
2459363.31 0 0 0 0 0 0 0 0 0 0 0 0 0 0 1.1750908943648117 0
2459363.36 0 0 0 0 0 0 0 0 0 0 0 0 0 0 1.1757939033968392 0
2459363.40 0 0 0 0 0 0 0 0 0 0 0 0 0 0 1.1764969124288667 0
2459363.44 0 0 0 0 0 0 0 0 0 0 0 0 0 0 1.1771999214608944 0
2459363.48 0 0 0 0 0 0 0 0 0 0 0 0 0 0 1.1779029304929218 0
2459363.52 0 0 0 0 0 0 0 0 0 0 0 0 0 0 1.1786059395249493 0
2459363.56 0 0 0 0 0 0 0 0 0 0 0 0 0 0 1.179308948556977 0
2459363.61 0 0 0 0 0 0 0 0 0 0 0 0 0 0 1.1800119575890045 0
2459363.65 0 0 0 0 0 0 0 0 0 0 0 0 0 0 1.180714966621032 0
2459363.69 0 0 0 0 0 0 0 0 0 0 0 0 0 0 1.1814179756530596 0
2459363.73 0 0 0 0 0 0 0 0 0 0 0 0 0 0 1.182120984685087 0
2459363.77 0 0 0 0 0 0 0 0 0 0 0 0 0 0 1.1828239937171146 0
2459363.81 0 0 0 0 0 0 0 0 0 0 0 0 0 0 1.1835270027491422 0
2459363.86 0 0 0 0 0 0 0 0 0 0 0 0 0 0 1.1842300117811695 0
2459363.90 0 0 0 0 0 0 0 0 0 0 0 0 0 0 1.1849330208131972 0
2459363.94 0 0 0 0 0 0 0 0 0 0 0 0 0 0 1.1856360298452249 0
2459363.98 0 0 0 0 0 0 0 0 0 0 0 0 0 0 1.1863390388772521 0
2459364.02 0 0 0 0 0 0 0 0 0 0 0 0 0 0 1.1870420479092798 0
2459364.06 0 0 0 0 0 0 0 0 0 0 0 0 0 0 1.1877450569413073 0
2459364.11 0 0 0 0 0 0 0 0 0 0 0 0 0 0 1.1884480659733347 0
2459364.15 0 0 0 0 0 0 0 0 0 0 0 0 0 0 1.1891510750053624 0
2459364.19 0 0 0 0 0 0 0 0 0 0 0 0 0 0 1.18985408403739 0
2459364.23 0 0 0 0 0 0 0 0 0 0 0 0 0 0 1.1905570930694174 0
2459364.27 0 0 0 0 0 0 0 0 0 0 0 0 0 0 1.191260102101445 0
2459364.31 0 0 0 0 0 0 0 0 0 0 0 0 0 0 1.1919631111334725 0
2459364.36 0 0 0 0 0 0 0 0 0 0 0 0 0 0 1.1926661201655 0
2459364.40 0 0 0 0 0 0 0 0 0 0 0 0 0 0 1.1933691291975277 0
2459364.44 0 0 0 0 0 0 0 0 0 0 0 0 0 0 1.1940721382295552 0
2459364.48 0 0 0 0 0 0 0 0 0 0 0 0 0 0 1.1947751472615826 0
2459364.52 0 0 0 0 0 0 0 0 0 0 0 0 0 0 1.1954781562936103 0
2459364.56 0 0 0 0 0 0 0 0 0 0 0 0 0 0 1.1961811653256378 0
2459364.61 0 0 0 0 0 0 0 0 0 0 0 0 0 0 1.1968841743576653 0
2459364.65 0 0 0 0 0 0 0 0 0 0 0 0 0 0 1.1975871833896927 0
2459364.69 0 0 0 0 0 0 0 0 0 0 0 0 0 0 1.1982901924217204 0
2459364.73 0 0 0 0 0 0 0 0 0 0 0 0 0 0 1.1989932014537479 0
2459364.77 0 0 0 0 0 0 0 0 0 0 0 0 0 0 1.1996962104857753 0
2459364.82 0 0 0 0 0 0 0 0 0 0 0 0 0 0 1.200399219517803 0
2459364.86 0 0 0 0 0 0 0 0 0 0 0 0 0 0 1.2011022285498305 0
2459364.90 0 0 0 0 0 0 0 0 0 0 0 0 0 0 1.201805237581858 0
2459364.94 0 0 0 0 0 0 0 0 0 0 0 0 0 0 1.2025082466138857 0
2459364.98 0 0 0 0 0 0 0 0 0 0 0 0 0 0 1.2032112556459131 0
2459365.02 0 0 0 0 0 0 0 0 0 0 0 0 0 0 1.2039142646779406 0
2459365.07 0 0 0 0 0 0 0 0 0 0 0 0 0 0 1.2046172737099683 0
2459365.11 0 0 0 0 0 0 0 0 0 0 0 0 0 0 1.2053202827419958 0
2459365.15 0 0 0 0 0 0 0 0 0 0 0 0 0 0 1.2060232917740232 0
2459365.19 0 0 0 0 0 0 0 0 0 0 0 0 0 0 1.206726300806051 0
2459365.23 0 0 0 0 0 0 0 0 0 0 0 0 0 0 1.2074293098380782 0
2459365.27 0 0 0 0 0 0 0 0 0 0 0 0 0 0 1.2081323188701059 0
2459365.32 0 0 0 0 0 0 0 0 0 0 0 0 0 0 1.2088353279021333 0
2459365.36 0 0 0 0 0 0 0 0 0 0 0 0 0 0 1.209538336934161 0
2459365.40 0 0 0 0 0 0 0 0 0 0 0 0 0 0 1.2102413459661885 0
2459365.44 0 0 0 0 0 0 0 0 0 0 0 0 0 0 1.210944354998216 0
2459365.48 0 0 0 0 0 0 0 0 0 0 0 0 0 0 1.2116473640302436 0
2459365.52 0 0 0 0 0 0 0 0 0 0 0 0 0 0 1.2123503730622711 0
2459365.57 0 0 0 0 0 0 0 0 0 0 0 0 0 0 1.2130533820942986 0
2459365.61 0 0 0 0 0 0 0 0 0 0 0 0 0 0 1.2137563911263263 0
2459365.65 0 0 0 0 0 0 0 0 0 0 0 0 0 0 1.2144594001583537 0
2459365.69 0 0 0 0 0 0 0 0 0 0 0 0 0 0 1.2151624091903812 0
2459365.73 0 0 0 0 0 0 0 0 0 0 0 0 0 0 1.215865418222409 0
2459365.77 0 0 0 0 0 0 0 0 0 0 0 0 0 0 1.2165684272544364 0
2459365.82 0 0 0 0 0 0 0 0 0 0 0 0 0 0 1.2172714362864638 0
2459365.86 0 0 0 0 0 0 0 0 0 0 0 0 0 0 1.2179744453184915 0
2459365.90 0 0 0 0 0 0 0 0 0 0 0 0 0 0 1.2186774543505188 0
2459365.94 0 0 0 0 0 0 0 0 0 0 0 0 0 0 1.2193804633825465 0
2459365.98 0 0 0 0 0 0 0 0 0 0 0 0 0 0 1.2200834724145742 0
2459366.02 0 0 0 0 0 0 0 0 0 0 0 0 0 0 1.2207864814466014 0
2459366.07 0 0 0 0 0 0 0 0 0 0 0 0 0 0 1.221489490478629 0
2459366.11 0 0 0 0 0 0 0 0 0 0 0 0 0 0 1.2221924995106566 0
2459366.15 0 0 0 0 0 0 0 0 0 0 0 0 0 0 1.222895508542684 0
2459366.19 0 0 0 0 0 0 0 0 0 0 0 0 0 0 1.2235985175747117 0
2459366.23 0 0 0 0 0 0 0 0 0 0 0 0 0 0 1.2243015266067392 0
2459366.27 0 0 0 0 0 0 0 0 0 0 0 0 0 0 1.2250045356387667 0
2459366.32 0 0 0 0 0 0 0 0 0 0 0 0 0 0 1.2257075446707943 0
2459366.36 0 0 0 0 0 0 0 0 0 0 0 0 0 0 1.2264105537028218 0
2459366.40 0 0 0 0 0 0 0 0 0 0 0 0 0 0 1.2271135627348493 0
2459366.44 0 0 0 0 0 0 0 0 0 0 0 0 0 0 1.227816571766877 0
2459366.48 0 0 0 0 0 0 0 0 0 0 0 0 0 0 1.2285195807989044 0
2459366.50 0 0 0 0 0 0 0 0 0 0 0 0 0 0 1.2288044940419345 0
2459366.54 0 0 0 0 0 0 0 0 0 0 0 0 0 0 1.229507503073962 0
2459366.58 0 0 0 0 0 0 0 0 0 0 0 0 0 0 1.2302105121059896 0
2459366.63 0 0 0 0 0 0 0 0 0 0 0 0 0 0 1.230913521138017 0
2459366.67 0 0 0 0 0 0 0 0 0 0 0 0 0 0 1.2316165301700446 0
2459366.71 0 0 0 0 0 0 0 0 0 0 0 0 0 0 1.2323195392020723 0
2459366.75 0 0 0 0 0 0 0 0 0 0 0 0 0 0 1.2330225482340997 0
2459366.79 0 0 0 0 0 0 0 0 0 0 0 0 0 0 1.2337255572661272 0
2459366.83 0 0 0 0 0 0 0 0 0 0 0 0 0 0 1.234428566298155 0
2459366.88 0 0 0 0 0 0 0 0 0 0 0 0 0 0 1.2351315753301824 0
2459366.92 0 0 0 0 0 0 0 0 0 0 0 0 0 0 1.2358345843622098 0
2459366.96 0 0 0 0 0 0 0 0 0 0 0 0 0 0 1.2365375933942375 0
2459367.00 0 0 0 0 0 0 0 0 0 0 0 0 0 0 1.2372406024262648 0
2459367.04 0 0 0 0 0 0 0 0 0 0 0 0 0 0 1.2379436114582925 0
2459367.08 0 0 0 0 0 0 0 0 0 0 0 0 0 0 1.23864662049032 0
2459367.13 0 0 0 0 0 0 0 0 0 0 0 0 0 0 1.2393496295223476 0
2459367.17 0 0 0 0 0 0 0 0 0 0 0 0 0 0 1.240052638554375 0
2459367.21 0 0 0 0 0 0 0 0 0 0 0 0 0 0 1.2407556475864026 0
2459367.25 0 0 0 0 0 0 0 0 0 0 0 0 0 0 1.2414586566184302 0
2459367.29 0 0 0 0 0 0 0 0 0 0 0 0 0 0 1.2421616656504577 0
2459367.33 0 0 0 0 0 0 0 0 0 0 0 0 0 0 1.2428646746824852 0
2459367.38 0 0 0 0 0 0 0 0 0 0 0 0 0 0 1.2435676837145129 0
2459367.42 0 0 0 0 0 0 0 0 0 0 0 0 0 0 1.2442706927465403 0
2459367.46 0 0 0 0 0 0 0 0 0 0 0 0 0 0 1.2449737017785678 0
2459367.50 0 0 0 0 0 0 0 0 0 0 0 0 0 0 1.2456767108105955 0
2459367.54 0 0 0 0 0 0 0 0 0 0 0 0 0 0 1.246379719842623 0
2459367.58 0 0 0 0 0 0 0 0 0 0 0 0 0 0 1.2470827288746504 0
2459367.63 0 0 0 0 0 0 0 0 0 0 0 0 0 0 1.2477857379066781 0
2459367.67 0 0 0 0 0 0 0 0 0 0 0 0 0 0 1.2484887469387054 0
2459367.71 0 0 0 0 0 0 0 0 0 0 0 0 0 0 1.249191755970733 0
2459367.75 0 0 0 0 0 0 0 0 0 0 0 0 0 0 1.2498947650027608 0
2459367.79 0 0 0 0 0 0 0 0 0 0 0 0 0 0 1.250597774034788 0
2459367.83 0 0 0 0 0 0 0 0 0 0 0 0 0 0 1.2513007830668157 0
2459367.88 0 0 0 0 0 0 0 0 0 0 0 0 0 0 1.2520037920988432 0
2459367.92 0 0 0 0 0 0 0 0 0 0 0 0 0 0 1.2527068011308706 0
2459367.96 0 0 0 0 0 0 0 0 0 0 0 0 0 0 1.2534098101628983 0
2459368.00 0 0 0 0 0 0 0 0 0 0 0 0 0 0 1.2541128191949258 0
2459368.04 0 0 0 0 0 0 0 0 0 0 0 0 0 0 1.2548158282269533 0
2459368.08 0 0 0 0 0 0 0 0 0 0 0 0 0 0 1.255518837258981 0
2459368.13 0 0 0 0 0 0 0 0 0 0 0 0 0 0 1.2562218462910084 0
2459368.17 0 0 0 0 0 0 0 0 0 0 0 0 0 0 1.2569248553230359 0
2459368.21 0 0 0 0 0 0 0 0 0 0 0 0 0 0 1.2576278643550636 0
2459368.25 0 0 0 0 0 0 0 0 0 0 0 0 0 0 1.258330873387091 0
2459368.29 0 0 0 0 0 0 0 0 0 0 0 0 0 0 1.2590338824191185 0
2459368.33 0 0 0 0 0 0 0 0 0 0 0 0 0 0 1.2597368914511462 0
2459368.38 0 0 0 0 0 0 0 0 0 0 0 0 0 0 1.2604399004831737 0
2459368.42 0 0 0 0 0 0 0 0 0 0 0 0 0 0 1.2611429095152011 0
2459368.46 0 0 0 0 0 0 0 0 0 0 0 0 0 0 1.2618459185472284 0
2459368.50 0 0 0 0 0 0 0 0 0 0 0 0 0 0 1.2625489275792563 0
2459368.54 0 0 0 0 0 0 0 0 0 0 0 0 0 0 1.2632519366112838 0
2459368.58 0 0 0 0 0 0 0 0 0 0 0 0 0 0 1.263954945643311 0
2459368.63 0 0 0 0 0 0 0 0 0 0 0 0 0 0 1.264657954675339 0
2459368.67 0 0 0 0 0 0 0 0 0 0 0 0 0 0 1.2653609637073664 0
2459368.71 0 0 0 0 0 0 0 0 0 0 0 0 0 0 1.2660639727393936 0
2459368.75 0 0 0 0 0 0 0 0 0 0 0 0 0 0 1.2667669817714216 0
2459368.79 0 0 0 0 0 0 0 0 0 0 0 0 0 0 1.267469990803449 0
2459368.84 0 0 0 0 0 0 0 0 0 0 0 0 0 0 1.2681729998354763 0
2459368.88 0 0 0 0 0 0 0 0 0 0 0 0 0 0 1.2688760088675042 0
2459368.92 0 0 0 0 0 0 0 0 0 0 0 0 0 0 1.2695790178995312 0
2459368.96 0 0 0 0 0 0 0 0 0 0 0 0 0 0 1.270282026931559 0
2459369.00 0 0 0 0 0 0 0 0 0 0 0 0 0 0 1.2709850359635868 0
2459369.04 0 0 0 0 0 0 0 0 0 0 0 0 0 0 1.2716880449956138 0
2459369.09 0 0 0 0 0 0 0 0 0 0 0 0 0 0 1.2723910540276415 0
2459369.13 0 0 0 0 0 0 0 0 0 0 0 0 0 0 1.2730940630596692 0
2459369.17 0 0 0 0 0 0 0 0 0 0 0 0 0 0 1.2737970720916965 0
2459369.21 0 0 0 0 0 0 0 0 0 0 0 0 0 0 1.2745000811237241 0
2459369.25 0 0 0 0 0 0 0 0 0 0 0 0 0 0 1.2752030901557518 0
2459369.29 0 0 0 0 0 0 0 0 0 0 0 0 0 0 1.275906099187779 0
2459369.34 0 0 0 0 0 0 0 0 0 0 0 0 0 0 1.2766091082198068 0
2459369.38 0 0 0 0 0 0 0 0 0 0 0 0 0 0 1.2773121172518345 0
2459369.42 0 0 0 0 0 0 0 0 0 0 0 0 0 0 1.2780151262838617 0
2459369.46 0 0 0 0 0 0 0 0 0 0 0 0 0 0 1.2787181353158894 0
2459369.50 0 0 0 0 0 0 0 0 0 0 0 0 0 0 1.279421144347917 0
2459369.54 0 0 0 0 0 0 0 0 0 0 0 0 0 0 1.2801241533799443 0
2459369.59 0 0 0 0 0 0 0 0 0 0 0 0 0 0 1.280827162411972 0
2459369.63 0 0 0 0 0 0 0 0 0 0 0 0 0 0 1.2815301714439997 0
2459369.67 0 0 0 0 0 0 0 0 0 0 0 0 0 0 1.282233180476027 0
2459369.71 0 0 0 0 0 0 0 0 0 0 0 0 0 0 1.2829361895080547 0
2459369.75 0 0 0 0 0 0 0 0 0 0 0 0 0 0 1.2836391985400823 0
2459369.79 0 0 0 0 0 0 0 0 0 0 0 0 0 0 1.2843422075721096 0
2459369.84 0 0 0 0 0 0 0 0 0 0 0 0 0 0 1.2850452166041373 0
2459369.88 0 0 0 0 0 0 0 0 0 0 0 0 0 0 1.285748225636165 0
2459369.92 0 0 0 0 0 0 0 0 0 0 0 0 0 0 1.2864512346681922 0
2459369.96 0 0 0 0 0 0 0 0 0 0 0 0 0 0 1.28715424370022 0
2459370.00 0 0 0 0 0 0 0 0 0 0 0 0 0 0 1.2878572527322476 0
2459370.04 0 0 0 0 0 0 0 0 0 0 0 0 0 0 1.2885602617642749 0
2459370.09 0 0 0 0 0 0 0 0 0 0 0 0 0 0 1.2892632707963025 0
2459370.13 0 0 0 0 0 0 0 0 0 0 0 0 0 0 1.2899662798283302 0
2459370.17 0 0 0 0 0 0 0 0 0 0 0 0 0 0 1.2906692888603575 0
2459370.21 0 0 0 0 0 0 0 0 0 0 0 0 0 0 1.2913722978923852 0
2459370.25 0 0 0 0 0 0 0 0 0 0 0 0 0 0 1.2920753069244129 0
2459370.29 0 0 0 0 0 0 0 0 0 0 0 0 0 0 1.29277831595644 0
2459370.34 0 0 0 0 0 0 0 0 0 0 0 0 0 0 1.2934813249884678 0
2459370.38 0 0 0 0 0 0 0 0 0 0 0 0 0 0 1.294184334020495 0
2459370.42 0 0 0 0 0 0 0 0 0 0 0 0 0 0 1.2948873430525227 0
2459370.46 0 0 0 0 0 0 0 0 0 0 0 0 0 0 1.2955903520845504 0
2459370.50 0 0 0 0 0 0 0 0 0 0 0 0 0 0 1.2962933611165777 0
2459370.54 0 0 0 0 0 0 0 0 0 0 0 0 0 0 1.2969963701486054 0
2459370.59 0 0 0 0 0 0 0 0 0 0 0 0 0 0 1.297699379180633 0
2459370.63 0 0 0 0 0 0 0 0 0 0 0 0 0 0 1.2984023882126603 0
2459370.67 0 0 0 0 0 0 0 0 0 0 0 0 0 0 1.299105397244688 0
2459370.71 0 0 0 0 0 0 0 0 0 0 0 0 0 0 1.2998084062767157 0
2459370.75 0 0 0 0 0 0 0 0 0 0 0 0 0 0 1.300511415308743 0
2459370.80 0 0 0 0 0 0 0 0 0 0 0 0 0 0 1.3012144243407706 0
2459370.84 0 0 0 0 0 0 0 0 0 0 0 0 0 0 1.3019174333727983 0
2459370.88 0 0 0 0 0 0 0 0 0 0 0 0 0 0 1.3026204424048256 0
2459370.92 0 0 0 0 0 0 0 0 0 0 0 0 0 0 1.3033234514368532 0
2459370.96 0 0 0 0 0 0 0 0 0 0 0 0 0 0 1.3040264604688805 0
2459371.00 0 0 0 0 0 0 0 0 0 0 0 0 0 0 1.3047294695009082 0
2459371.05 0 0 0 0 0 0 0 0 0 0 0 0 0 0 1.3054324785329359 0
2459371.09 0 0 0 0 0 0 0 0 0 0 0 0 0 0 1.3061354875649631 0
2459371.13 0 0 0 0 0 0 0 0 0 0 0 0 0 0 1.3068384965969908 0
2459371.17 0 0 0 0 0 0 0 0 0 0 0 0 0 0 1.3075415056290185 0
2459371.21 0 0 0 0 0 0 0 0 0 0 0 0 0 0 1.3082445146610457 0
2459371.25 0 0 0 0 0 0 0 0 0 0 0 0 0 0 1.3089475236930734 0
2459371.30 0 0 0 0 0 0 0 0 0 0 0 0 0 0 1.3096505327251011 0
2459371.34 0 0 0 0 0 0 0 0 0 0 0 0 0 0 1.3103535417571284 0
2459371.38 0 0 0 0 0 0 0 0 0 0 0 0 0 0 1.311056550789156 0
2459371.42 0 0 0 0 0 0 0 0 0 0 0 0 0 0 1.3117595598211838 0
2459371.46 0 0 0 0 0 0 0 0 0 0 0 0 0 0 1.312462568853211 0
2459371.50 0 0 0 0 0 0 0 0 0 0 0 0 0 0 1.3131655778852387 0
2459371.55 0 0 0 0 0 0 0 0 0 0 0 0 0 0 1.3138685869172664 0
2459371.59 0 0 0 0 0 0 0 0 0 0 0 0 0 0 1.3145715959492936 0
2459371.63 0 0 0 0 0 0 0 0 0 0 0 0 0 0 1.3152746049813213 0
2459371.67 0 0 0 0 0 0 0 0 0 0 0 0 0 0 1.315977614013349 0
2459371.71 0 0 0 0 0 0 0 0 0 0 0 0 0 0 1.3166806230453763 0
2459371.75 0 0 0 0 0 0 0 0 0 0 0 0 0 0 1.317383632077404 0
2459371.80 0 0 0 0 0 0 0 0 0 0 0 0 0 0 1.3180866411094316 0
2459371.84 0 0 0 0 0 0 0 0 0 0 0 0 0 0 1.3187896501414589 0
2459371.88 0 0 0 0 0 0 0 0 0 0 0 0 0 0 1.3194926591734866 0
2459371.92 0 0 0 0 0 0 0 0 0 0 0 0 0 0 1.3201956682055143 0
2459371.96 0 0 0 0 0 0 0 0 0 0 0 0 0 0 1.3208986772375415 0
2459372.00 0 0 0 0 0 0 0 0 0 0 0 0 0 0 1.3216016862695692 0
2459372.05 0 0 0 0 0 0 0 0 0 0 0 0 0 0 1.3223046953015969 0
2459372.09 0 0 0 0 0 0 0 0 0 0 0 0 0 0 1.3230077043336241 0
2459372.13 0 0 0 0 0 0 0 0 0 0 0 0 0 0 1.3237107133656518 0
2459372.17 0 0 0 0 0 0 0 0 0 0 0 0 0 0 1.3244137223976795 0
2459372.21 0 0 0 0 0 0 0 0 0 0 0 0 0 0 1.3251167314297068 0
2459372.25 0 0 0 0 0 0 0 0 0 0 0 0 0 0 1.3258197404617345 0
2459372.30 0 0 0 0 0 0 0 0 0 0 0 0 0 0 1.3265227494937621 0
2459372.34 0 0 0 0 0 0 0 0 0 0 0 0 0 0 1.3272257585257894 0
2459372.38 0 0 0 0 0 0 0 0 0 0 0 0 0 0 1.327928767557817 0
2459372.42 0 0 0 0 0 0 0 0 0 0 0 0 0 0 1.3286317765898448 0
2459372.46 0 0 0 0 0 0 0 0 0 0 0 0 0 0 1.329334785621872 0
2459372.50 0 0 0 0 0 0 0 0 0 0 0 0 0 0 1.3300377946538997 0
2459372.55 0 0 0 0 0 0 0 0 0 0 0 0 0 0 1.3307408036859274 0
2459372.59 0 0 0 0 0 0 0 0 0 0 0 0 0 0 1.3314438127179546 0
2459372.63 0 0 0 0 0 0 0 0 0 0 0 0 0 0 1.3321468217499823 0
2459372.67 0 0 0 0 0 0 0 0 0 0 0 0 0 0 1.33284983078201 0
2459372.71 0 0 0 0 0 0 0 0 0 0 0 0 0 0 1.3335528398140373 0
2459372.75 0 0 0 0 0 0 0 0 0 0 0 0 0 0 1.334255848846065 0
2459372.80 0 0 0 0 0 0 0 0 0 0 0 0 0 0 1.3349588578780922 0
2459372.84 0 0 0 0 0 0 0 0 0 0 0 0 0 0 1.33566186691012 0
2459372.88 0 0 0 0 0 0 0 0 0 0 0 0 0 0 1.3363648759421476 0
2459372.92 0 0 0 0 0 0 0 0 0 0 0 0 0 0 1.3370678849741748 0
2459372.96 0 0 0 0 0 0 0 0 0 0 0 0 0 0 1.3377708940062025 0
2459373.01 0 0 0 0 0 0 0 0 0 0 0 0 0 0 1.3384739030382302 0
2459373.05 0 0 0 0 0 0 0 0 0 0 0 0 0 0 1.3391769120702575 0
2459373.09 0 0 0 0 0 0 0 0 0 0 0 0 0 0 1.3398799211022852 0
2459373.13 0 0 0 0 0 0 0 0 0 0 0 0 0 0 1.3405829301343128 0
2459373.17 0 0 0 0 0 0 0 0 0 0 0 0 0 0 1.34128593916634 0
2459373.21 0 0 0 0 0 0 0 0 0 0 0 0 0 0 1.3419889481983678 0
2459373.26 0 0 0 0 0 0 0 0 0 0 0 0 0 0 1.3426919572303955 0
2459373.30 0 0 0 0 0 0 0 0 0 0 0 0 0 0 1.3433949662624227 0
2459373.34 0 0 0 0 0 0 0 0 0 0 0 0 0 0 1.3440979752944504 0
2459373.38 0 0 0 0 0 0 0 0 0 0 0 0 0 0 1.3448009843264777 0
2459373.42 0 0 0 0 0 0 0 0 0 0 0 0 0 0 1.3455039933585053 0
2459373.46 0 0 0 0 0 0 0 0 0 0 0 0 0 0 1.346207002390533 0
2459373.51 0 0 0 0 0 0 0 0 0 0 0 0 0 0 1.3469100114225603 0
2459373.55 0 0 0 0 0 0 0 0 0 0 0 0 0 0 1.347613020454588 0
2459373.59 0 0 0 0 0 0 0 0 0 0 0 0 0 0 1.3483160294866157 0
2459373.63 0 0 0 0 0 0 0 0 0 0 0 0 0 0 1.349019038518643 0
2459373.67 0 0 0 0 0 0 0 0 0 0 0 0 0 0 1.3497220475506706 0
2459373.71 0 0 0 0 0 0 0 0 0 0 0 0 0 0 1.3504250565826983 0
2459373.76 0 0 0 0 0 0 0 0 0 0 0 0 0 0 1.3511280656147255 0
2459373.80 0 0 0 0 0 0 0 0 0 0 0 0 0 0 1.3518310746467532 0
2459373.84 0 0 0 0 0 0 0 0 0 0 0 0 0 0 1.3525340836787805 0
2459373.88 0 0 0 0 0 0 0 0 0 0 0 0 0 0 1.3532370927108082 0
2459373.92 0 0 0 0 0 0 0 0 0 0 0 0 0 0 1.3539401017428359 0
2459373.96 0 0 0 0 0 0 0 0 0 0 0 0 0 0 1.354643110774863 0
2459374.01 0 0 0 0 0 0 0 0 0 0 0 0 0 0 1.3553461198068908 0
2459374.05 0 0 0 0 0 0 0 0 0 0 0 0 0 0 1.3560491288389185 0
2459374.09 0 0 0 0 0 0 0 0 0 0 0 0 0 0 1.3567521378709457 0
2459374.13 0 0 0 0 0 0 0 0 0 0 0 0 0 0 1.3574551469029734 0
2459374.17 0 0 0 0 0 0 0 0 0 0 0 0 0 0 1.358158155935001 0
2459374.21 0 0 0 0 0 0 0 0 0 0 0 0 0 0 1.3588611649670284 0
2459374.26 0 0 0 0 0 0 0 0 0 0 0 0 0 0 1.359564173999056 0
2459374.30 0 0 0 0 0 0 0 0 0 0 0 0 0 0 1.3602671830310837 0
2459374.34 0 0 0 0 0 0 0 0 0 0 0 0 0 0 1.360970192063111 0
2459374.38 0 0 0 0 0 0 0 0 0 0 0 0 0 0 1.3616732010951387 0
2459374.42 0 0 0 0 0 0 0 0 0 0 0 0 0 0 1.3623762101271664 0
2459374.46 0 0 0 0 0 0 0 0 0 0 0 0 0 0 1.3630792191591936 0
2459374.51 0 0 0 0 0 0 0 0 0 0 0 0 0 0 1.3637822281912213 0
2459374.55 0 0 0 0 0 0 0 0 0 0 0 0 0 0 1.364485237223249 0
2459374.59 0 0 0 0 0 0 0 0 0 0 0 0 0 0 1.3651882462552762 0
2459374.63 0 0 0 0 0 0 0 0 0 0 0 0 0 0 1.365891255287304 0
2459374.67 0 0 0 0 0 0 0 0 0 0 0 0 0 0 1.3665942643193316 0
2459374.71 0 0 0 0 0 0 0 0 0 0 0 0 0 0 1.3672972733513589 0
2459374.76 0 0 0 0 0 0 0 0 0 0 0 0 0 0 1.3680002823833866 0
2459374.80 0 0 0 0 0 0 0 0 0 0 0 0 0 0 1.3687032914154142 0
2459374.84 0 0 0 0 0 0 0 0 0 0 0 0 0 0 1.3694063004474415 0
2459374.88 0 0 0 0 0 0 0 0 0 0 0 0 0 0 1.3701093094794692 0
2459374.92 0 0 0 0 0 0 0 0 0 0 0 0 0 0 1.3708123185114969 0
2459374.97 0 0 0 0 0 0 0 0 0 0 0 0 0 0 1.3715153275435241 0
2459375.01 0 0 0 0 0 0 0 0 0 0 0 0 0 0 1.3722183365755518 0
2459375.05 0 0 0 0 0 0 0 0 0 0 0 0 0 0 1.3729213456075795 0
2459375.09 0 0 0 0 0 0 0 0 0 0 0 0 0 0 1.3736243546396067 0
2459375.13 0 0 0 0 0 0 0 0 0 0 0 0 0 0 1.3743273636716344 0
2459375.17 0 0 0 0 0 0 0 0 0 0 0 0 0 0 1.3750303727036621 0
2459375.22 0 0 0 0 0 0 0 0 0 0 0 0 0 0 1.3757333817356894 0
2459375.26 0 0 0 0 0 0 0 0 0 0 0 0 0 0 1.376436390767717 0
2459375.30 0 0 0 0 0 0 0 0 0 0 0 0 0 0 1.3771393997997443 0
2459375.34 0 0 0 0 0 0 0 0 0 0 0 0 0 0 1.377842408831772 0
2459375.38 0 0 0 0 0 0 0 0 0 0 0 0 0 0 1.3785454178637997 0
2459375.42 0 0 0 0 0 0 0 0 0 0 0 0 0 0 1.379248426895827 0
2459375.47 0 0 0 0 0 0 0 0 0 0 0 0 0 0 1.3799514359278546 0
2459375.51 0 0 0 0 0 0 0 0 0 0 0 0 0 0 1.3806544449598823 0
2459375.55 0 0 0 0 0 0 0 0 0 0 0 0 0 0 1.3813574539919096 0
2459375.59 0 0 0 0 0 0 0 0 0 0 0 0 0 0 1.3820604630239373 0
2459375.63 0 0 0 0 0 0 0 0 0 0 0 0 0 0 1.382763472055965 0
2459375.67 0 0 0 0 0 0 0 0 0 0 0 0 0 0 1.3834664810879922 0
2459375.72 0 0 0 0 0 0 0 0 0 0 0 0 0 0 1.3841694901200199 0
2459375.76 0 0 0 0 0 0 0 0 0 0 0 0 0 0 1.3848724991520476 0
2459375.80 0 0 0 0 0 0 0 0 0 0 0 0 0 0 1.3855755081840748 0
2459375.84 0 0 0 0 0 0 0 0 0 0 0 0 0 0 1.3862785172161025 0
2459375.88 0 0 0 0 0 0 0 0 0 0 0 0 0 0 1.3869815262481298 0
2459375.92 0 0 0 0 0 0 0 0 0 0 0 0 0 0 1.3876845352801574 0
2459375.97 0 0 0 0 0 0 0 0 0 0 0 0 0 0 1.3883875443121851 0
2459376.01 0 0 0 0 0 0 0 0 0 0 0 0 0 0 1.3890905533442124 0
2459376.05 0 0 0 0 0 0 0 0 0 0 0 0 0 0 1.38979356237624 0
2459376.09 0 0 0 0 0 0 0 0 0 0 0 0 0 0 1.3904965714082675 0
2459376.13 0 0 0 0 0 0 0 0 0 0 0 0 0 0 1.391199580440295 0
2459376.17 0 0 0 0 0 0 0 0 0 0 0 0 0 0 1.3919025894723227 0
2459376.22 0 0 0 0 0 0 0 0 0 0 0 0 0 0 1.3926055985043502 0
2459376.26 0 0 0 0 0 0 0 0 0 0 0 0 0 0 1.3933086075363776 0
2459376.30 0 0 0 0 0 0 0 0 0 0 0 0 0 0 1.3940116165684053 0
2459376.34 0 0 0 0 0 0 0 0 0 0 0 0 0 0 1.3947146256004328 0
2459376.38 0 0 0 0 0 0 0 0 0 0 0 0 0 0 1.3954176346324603 0
2459376.42 0 0 0 0 0 0 0 0 0 0 0 0 0 0 1.396120643664488 0
2459376.47 0 0 0 0 0 0 0 0 0 0 0 0 0 0 1.3968236526965154 0
2459376.51 0 0 0 0 0 0 0 0 0 0 0 0 0 0 1.397526661728543 0
2459376.55 0 0 0 0 0 0 0 0 0 0 0 0 0 0 1.3982296707605706 0
2459376.59 0 0 0 0 0 0 0 0 0 0 0 0 0 0 1.398932679792598 0
2459376.63 0 0 0 0 0 0 0 0 0 0 0 0 0 0 1.3996356888246255 0
2459376.67 0 0 0 0 0 0 0 0 0 0 0 0 0 0 1.400338697856653 0
2459376.72 0 0 0 0 0 0 0 0 0 0 0 0 0 0 1.4010417068886807 0
2459376.76 0 0 0 0 0 0 0 0 0 0 0 0 0 0 1.4017447159207082 0
2459376.80 0 0 0 0 0 0 0 0 0 0 0 0 0 0 1.4024477249527356 0
2459376.84 0 0 0 0 0 0 0 0 0 0 0 0 0 0 1.4031507339847633 0
2459376.88 0 0 0 0 0 0 0 0 0 0 0 0 0 0 1.4038537430167908 0
2459376.92 0 0 0 0 0 0 0 0 0 0 0 0 0 0 1.4045567520488182 0
2459376.97 0 0 0 0 0 0 0 0 0 0 0 0 0 0 1.405259761080846 0
2459377.01 0 0 0 0 0 0 0 0 0 0 0 0 0 0 1.4059627701128734 0
2459377.05 0 0 0 0 0 0 0 0 0 0 0 0 0 0 1.4066657791449009 0
2459377.09 0 0 0 0 0 0 0 0 0 0 0 0 0 0 1.4073687881769286 0
2459377.13 0 0 0 0 0 0 0 0 0 0 0 0 0 0 1.4080717972089558 0
2459377.18 0 0 0 0 0 0 0 0 0 0 0 0 0 0 1.4087748062409835 0
2459377.22 0 0 0 0 0 0 0 0 0 0 0 0 0 0 1.4094778152730112 0
2459377.26 0 0 0 0 0 0 0 0 0 0 0 0 0 0 1.4101808243050384 0
2459377.30 0 0 0 0 0 0 0 0 0 0 0 0 0 0 1.4108838333370661 0
2459377.34 0 0 0 0 0 0 0 0 0 0 0 0 0 0 1.4115868423690936 0
2459377.38 0 0 0 0 0 0 0 0 0 0 0 0 0 0 1.412289851401121 0
2459377.43 0 0 0 0 0 0 0 0 0 0 0 0 0 0 1.4129928604331488 0
2459377.47 0 0 0 0 0 0 0 0 0 0 0 0 0 0 1.4136958694651762 0
2459377.51 0 0 0 0 0 0 0 0 0 0 0 0 0 0 1.4143988784972037 0
2459377.55 0 0 0 0 0 0 0 0 0 0 0 0 0 0 1.4151018875292314 0
2459377.59 0 0 0 0 0 0 0 0 0 0 0 0 0 0 1.4158048965612589 0
2459377.63 0 0 0 0 0 0 0 0 0 0 0 0 0 0 1.4165079055932863 0
2459377.68 0 0 0 0 0 0 0 0 0 0 0 0 0 0 1.417210914625314 0
2459377.72 0 0 0 0 0 0 0 0 0 0 0 0 0 0 1.4179139236573415 0
2459377.76 0 0 0 0 0 0 0 0 0 0 0 0 0 0 1.418616932689369 0
2459377.80 0 0 0 0 0 0 0 0 0 0 0 0 0 0 1.4193199417213966 0
2459377.84 0 0 0 0 0 0 0 0 0 0 0 0 0 0 1.420022950753424 0
2459377.88 0 0 0 0 0 0 0 0 0 0 0 0 0 0 1.4207259597854516 0
2459377.93 0 0 0 0 0 0 0 0 0 0 0 0 0 0 1.421428968817479 0
2459377.97 0 0 0 0 0 0 0 0 0 0 0 0 0 0 1.4221319778495067 0
2459378.01 0 0 0 0 0 0 0 0 0 0 0 0 0 0 1.4228349868815342 0
2459378.05 0 0 0 0 0 0 0 0 0 0 0 0 0 0 1.423537995913562 0
2459378.09 0 0 0 0 0 0 0 0 0 0 0 0 0 0 1.4242410049455894 0
2459378.13 0 0 0 0 0 0 0 0 0 0 0 0 0 0 1.4249440139776168 0
2459378.18 0 0 0 0 0 0 0 0 0 0 0 0 0 0 1.4256470230096445 0
2459378.22 0 0 0 0 0 0 0 0 0 0 0 0 0 0 1.426350032041672 0
2459378.26 0 0 0 0 0 0 0 0 0 0 0 0 0 0 1.4270530410736995 0
2459378.30 0 0 0 0 0 0 0 0 0 0 0 0 0 0 1.4277560501057271 0
2459378.34 0 0 0 0 0 0 0 0 0 0 0 0 0 0 1.4284590591377546 0
2459378.38 0 0 0 0 0 0 0 0 0 0 0 0 0 0 1.429162068169782 0
2459378.43 0 0 0 0 0 0 0 0 0 0 0 0 0 0 1.4298650772018098 0
2459378.47 0 0 0 0 0 0 0 0 0 0 0 0 0 0 1.4305680862338372 0
2459378.51 0 0 0 0 0 0 0 0 0 0 0 0 0 0 1.4312710952658647 0
2459378.55 0 0 0 0 0 0 0 0 0 0 0 0 0 0 1.4319741042978924 0
2459378.59 0 0 0 0 0 0 0 0 0 0 0 0 0 0 1.4326771133299196 0
2459378.63 0 0 0 0 0 0 0 0 0 0 0 0 0 0 1.4333801223619473 0
2459378.68 0 0 0 0 0 0 0 0 0 0 0 0 0 0 1.434083131393975 0
2459378.72 0 0 0 0 0 0 0 0 0 0 0 0 0 0 1.4347861404260023 0
2459378.76 0 0 0 0 0 0 0 0 0 0 0 0 0 0 1.43548914945803 0
2459378.80 0 0 0 0 0 0 0 0 0 0 0 0 0 0 1.4361921584900577 0
2459378.84 0 0 0 0 0 0 0 0 0 0 0 0 0 0 1.436895167522085 0
2459378.88 0 0 0 0 0 0 0 0 0 0 0 0 0 0 1.4375981765541126 0
2459378.93 0 0 0 0 0 0 0 0 0 0 0 0 0 0 1.4383011855861403 0
2459378.97 0 0 0 0 0 0 0 0 0 0 0 0 0 0 1.4390041946181675 0
2459379.01 0 0 0 0 0 0 0 0 0 0 0 0 0 0 1.4397072036501952 0
2459379.05 0 0 0 0 0 0 0 0 0 0 0 0 0 0 1.440410212682223 0
2459379.09 0 0 0 0 0 0 0 0 0 0 0 0 0 0 1.4411132217142502 0
2459379.14 0 0 0 0 0 0 0 0 0 0 0 0 0 0 1.4418162307462778 0
2459379.18 0 0 0 0 0 0 0 0 0 0 0 0 0 0 1.442519239778305 0
2459379.22 0 0 0 0 0 0 0 0 0 0 0 0 0 0 1.4432222488103328 0
2459379.26 0 0 0 0 0 0 0 0 0 0 0 0 0 0 1.4439252578423605 0
2459379.30 0 0 0 0 0 0 0 0 0 0 0 0 0 0 1.4446282668743877 0
2459379.34 0 0 0 0 0 0 0 0 0 0 0 0 0 0 1.4453312759064154 0
2459379.39 0 0 0 0 0 0 0 0 0 0 0 0 0 0 1.4460342849384429 0
2459379.43 0 0 0 0 0 0 0 0 0 0 0 0 0 0 1.4467372939704704 0
2459379.47 0 0 0 0 0 0 0 0 0 0 0 0 0 0 1.447440303002498 0
2459379.51 0 0 0 0 0 0 0 0 0 0 0 0 0 0 1.4481433120345255 0
2459379.55 0 0 0 0 0 0 0 0 0 0 0 0 0 0 1.448846321066553 0
2459379.59 0 0 0 0 0 0 0 0 0 0 0 0 0 0 1.4495493300985807 0
2459379.64 0 0 0 0 0 0 0 0 0 0 0 0 0 0 1.4502523391306081 0
2459379.68 0 0 0 0 0 0 0 0 0 0 0 0 0 0 1.4509553481626356 0
2459379.72 0 0 0 0 0 0 0 0 0 0 0 0 0 0 1.4516583571946633 0
2459379.76 0 0 0 0 0 0 0 0 0 0 0 0 0 0 1.4523613662266908 0
2459379.80 0 0 0 0 0 0 0 0 0 0 0 0 0 0 1.4530643752587182 0
2459379.84 0 0 0 0 0 0 0 0 0 0 0 0 0 0 1.453767384290746 0
2459379.89 0 0 0 0 0 0 0 0 0 0 0 0 0 0 1.4544703933227734 0
2459379.93 0 0 0 0 0 0 0 0 0 0 0 0 0 0 1.4551734023548009 0
2459379.97 0 0 0 0 0 0 0 0 0 0 0 0 0 0 1.4558764113868286 0
2459380.01 0 0 0 0 0 0 0 0 0 0 0 0 0 0 1.456579420418856 0
2459380.05 0 0 0 0 0 0 0 0 0 0 0 0 0 0 1.4572824294508835 0
2459380.09 0 0 0 0 0 0 0 0 0 0 0 0 0 0 1.4579854384829112 0
2459380.14 0 0 0 0 0 0 0 0 0 0 0 0 0 0 1.4586884475149386 0
2459380.18 0 0 0 0 0 0 0 0 0 0 0 0 0 0 1.4593914565469661 0
2459380.22 0 0 0 0 0 0 0 0 0 0 0 0 0 0 1.4600944655789938 0
2459380.26 0 0 0 0 0 0 0 0 0 0 0 0 0 0 1.4607974746110213 0
2459380.30 0 0 0 0 0 0 0 0 0 0 0 0 0 0 1.4615004836430487 0
2459380.34 0 0 0 0 0 0 0 0 0 0 0 0 0 0 1.4622034926750764 0
2459380.39 0 0 0 0 0 0 0 0 0 0 0 0 0 0 1.462906501707104 0
2459380.43 0 0 0 0 0 0 0 0 0 0 0 0 0 0 1.4636095107391314 0
2459380.47 0 0 0 0 0 0 0 0 0 0 0 0 0 0 1.464312519771159 0
2459380.51 0 0 0 0 0 0 0 0 0 0 0 0 0 0 1.4650155288031865 0
2459380.55 0 0 0 0 0 0 0 0 0 0 0 0 0 0 1.4657185378352138 0
2459380.59 0 0 0 0 0 0 0 0 0 0 0 0 0 0 1.4664215468672417 0
2459380.64 0 0 0 0 0 0 0 0 0 0 0 0 0 0 1.467124555899269 0
2459380.68 0 0 0 0 0 0 0 0 0 0 0 0 0 0 1.4678275649312964 0
2459380.72 0 0 0 0 0 0 0 0 0 0 0 0 0 0 1.4685305739633243 0
2459380.76 0 0 0 0 0 0 0 0 0 0 0 0 0 0 1.4692335829953516 0
2459380.80 0 0 0 0 0 0 0 0 0 0 0 0 0 0 1.469936592027379 0
2459380.84 0 0 0 0 0 0 0 0 0 0 0 0 0 0 1.470639601059407 0
2459380.89 0 0 0 0 0 0 0 0 0 0 0 0 0 0 1.4713426100914342 0
2459380.93 0 0 0 0 0 0 0 0 0 0 0 0 0 0 1.4720456191234617 0
2459380.97 0 0 0 0 0 0 0 0 0 0 0 0 0 0 1.4727486281554896 0
2459381.01 0 0 0 0 0 0 0 0 0 0 0 0 0 0 1.4734516371875168 0
2459381.05 0 0 0 0 0 0 0 0 0 0 0 0 0 0 1.4741546462195443 0
2459381.09 0 0 0 0 0 0 0 0 0 0 0 0 0 0 1.4748576552515722 0
2459381.14 0 0 0 0 0 0 0 0 0 0 0 0 0 0 1.4755606642835994 0
2459381.18 0 0 0 0 0 0 0 0 0 0 0 0 0 0 1.476263673315627 0
2459381.22 0 0 0 0 0 0 0 0 0 0 0 0 0 0 1.4769666823476544 0
2459381.26 0 0 0 0 0 0 0 0 0 0 0 0 0 0 1.477669691379682 0
2459381.30 0 0 0 0 0 0 0 0 0 0 0 0 0 0 1.4783727004117095 0
2459381.35 0 0 0 0 0 0 0 0 0 0 0 0 0 0 1.479075709443737 0
2459381.39 0 0 0 0 0 0 0 0 0 0 0 0 0 0 1.4797787184757647 0
2459381.43 0 0 0 0 0 0 0 0 0 0 0 0 0 0 1.4804817275077922 0
2459381.47 0 0 0 0 0 0 0 0 0 0 0 0 0 0 1.4811847365398196 0
2459381.51 0 0 0 0 0 0 0 0 0 0 0 0 0 0 1.4818877455718473 0
2459381.55 0 0 0 0 0 0 0 0 0 0 0 0 0 0 1.4825907546038748 0
2459381.60 0 0 0 0 0 0 0 0 0 0 0 0 0 0 1.4832937636359023 0
2459381.64 0 0 0 0 0 0 0 0 0 0 0 0 0 0 1.48399677266793 0
2459381.68 0 0 0 0 0 0 0 0 0 0 0 0 0 0 1.4846997816999574 0
2459381.72 0 0 0 0 0 0 0 0 0 0 0 0 0 0 1.485402790731985 0
2459381.76 0 0 0 0 0 0 0 0 0 0 0 0 0 0 1.4861057997640126 0
2459381.80 0 0 0 0 0 0 0 0 0 0 0 0 0 0 1.4868088087960396 0
2459381.85 0 0 0 0 0 0 0 0 0 0 0 0 0 0 1.4875118178280675 0
2459381.89 0 0 0 0 0 0 0 0 0 0 0 0 0 0 1.4882148268600952 0
2459381.93 0 0 0 0 0 0 0 0 0 0 0 0 0 0 1.4889178358921222 0
2459381.97 0 0 0 0 0 0 0 0 0 0 0 0 0 0 1.4896208449241501 0
2459382.01 0 0 0 0 0 0 0 0 0 0 0 0 0 0 1.4903238539561778 0
2459382.05 0 0 0 0 0 0 0 0 0 0 0 0 0 0 1.4910268629882049 0
2459382.10 0 0 0 0 0 0 0 0 0 0 0 0 0 0 1.4917298720202328 0
2459382.14 0 0 0 0 0 0 0 0 0 0 0 0 0 0 1.4924328810522605 0
2459382.18 0 0 0 0 0 0 0 0 0 0 0 0 0 0 1.4931358900842875 0
2459382.22 0 0 0 0 0 0 0 0 0 0 0 0 0 0 1.4938388991163154 0
2459382.26 0 0 0 0 0 0 0 0 0 0 0 0 0 0 1.494541908148343 0
2459382.30 0 0 0 0 0 0 0 0 0 0 0 0 0 0 1.4952449171803706 0
2459382.35 0 0 0 0 0 0 0 0 0 0 0 0 0 0 1.495947926212398 0
2459382.39 0 0 0 0 0 0 0 0 0 0 0 0 0 0 1.4966509352444257 0
2459382.43 0 0 0 0 0 0 0 0 0 0 0 0 0 0 1.4973539442764532 0
2459382.47 0 0 0 0 0 0 0 0 0 0 0 0 0 0 1.4980569533084804 0
2459382.51 0 0 0 0 0 0 0 0 0 0 0 0 0 0 1.4987599623405083 0
2459382.55 0 0 0 0 0 0 0 0 0 0 0 0 0 0 1.4994629713725358 0
2459382.60 0 0 0 0 0 0 0 0 0 0 0 0 0 0 1.500165980404563 0
2459382.64 0 0 0 0 0 0 0 0 0 0 0 0 0 0 1.500868989436591 0
2459382.68 0 0 0 0 0 0 0 0 0 0 0 0 0 0 1.501571998468618 0
2459382.72 0 0 0 0 0 0 0 0 0 0 0 0 0 0 1.5022750075006457 0
2459382.76 0 0 0 0 0 0 0 0 0 0 0 0 0 0 1.5029780165326736 0
2459382.80 0 0 0 0 0 0 0 0 0 0 0 0 0 0 1.5036810255647006 0
2459382.85 0 0 0 0 0 0 0 0 0 0 0 0 0 0 1.5043840345967283 0
2459382.89 0 0 0 0 0 0 0 0 0 0 0 0 0 0 1.5050870436287562 0
2459382.93 0 0 0 0 0 0 0 0 0 0 0 0 0 0 1.5057900526607833 0
2459382.97 0 0 0 0 0 0 0 0 0 0 0 0 0 0 1.506493061692811 0
2459383.01 0 0 0 0 0 0 0 0 0 0 0 0 0 0 1.5071960707248389 0
2459383.05 0 0 0 0 0 0 0 0 0 0 0 0 0 0 1.5078990797568659 0
2459383.10 0 0 0 0 0 0 0 0 0 0 0 0 0 0 1.5086020887888936 0
2459383.14 0 0 0 0 0 0 0 0 0 0 0 0 0 0 1.5093050978209215 0
2459383.18 0 0 0 0 0 0 0 0 0 0 0 0 0 0 1.5100081068529485 0
2459383.22 0 0 0 0 0 0 0 0 0 0 0 0 0 0 1.5107111158849762 0
2459383.26 0 0 0 0 0 0 0 0 0 0 0 0 0 0 1.5114141249170037 0
2459383.31 0 0 0 0 0 0 0 0 0 0 0 0 0 0 1.5121171339490311 0
2459383.35 0 0 0 0 0 0 0 0 0 0 0 0 0 0 1.5128201429810588 0
2459383.39 0 0 0 0 0 0 0 0 0 0 0 0 0 0 1.5135231520130863 0
2459383.43 0 0 0 0 0 0 0 0 0 0 0 0 0 0 1.5142261610451138 0
2459383.47 0 0 0 0 0 0 0 0 0 0 0 0 0 0 1.5149291700771415 0
2459383.51 0 0 0 0 0 0 0 0 0 0 0 0 0 0 1.515632179109169 0
2459383.56 0 0 0 0 0 0 0 0 0 0 0 0 0 0 1.5163351881411964 0
2459383.60 0 0 0 0 0 0 0 0 0 0 0 0 0 0 1.517038197173224 0
2459383.64 0 0 0 0 0 0 0 0 0 0 0 0 0 0 1.5177412062052515 0
2459383.68 0 0 0 0 0 0 0 0 0 0 0 0 0 0 1.518444215237279 0
2459383.72 0 0 0 0 0 0 0 0 0 0 0 0 0 0 1.5191472242693067 0
2459383.76 0 0 0 0 0 0 0 0 0 0 0 0 0 0 1.5198502333013342 0
2459383.81 0 0 0 0 0 0 0 0 0 0 0 0 0 0 1.5205532423333616 0
2459383.85 0 0 0 0 0 0 0 0 0 0 0 0 0 0 1.521256251365389 0
2459383.89 0 0 0 0 0 0 0 0 0 0 0 0 0 0 1.5219592603974168 0
2459383.93 0 0 0 0 0 0 0 0 0 0 0 0 0 0 1.5226622694294443 0
2459383.97 0 0 0 0 0 0 0 0 0 0 0 0 0 0 1.5233652784614715 0
2459384.01 0 0 0 0 0 0 0 0 0 0 0 0 0 0 1.5240682874934994 0
2459384.06 0 0 0 0 0 0 0 0 0 0 0 0 0 0 1.524771296525527 0
2459384.10 0 0 0 0 0 0 0 0 0 0 0 0 0 0 1.5254743055575541 0
2459384.14 0 0 0 0 0 0 0 0 0 0 0 0 0 0 1.526177314589582 0
2459384.18 0 0 0 0 0 0 0 0 0 0 0 0 0 0 1.5268803236216095 0
2459384.22 0 0 0 0 0 0 0 0 0 0 0 0 0 0 1.5275833326536368 0
2459384.26 0 0 0 0 0 0 0 0 0 0 0 0 0 0 1.5282863416856647 0
2459384.31 0 0 0 0 0 0 0 0 0 0 0 0 0 0 1.5289893507176922 0
2459384.35 0 0 0 0 0 0 0 0 0 0 0 0 0 0 1.5296923597497194 0
2459384.39 0 0 0 0 0 0 0 0 0 0 0 0 0 0 1.5303953687817473 0
2459384.43 0 0 0 0 0 0 0 0 0 0 0 0 0 0 1.5310983778137748 0
2459384.47 0 0 0 0 0 0 0 0 0 0 0 0 0 0 1.531801386845802 0
2459384.51 0 0 0 0 0 0 0 0 0 0 0 0 0 0 1.5325043958778297 0
2459384.56 0 0 0 0 0 0 0 0 0 0 0 0 0 0 1.5332074049098574 0
2459384.60 0 0 0 0 0 0 0 0 0 0 0 0 0 0 1.5339104139418847 0
2459384.64 0 0 0 0 0 0 0 0 0 0 0 0 0 0 1.5346134229739123 0
2459384.68 0 0 0 0 0 0 0 0 0 0 0 0 0 0 1.53531643200594 0
2459384.72 0 0 0 0 0 0 0 0 0 0 0 0 0 0 1.5360194410379673 0
2459384.76 0 0 0 0 0 0 0 0 0 0 0 0 0 0 1.536722450069995 0
2459384.81 0 0 0 0 0 0 0 0 0 0 0 0 0 0 1.5374254591020227 0
2459384.85 0 0 0 0 0 0 0 0 0 0 0 0 0 0 1.53812846813405 0
2459384.89 0 0 0 0 0 0 0 0 0 0 0 0 0 0 1.5388314771660776 0
2459384.93 0 0 0 0 0 0 0 0 0 0 0 0 0 0 1.5395344861981053 0
2459384.97 0 0 0 0 0 0 0 0 0 0 0 0 0 0 1.5402374952301325 0
2459385.01 0 0 0 0 0 0 0 0 0 0 0 0 0 0 1.5409405042621602 0
2459385.06 0 0 0 0 0 0 0 0 0 0 0 0 0 0 1.541643513294188 0
2459385.10 0 0 0 0 0 0 0 0 0 0 0 0 0 0 1.5423465223262152 0
2459385.14 0 0 0 0 0 0 0 0 0 0 0 0 0 0 1.5430495313582429 0
2459385.18 0 0 0 0 0 0 0 0 0 0 0 0 0 0 1.5437525403902703 0
2459385.22 0 0 0 0 0 0 0 0 0 0 0 0 0 0 1.5444555494222978 0
2459385.26 0 0 0 0 0 0 0 0 0 0 0 0 0 0 1.5451585584543255 0
2459385.31 0 0 0 0 0 0 0 0 0 0 0 0 0 0 1.545861567486353 0
2459385.35 0 0 0 0 0 0 0 0 0 0 0 0 0 0 1.5465645765183804 0
2459385.39 0 0 0 0 0 0 0 0 0 0 0 0 0 0 1.547267585550408 0
2459385.43 0 0 0 0 0 0 0 0 0 0 0 0 0 0 1.5479705945824356 0
2459385.47 0 0 0 0 0 0 0 0 0 0 0 0 0 0 1.548673603614463 0
2459385.52 0 0 0 0 0 0 0 0 0 0 0 0 0 0 1.5493766126464907 0
2459385.56 0 0 0 0 0 0 0 0 0 0 0 0 0 0 1.5500796216785182 0
2459385.60 0 0 0 0 0 0 0 0 0 0 0 0 0 0 1.5507826307105457 0
2459385.64 0 0 0 0 0 0 0 0 0 0 0 0 0 0 1.5514856397425734 0
2459385.68 0 0 0 0 0 0 0 0 0 0 0 0 0 0 1.5521886487746008 0
2459385.72 0 0 0 0 0 0 0 0 0 0 0 0 0 0 1.5528916578066283 0
2459385.77 0 0 0 0 0 0 0 0 0 0 0 0 0 0 1.5535946668386555 0
2459385.81 0 0 0 0 0 0 0 0 0 0 0 0 0 0 1.5542976758706835 0
2459385.85 0 0 0 0 0 0 0 0 0 0 0 0 0 0 1.555000684902711 0
2459385.89 0 0 0 0 0 0 0 0 0 0 0 0 0 0 1.5557036939347382 0
2459385.93 0 0 0 0 0 0 0 0 0 0 0 0 0 0 1.556406702966766 0
2459385.97 0 0 0 0 0 0 0 0 0 0 0 0 0 0 1.5571097119987936 0
2459386.02 0 0 0 0 0 0 0 0 0 0 0 0 0 0 1.5578127210308208 0
2459386.06 0 0 0 0 0 0 0 0 0 0 0 0 0 0 1.5585157300628487 0
2459386.10 0 0 0 0 0 0 0 0 0 0 0 0 0 0 1.5592187390948762 0
2459386.14 0 0 0 0 0 0 0 0 0 0 0 0 0 0 1.5599217481269034 0
2459386.18 0 0 0 0 0 0 0 0 0 0 0 0 0 0 1.5606247571589313 0
2459386.22 0 0 0 0 0 0 0 0 0 0 0 0 0 0 1.5613277661909588 0
2459386.27 0 0 0 0 0 0 0 0 0 0 0 0 0 0 1.562030775222986 0
2459386.31 0 0 0 0 0 0 0 0 0 0 0 0 0 0 1.562733784255014 0
2459386.35 0 0 0 0 0 0 0 0 0 0 0 0 0 0 1.5634367932870414 0
2459386.39 0 0 0 0 0 0 0 0 0 0 0 0 0 0 1.5641398023190687 0
2459386.43 0 0 0 0 0 0 0 0 0 0 0 0 0 0 1.5648428113510966 0
2459386.47 0 0 0 0 0 0 0 0 0 0 0 0 0 0 1.565545820383124 0
2459386.52 0 0 0 0 0 0 0 0 0 0 0 0 0 0 1.5662488294151513 0
2459386.56 0 0 0 0 0 0 0 0 0 0 0 0 0 0 1.566951838447179 0
2459386.60 0 0 0 0 0 0 0 0 0 0 0 0 0 0 1.5676548474792067 0
2459386.64 0 0 0 0 0 0 0 0 0 0 0 0 0 0 1.568357856511234 0
2459386.68 0 0 0 0 0 0 0 0 0 0 0 0 0 0 1.5690608655432616 0
2459386.72 0 0 0 0 0 0 0 0 0 0 0 0 0 0 1.5697638745752893 0
2459386.77 0 0 0 0 0 0 0 0 0 0 0 0 0 0 1.5704668836073166 0
2459386.81 0 0 0 0 0 0 0 0 0 0 0 0 0 0 1.5711698926393443 0
2459386.85 0 0 0 0 0 0 0 0 0 0 0 0 0 0 1.571872901671372 0
2459386.89 0 0 0 0 0 0 0 0 0 0 0 0 0 0 1.5725759107033992 0
2459386.93 0 0 0 0 0 0 0 0 0 0 0 0 0 0 1.5732789197354269 0
2459386.97 0 0 0 0 0 0 0 0 0 0 0 0 0 0 1.5739819287674546 0
2459387.02 0 0 0 0 0 0 0 0 0 0 0 0 0 0 1.5746849377994818 0
2459387.06 0 0 0 0 0 0 0 0 0 0 0 0 0 0 1.5753879468315095 0
2459387.10 0 0 0 0 0 0 0 0 0 0 0 0 0 0 1.5760909558635372 0
2459387.14 0 0 0 0 0 0 0 0 0 0 0 0 0 0 1.5767939648955644 0
2459387.18 0 0 0 0 0 0 0 0 0 0 0 0 0 0 1.5774969739275921 0
2459387.22 0 0 0 0 0 0 0 0 0 0 0 0 0 0 1.5781999829596196 0
2459387.27 0 0 0 0 0 0 0 0 0 0 0 0 0 0 1.578902991991647 0
2459387.31 0 0 0 0 0 0 0 0 0 0 0 0 0 0 1.5796060010236748 0
2459387.35 0 0 0 0 0 0 0 0 0 0 0 0 0 0 1.5803090100557022 0
2459387.39 0 0 0 0 0 0 0 0 0 0 0 0 0 0 1.5810120190877297 0
2459387.43 0 0 0 0 0 0 0 0 0 0 0 0 0 0 1.5817150281197574 0
2459387.48 0 0 0 0 0 0 0 0 0 0 0 0 0 0 1.5824180371517849 0
2459387.52 0 0 0 0 0 0 0 0 0 0 0 0 0 0 1.5831210461838123 0
2459387.56 0 0 0 0 0 0 0 0 0 0 0 0 0 0 1.58382405521584 0
2459387.60 0 0 0 0 0 0 0 0 0 0 0 0 0 0 1.5845270642478675 0
2459387.64 0 0 0 0 0 0 0 0 0 0 0 0 0 0 1.585230073279895 0
2459387.68 0 0 0 0 0 0 0 0 0 0 0 0 0 0 1.5859330823119226 0
2459387.73 0 0 0 0 0 0 0 0 0 0 0 0 0 0 1.5866360913439501 0
2459387.77 0 0 0 0 0 0 0 0 0 0 0 0 0 0 1.5873391003759776 0
2459387.81 0 0 0 0 0 0 0 0 0 0 0 0 0 0 1.5880421094080048 0
2459387.85 0 0 0 0 0 0 0 0 0 0 0 0 0 0 1.5887451184400327 0
2459387.89 0 0 0 0 0 0 0 0 0 0 0 0 0 0 1.5894481274720602 0
2459387.93 0 0 0 0 0 0 0 0 0 0 0 0 0 0 1.5901511365040875 0
2459387.98 0 0 0 0 0 0 0 0 0 0 0 0 0 0 1.5908541455361154 0
2459388.02 0 0 0 0 0 0 0 0 0 0 0 0 0 0 1.5915571545681428 0
2459388.06 0 0 0 0 0 0 0 0 0 0 0 0 0 0 1.59226016360017 0
2459388.10 0 0 0 0 0 0 0 0 0 0 0 0 0 0 1.592963172632198 0
2459388.14 0 0 0 0 0 0 0 0 0 0 0 0 0 0 1.5936661816642255 0
2459388.18 0 0 0 0 0 0 0 0 0 0 0 0 0 0 1.5943691906962527 0
2459388.23 0 0 0 0 0 0 0 0 0 0 0 0 0 0 1.5950721997282806 0
2459388.27 0 0 0 0 0 0 0 0 0 0 0 0 0 0 1.595775208760308 0
2459388.31 0 0 0 0 0 0 0 0 0 0 0 0 0 0 1.5964782177923353 0
2459388.35 0 0 0 0 0 0 0 0 0 0 0 0 0 0 1.5971812268243633 0
2459388.39 0 0 0 0 0 0 0 0 0 0 0 0 0 0 1.5978842358563905 0
2459388.43 0 0 0 0 0 0 0 0 0 0 0 0 0 0 1.598587244888418 0
2459388.48 0 0 0 0 0 0 0 0 0 0 0 0 0 0 1.5992902539204459 0
2459388.52 0 0 0 0 0 0 0 0 0 0 0 0 0 0 1.5999932629524731 0
2459388.56 0 0 0 0 0 0 0 0 0 0 0 0 0 0 1.6006962719845006 0
2459388.60 0 0 0 0 0 0 0 0 0 0 0 0 0 0 1.6013992810165283 0
2459388.64 0 0 0 0 0 0 0 0 0 0 0 0 0 0 1.6021022900485558 0
2459388.68 0 0 0 0 0 0 0 0 0 0 0 0 0 0 1.6028052990805832 0
2459388.73 0 0 0 0 0 0 0 0 0 0 0 0 0 0 1.603508308112611 0
2459388.77 0 0 0 0 0 0 0 0 0 0 0 0 0 0 1.6042113171446384 0
2459388.81 0 0 0 0 0 0 0 0 0 0 0 0 0 0 1.6049143261766659 0
2459388.85 0 0 0 0 0 0 0 0 0 0 0 0 0 0 1.6056173352086935 0
2459388.89 0 0 0 0 0 0 0 0 0 0 0 0 0 0 1.606320344240721 0
2459388.93 0 0 0 0 0 0 0 0 0 0 0 0 0 0 1.607023353272749 0
2459388.98 0 0 0 0 0 0 0 0 0 0 0 0 0 0 1.6077263623047762 0
2459389.02 0 0 0 0 0 0 0 0 0 0 0 0 0 0 1.6084293713368036 0
2459389.06 0 0 0 0 0 0 0 0 0 0 0 0 0 0 1.609132380368831 0
2459389.10 0 0 0 0 0 0 0 0 0 0 0 0 0 0 1.6098353894008588 0
2459389.14 0 0 0 0 0 0 0 0 0 0 0 0 0 0 1.6105383984328863 0
2459389.18 0 0 0 0 0 0 0 0 0 0 0 0 0 0 1.6112414074649137 0
2459389.23 0 0 0 0 0 0 0 0 0 0 0 0 0 0 1.6119444164969414 0
2459389.27 0 0 0 0 0 0 0 0 0 0 0 0 0 0 1.612647425528969 0
2459389.31 0 0 0 0 0 0 0 0 0 0 0 0 0 0 1.6133504345609964 0
2459389.35 0 0 0 0 0 0 0 0 0 0 0 0 0 0 1.614053443593024 0
2459389.39 0 0 0 0 0 0 0 0 0 0 0 0 0 0 1.6147564526250515 0
2459389.43 0 0 0 0 0 0 0 0 0 0 0 0 0 0 1.615459461657079 0
2459389.48 0 0 0 0 0 0 0 0 0 0 0 0 0 0 1.6161624706891067 0
2459389.52 0 0 0 0 0 0 0 0 0 0 0 0 0 0 1.6168654797211341 0
2459389.56 0 0 0 0 0 0 0 0 0 0 0 0 0 0 1.6175684887531616 0
2459389.60 0 0 0 0 0 0 0 0 0 0 0 0 0 0 1.6182714977851893 0
2459389.64 0 0 0 0 0 0 0 0 0 0 0 0 0 0 1.6189745068172163 0
2459389.69 0 0 0 0 0 0 0 0 0 0 0 0 0 0 1.6196775158492442 0
2459389.73 0 0 0 0 0 0 0 0 0 0 0 0 0 0 1.620380524881272 0
2459389.77 0 0 0 0 0 0 0 0 0 0 0 0 0 0 1.621083533913299 0
2459389.81 0 0 0 0 0 0 0 0 0 0 0 0 0 0 1.6217865429453269 0
2459389.85 0 0 0 0 0 0 0 0 0 0 0 0 0 0 1.6224895519773541 0
2459389.89 0 0 0 0 0 0 0 0 0 0 0 0 0 0 1.623192561009382 0
2459389.94 0 0 0 0 0 0 0 0 0 0 0 0 0 0 1.6238955700414095 0
2459389.98 0 0 0 0 0 0 0 0 0 0 0 0 0 0 1.6245985790734367 0
2459390.02 0 0 0 0 0 0 0 0 0 0 0 0 0 0 1.6253015881054647 0
2459390.06 0 0 0 0 0 0 0 0 0 0 0 0 0 0 1.6260045971374921 0
2459390.10 0 0 0 0 0 0 0 0 0 0 0 0 0 0 1.6267076061695194 0
2459390.14 0 0 0 0 0 0 0 0 0 0 0 0 0 0 1.6274106152015473 0
2459390.19 0 0 0 0 0 0 0 0 0 0 0 0 0 0 1.6281136242335748 0
2459390.23 0 0 0 0 0 0 0 0 0 0 0 0 0 0 1.628816633265602 0
2459390.27 0 0 0 0 0 0 0 0 0 0 0 0 0 0 1.62951964229763 0
2459390.31 0 0 0 0 0 0 0 0 0 0 0 0 0 0 1.6302226513296574 0
2459390.35 0 0 0 0 0 0 0 0 0 0 0 0 0 0 1.630925660361685 0
2459390.39 0 0 0 0 0 0 0 0 0 0 0 0 0 0 1.6316286693937125 0
2459390.44 0 0 0 0 0 0 0 0 0 0 0 0 0 0 1.6323316784257398 0
2459390.48 0 0 0 0 0 0 0 0 0 0 0 0 0 0 1.6330346874577677 0
2459390.52 0 0 0 0 0 0 0 0 0 0 0 0 0 0 1.6337376964897947 0
2459390.56 0 0 0 0 0 0 0 0 0 0 0 0 0 0 1.6344407055218224 0
2459390.60 0 0 0 0 0 0 0 0 0 0 0 0 0 0 1.6351437145538503 0
2459390.64 0 0 0 0 0 0 0 0 0 0 0 0 0 0 1.6358467235858773 0
2459390.69 0 0 0 0 0 0 0 0 0 0 0 0 0 0 1.636549732617905 0
2459390.73 0 0 0 0 0 0 0 0 0 0 0 0 0 0 1.637252741649933 0
2459390.77 0 0 0 0 0 0 0 0 0 0 0 0 0 0 1.63795575068196 0
2459390.81 0 0 0 0 0 0 0 0 0 0 0 0 0 0 1.6386587597139877 0
2459390.85 0 0 0 0 0 0 0 0 0 0 0 0 0 0 1.6393617687460156 0
2459390.89 0 0 0 0 0 0 0 0 0 0 0 0 0 0 1.6400647777780426 0
2459390.94 0 0 0 0 0 0 0 0 0 0 0 0 0 0 1.6407677868100703 0
2459390.98 0 0 0 0 0 0 0 0 0 0 0 0 0 0 1.6414707958420982 0
2459391.02 0 0 0 0 0 0 0 0 0 0 0 0 0 0 1.6421738048741252 0
2459391.06 0 0 0 0 0 0 0 0 0 0 0 0 0 0 1.642876813906153 0
2459391.10 0 0 0 0 0 0 0 0 0 0 0 0 0 0 1.6435798229381804 0
2459391.14 0 0 0 0 0 0 0 0 0 0 0 0 0 0 1.6442828319702079 0
2459391.19 0 0 0 0 0 0 0 0 0 0 0 0 0 0 1.6449858410022355 0
2459391.23 0 0 0 0 0 0 0 0 0 0 0 0 0 0 1.645688850034263 0
2459391.27 0 0 0 0 0 0 0 0 0 0 0 0 0 0 1.6463918590662905 0
2459391.31 0 0 0 0 0 0 0 0 0 0 0 0 0 0 1.6470948680983182 0
2459391.35 0 0 0 0 0 0 0 0 0 0 0 0 0 0 1.6477978771303456 0
2459391.39 0 0 0 0 0 0 0 0 0 0 0 0 0 0 1.6485008861623731 0
2459391.44 0 0 0 0 0 0 0 0 0 0 0 0 0 0 1.6492038951944008 0
2459391.48 0 0 0 0 0 0 0 0 0 0 0 0 0 0 1.6499069042264283 0
2459391.52 0 0 0 0 0 0 0 0 0 0 0 0 0 0 1.6506099132584557 0
2459391.56 0 0 0 0 0 0 0 0 0 0 0 0 0 0 1.6513129222904834 0
2459391.60 0 0 0 0 0 0 0 0 0 0 0 0 0 0 1.652015931322511 0
2459391.65 0 0 0 0 0 0 0 0 0 0 0 0 0 0 1.6527189403545384 0
2459391.69 0 0 0 0 0 0 0 0 0 0 0 0 0 0 1.6534219493865656 0
2459391.73 0 0 0 0 0 0 0 0 0 0 0 0 0 0 1.6541249584185935 0
2459391.77 0 0 0 0 0 0 0 0 0 0 0 0 0 0 1.654827967450621 0
2459391.81 0 0 0 0 0 0 0 0 0 0 0 0 0 0 1.6555309764826482 0
2459391.85 0 0 0 0 0 0 0 0 0 0 0 0 0 0 1.6562339855146762 0
2459391.90 0 0 0 0 0 0 0 0 0 0 0 0 0 0 1.6569369945467036 0
2459391.94 0 0 0 0 0 0 0 0 0 0 0 0 0 0 1.6576400035787309 0
2459391.98 0 0 0 0 0 0 0 0 0 0 0 0 0 0 1.6583430126107588 0
2459392.02 0 0 0 0 0 0 0 0 0 0 0 0 0 0 1.6590460216427863 0
2459392.06 0 0 0 0 0 0 0 0 0 0 0 0 0 0 1.6597490306748135 0
2459392.10 0 0 0 0 0 0 0 0 0 0 0 0 0 0 1.6604520397068414 0
2459392.15 0 0 0 0 0 0 0 0 0 0 0 0 0 0 1.6611550487388689 0
2459392.19 0 0 0 0 0 0 0 0 0 0 0 0 0 0 1.6618580577708961 0
2459392.23 0 0 0 0 0 0 0 0 0 0 0 0 0 0 1.662561066802924 0
2459392.27 0 0 0 0 0 0 0 0 0 0 0 0 0 0 1.6632640758349515 0
2459392.31 0 0 0 0 0 0 0 0 0 0 0 0 0 0 1.6639670848669788 0
2459392.35 0 0 0 0 0 0 0 0 0 0 0 0 0 0 1.6646700938990064 0
2459392.40 0 0 0 0 0 0 0 0 0 0 0 0 0 0 1.6653731029310341 0
2459392.44 0 0 0 0 0 0 0 0 0 0 0 0 0 0 1.6660761119630614 0
2459392.48 0 0 0 0 0 0 0 0 0 0 0 0 0 0 1.666779120995089 0
2459392.52 0 0 0 0 0 0 0 0 0 0 0 0 0 0 1.6674821300271168 0
2459392.56 0 0 0 0 0 0 0 0 0 0 0 0 0 0 1.668185139059144 0
2459392.60 0 0 0 0 0 0 0 0 0 0 0 0 0 0 1.6688881480911717 0
2459392.65 0 0 0 0 0 0 0 0 0 0 0 0 0 0 1.6695911571231994 0
2459392.69 0 0 0 0 0 0 0 0 0 0 0 0 0 0 1.6702941661552266 0
2459392.73 0 0 0 0 0 0 0 0 0 0 0 0 0 0 1.6709971751872543 0
2459392.77 0 0 0 0 0 0 0 0 0 0 0 0 0 0 1.671700184219282 0
2459392.81 0 0 0 0 0 0 0 0 0 0 0 0 0 0 1.6724031932513093 0
2459392.85 0 0 0 0 0 0 0 0 0 0 0 0 0 0 1.673106202283337 0
2459392.90 0 0 0 0 0 0 0 0 0 0 0 0 0 0 1.6738092113153646 0
2459392.94 0 0 0 0 0 0 0 0 0 0 0 0 0 0 1.6745122203473917 0
2459392.98 0 0 0 0 0 0 0 0 0 0 0 0 0 0 1.6752152293794196 0
2459393.02 0 0 0 0 0 0 0 0 0 0 0 0 0 0 1.6759182384114473 0
2459393.06 0 0 0 0 0 0 0 0 0 0 0 0 0 0 1.6766212474434743 0
2459393.10 0 0 0 0 0 0 0 0 0 0 0 0 0 0 1.6773242564755022 0
2459393.15 0 0 0 0 0 0 0 0 0 0 0 0 0 0 1.6780272655075297 0
2459393.19 0 0 0 0 0 0 0 0 0 0 0 0 0 0 1.6787302745395571 0
2459393.23 0 0 0 0 0 0 0 0 0 0 0 0 0 0 1.6794332835715848 0
2459393.27 0 0 0 0 0 0 0 0 0 0 0 0 0 0 1.6801362926036123 0
2459393.31 0 0 0 0 0 0 0 0 0 0 0 0 0 0 1.6808393016356398 0
2459393.35 0 0 0 0 0 0 0 0 0 0 0 0 0 0 1.6815423106676675 0
2459393.40 0 0 0 0 0 0 0 0 0 0 0 0 0 0 1.682245319699695 0
2459393.44 0 0 0 0 0 0 0 0 0 0 0 0 0 0 1.6829483287317224 0
2459393.48 0 0 0 0 0 0 0 0 0 0 0 0 0 0 1.68365133776375 0
2459393.52 0 0 0 0 0 0 0 0 0 0 0 0 0 0 1.6843543467957776 0
2459393.56 0 0 0 0 0 0 0 0 0 0 0 0 0 0 1.685057355827805 0
2459393.60 0 0 0 0 0 0 0 0 0 0 0 0 0 0 1.6857603648598327 0
2459393.65 0 0 0 0 0 0 0 0 0 0 0 0 0 0 1.6864633738918602 0
2459393.69 0 0 0 0 0 0 0 0 0 0 0 0 0 0 1.6871663829238877 0
2459393.73 0 0 0 0 0 0 0 0 0 0 0 0 0 0 1.687869391955915 0
2459393.77 0 0 0 0 0 0 0 0 0 0 0 0 0 0 1.6885724009879428 0
2459393.81 0 0 0 0 0 0 0 0 0 0 0 0 0 0 1.6892754100199703 0
2459393.86 0 0 0 0 0 0 0 0 0 0 0 0 0 0 1.6899784190519975 0
2459393.90 0 0 0 0 0 0 0 0 0 0 0 0 0 0 1.6906814280840254 0
2459393.94 0 0 0 0 0 0 0 0 0 0 0 0 0 0 1.691384437116053 0
2459393.98 0 0 0 0 0 0 0 0 0 0 0 0 0 0 1.6920874461480802 0
2459394.02 0 0 0 0 0 0 0 0 0 0 0 0 0 0 1.692790455180108 0
2459394.06 0 0 0 0 0 0 0 0 0 0 0 0 0 0 1.6934934642121355 0
2459394.11 0 0 0 0 0 0 0 0 0 0 0 0 0 0 1.6941964732441628 0
2459394.15 0 0 0 0 0 0 0 0 0 0 0 0 0 0 1.6948994822761907 0
2459394.19 0 0 0 0 0 0 0 0 0 0 0 0 0 0 1.6956024913082182 0
2459394.23 0 0 0 0 0 0 0 0 0 0 0 0 0 0 1.6963055003402454 0
2459394.27 0 0 0 0 0 0 0 0 0 0 0 0 0 0 1.6970085093722733 0
2459394.31 0 0 0 0 0 0 0 0 0 0 0 0 0 0 1.6977115184043008 0
2459394.36 0 0 0 0 0 0 0 0 0 0 0 0 0 0 1.698414527436328 0
2459394.40 0 0 0 0 0 0 0 0 0 0 0 0 0 0 1.6991175364683557 0
2459394.44 0 0 0 0 0 0 0 0 0 0 0 0 0 0 1.6998205455003834 0
2459394.48 0 0 0 0 0 0 0 0 0 0 0 0 0 0 1.7005235545324107 0
2459394.52 0 0 0 0 0 0 0 0 0 0 0 0 0 0 1.7012265635644384 0
2459394.56 0 0 0 0 0 0 0 0 0 0 0 0 0 0 1.701929572596466 0
2459394.61 0 0 0 0 0 0 0 0 0 0 0 0 0 0 1.7026325816284933 0
2459394.65 0 0 0 0 0 0 0 0 0 0 0 0 0 0 1.703335590660521 0
2459394.69 0 0 0 0 0 0 0 0 0 0 0 0 0 0 1.7040385996925487 0
2459394.73 0 0 0 0 0 0 0 0 0 0 0 0 0 0 1.704741608724576 0
2459394.77 0 0 0 0 0 0 0 0 0 0 0 0 0 0 1.7054446177566036 0
2459394.81 0 0 0 0 0 0 0 0 0 0 0 0 0 0 1.7061476267886313 0
2459394.86 0 0 0 0 0 0 0 0 0 0 0 0 0 0 1.7068506358206585 0
2459394.90 0 0 0 0 0 0 0 0 0 0 0 0 0 0 1.7075536448526862 0
2459394.94 0 0 0 0 0 0 0 0 0 0 0 0 0 0 1.708256653884714 0
2459394.98 0 0 0 0 0 0 0 0 0 0 0 0 0 0 1.7089596629167412 0
2459395.02 0 0 0 0 0 0 0 0 0 0 0 0 0 0 1.7096626719487689 0
2459395.06 0 0 0 0 0 0 0 0 0 0 0 0 0 0 1.7103656809807966 0
2459395.11 0 0 0 0 0 0 0 0 0 0 0 0 0 0 1.7110686900128238 0
2459395.15 0 0 0 0 0 0 0 0 0 0 0 0 0 0 1.7117716990448515 0
2459395.19 0 0 0 0 0 0 0 0 0 0 0 0 0 0 1.712474708076879 0
2459395.23 0 0 0 0 0 0 0 0 0 0 0 0 0 0 1.7131777171089064 0
2459395.27 0 0 0 0 0 0 0 0 0 0 0 0 0 0 1.7138807261409341 0
2459395.31 0 0 0 0 0 0 0 0 0 0 0 0 0 0 1.7145837351729616 0
2459395.36 0 0 0 0 0 0 0 0 0 0 0 0 0 0 1.715286744204989 0
2459395.40 0 0 0 0 0 0 0 0 0 0 0 0 0 0 1.7159897532370167 0
2459395.44 0 0 0 0 0 0 0 0 0 0 0 0 0 0 1.7166927622690442 0
2459395.48 0 0 0 0 0 0 0 0 0 0 0 0 0 0 1.7173957713010717 0
2459395.52 0 0 0 0 0 0 0 0 0 0 0 0 0 0 1.7180987803330994 0
2459395.56 0 0 0 0 0 0 0 0 0 0 0 0 0 0 1.7188017893651268 0
2459395.61 0 0 0 0 0 0 0 0 0 0 0 0 0 0 1.7195047983971543 0
2459395.65 0 0 0 0 0 0 0 0 0 0 0 0 0 0 1.7202078074291816 0
2459395.69 0 0 0 0 0 0 0 0 0 0 0 0 0 0 1.7209108164612095 0
2459395.73 0 0 0 0 0 0 0 0 0 0 0 0 0 0 1.721613825493237 0
2459395.77 0 0 0 0 0 0 0 0 0 0 0 0 0 0 1.7223168345252642 0
2459395.82 0 0 0 0 0 0 0 0 0 0 0 0 0 0 1.723019843557292 0
2459395.86 0 0 0 0 0 0 0 0 0 0 0 0 0 0 1.7237228525893196 0
2459395.90 0 0 0 0 0 0 0 0 0 0 0 0 0 0 1.7244258616213468 0
2459395.94 0 0 0 0 0 0 0 0 0 0 0 0 0 0 1.7251288706533747 0
2459395.98 0 0 0 0 0 0 0 0 0 0 0 0 0 0 1.7258318796854022 0
2459396.02 0 0 0 0 0 0 0 0 0 0 0 0 0 0 1.7265348887174294 0
2459396.07 0 0 0 0 0 0 0 0 0 0 0 0 0 0 1.7272378977494574 0
2459396.11 0 0 0 0 0 0 0 0 0 0 0 0 0 0 1.7279409067814848 0
2459396.15 0 0 0 0 0 0 0 0 0 0 0 0 0 0 1.728643915813512 0
2459396.19 0 0 0 0 0 0 0 0 0 0 0 0 0 0 1.72934692484554 0
2459396.23 0 0 0 0 0 0 0 0 0 0 0 0 0 0 1.7300499338775672 0
2459396.27 0 0 0 0 0 0 0 0 0 0 0 0 0 0 1.7307529429095947 0
2459396.32 0 0 0 0 0 0 0 0 0 0 0 0 0 0 1.7314559519416226 0
2459396.36 0 0 0 0 0 0 0 0 0 0 0 0 0 0 1.7321589609736499 0
2459396.40 0 0 0 0 0 0 0 0 0 0 0 0 0 0 1.7328619700056773 0
2459396.44 0 0 0 0 0 0 0 0 0 0 0 0 0 0 1.733564979037705 0
2459396.48 0 0 0 0 0 0 0 0 0 0 0 0 0 0 1.7342679880697325 0
2459396.50 0 0 0 0 0 0 0 0 0 0 0 0 0 0 1.7345663882736977 0
2459396.54 0 0 0 0 0 0 0 0 0 0 0 0 0 0 1.7352676890741037 0
2459396.58 0 0 0 0 0 0 0 0 0 0 0 0 0 0 1.7359689898745094 0
2459396.63 0 0 0 0 0 0 0 0 0 0 0 0 0 0 1.7366702906749152 0
2459396.67 0 0 0 0 0 0 0 0 0 0 0 0 0 0 1.737371591475321 0
2459396.71 0 0 0 0 0 0 0 0 0 0 0 0 0 0 1.7380728922757265 0
2459396.75 0 0 0 0 0 0 0 0 0 0 0 0 0 0 1.738774193076132 0
2459396.79 0 0 0 0 0 0 0 0 0 0 0 0 0 0 1.739475493876538 0
2459396.83 0 0 0 0 0 0 0 0 0 0 0 0 0 0 1.7401767946769435 0
2459396.88 0 0 0 0 0 0 0 0 0 0 0 0 0 0 1.7408780954773493 0
2459396.92 0 0 0 0 0 0 0 0 0 0 0 0 0 0 1.741579396277755 0
2459396.96 0 0 0 0 0 0 0 0 0 0 0 0 0 0 1.7422806970781608 0
2459397.00 0 0 0 0 0 0 0 0 0 0 0 0 0 0 1.7429819978785668 0
2459397.04 0 0 0 0 0 0 0 0 0 0 0 0 0 0 1.7436832986789723 0
2459397.08 0 0 0 0 0 0 0 0 0 0 0 0 0 0 1.7443845994793779 0
2459397.13 0 0 0 0 0 0 0 0 0 0 0 0 0 0 1.7450859002797836 0
2459397.17 0 0 0 0 0 0 0 0 0 0 0 0 0 0 1.7457872010801894 0
2459397.21 0 0 0 0 0 0 0 0 0 0 0 0 0 0 1.7464885018805951 0
2459397.25 0 0 0 0 0 0 0 0 0 0 0 0 0 0 1.7471898026810007 0
2459397.29 0 0 0 0 0 0 0 0 0 0 0 0 0 0 1.7478911034814066 0
2459397.33 0 0 0 0 0 0 0 0 0 0 0 0 0 0 1.7485924042818122 0
2459397.38 0 0 0 0 0 0 0 0 0 0 0 0 0 0 1.7492937050822182 0
2459397.42 0 0 0 0 0 0 0 0 0 0 0 0 0 0 1.7499950058826237 0
2459397.46 0 0 0 0 0 0 0 0 0 0 0 0 0 0 1.7506963066830292 0
2459397.50 0 0 0 0 0 0 0 0 0 0 0 0 0 0 1.751397607483435 0
2459397.54 0 0 0 0 0 0 0 0 0 0 0 0 0 0 1.752098908283841 0
2459397.58 0 0 0 0 0 0 0 0 0 0 0 0 0 0 1.7528002090842465 0
2459397.63 0 0 0 0 0 0 0 0 0 0 0 0 0 0 1.753501509884652 0
2459397.67 0 0 0 0 0 0 0 0 0 0 0 0 0 0 1.754202810685058 0
2459397.71 0 0 0 0 0 0 0 0 0 0 0 0 0 0 1.7549041114854635 0
2459397.75 0 0 0 0 0 0 0 0 0 0 0 0 0 0 1.7556054122858695 0
2459397.79 0 0 0 0 0 0 0 0 0 0 0 0 0 0 1.7563067130862748 0
2459397.83 0 0 0 0 0 0 0 0 0 0 0 0 0 0 1.7570080138866808 0
2459397.88 0 0 0 0 0 0 0 0 0 0 0 0 0 0 1.7577093146870864 0
2459397.92 0 0 0 0 0 0 0 0 0 0 0 0 0 0 1.7584106154874923 0
2459397.96 0 0 0 0 0 0 0 0 0 0 0 0 0 0 1.7591119162878979 0
2459398.00 0 0 0 0 0 0 0 0 0 0 0 0 0 0 1.7598132170883036 0
2459398.04 0 0 0 0 0 0 0 0 0 0 0 0 0 0 1.7605145178887094 0
2459398.08 0 0 0 0 0 0 0 0 0 0 0 0 0 0 1.7612158186891151 0
2459398.13 0 0 0 0 0 0 0 0 0 0 0 0 0 0 1.761917119489521 0
2459398.17 0 0 0 0 0 0 0 0 0 0 0 0 0 0 1.7626184202899262 0
2459398.21 0 0 0 0 0 0 0 0 0 0 0 0 0 0 1.7633197210903322 0
2459398.25 0 0 0 0 0 0 0 0 0 0 0 0 0 0 1.7640210218907377 0
2459398.29 0 0 0 0 0 0 0 0 0 0 0 0 0 0 1.7647223226911437 0
2459398.33 0 0 0 0 0 0 0 0 0 0 0 0 0 0 1.7654236234915492 0
2459398.38 0 0 0 0 0 0 0 0 0 0 0 0 0 0 1.766124924291955 0
2459398.42 0 0 0 0 0 0 0 0 0 0 0 0 0 0 1.766826225092361 0
2459398.46 0 0 0 0 0 0 0 0 0 0 0 0 0 0 1.7675275258927665 0
2459398.50 0 0 0 0 0 0 0 0 0 0 0 0 0 0 1.7682288266931725 0
2459398.54 0 0 0 0 0 0 0 0 0 0 0 0 0 0 1.7689301274935778 0
2459398.58 0 0 0 0 0 0 0 0 0 0 0 0 0 0 1.7696314282939836 0
2459398.63 0 0 0 0 0 0 0 0 0 0 0 0 0 0 1.7703327290943893 0
2459398.67 0 0 0 0 0 0 0 0 0 0 0 0 0 0 1.771034029894795 0
2459398.71 0 0 0 0 0 0 0 0 0 0 0 0 0 0 1.7717353306952008 0
2459398.75 0 0 0 0 0 0 0 0 0 0 0 0 0 0 1.7724366314956064 0
2459398.79 0 0 0 0 0 0 0 0 0 0 0 0 0 0 1.7731379322960124 0
2459398.84 0 0 0 0 0 0 0 0 0 0 0 0 0 0 1.7738392330964179 0
2459398.88 0 0 0 0 0 0 0 0 0 0 0 0 0 0 1.7745405338968239 0
2459398.92 0 0 0 0 0 0 0 0 0 0 0 0 0 0 1.7752418346972292 0
2459398.96 0 0 0 0 0 0 0 0 0 0 0 0 0 0 1.7759431354976352 0
2459399.00 0 0 0 0 0 0 0 0 0 0 0 0 0 0 1.7766444362980407 0
2459399.04 0 0 0 0 0 0 0 0 0 0 0 0 0 0 1.7773457370984467 0
2459399.09 0 0 0 0 0 0 0 0 0 0 0 0 0 0 1.7780470378988522 0
2459399.13 0 0 0 0 0 0 0 0 0 0 0 0 0 0 1.7787483386992582 0
2459399.17 0 0 0 0 0 0 0 0 0 0 0 0 0 0 1.7794496394996637 0
2459399.21 0 0 0 0 0 0 0 0 0 0 0 0 0 0 1.7801509403000693 0
2459399.25 0 0 0 0 0 0 0 0 0 0 0 0 0 0 1.7808522411004752 0
2459399.29 0 0 0 0 0 0 0 0 0 0 0 0 0 0 1.7815535419008806 0
2459399.34 0 0 0 0 0 0 0 0 0 0 0 0 0 0 1.7822548427012865 0
2459399.38 0 0 0 0 0 0 0 0 0 0 0 0 0 0 1.782956143501692 0
2459399.42 0 0 0 0 0 0 0 0 0 0 0 0 0 0 1.783657444302098 0
2459399.46 0 0 0 0 0 0 0 0 0 0 0 0 0 0 1.7843587451025036 0
2459399.50 0 0 0 0 0 0 0 0 0 0 0 0 0 0 1.7850600459029096 0
2459399.54 0 0 0 0 0 0 0 0 0 0 0 0 0 0 1.785761346703315 0
2459399.59 0 0 0 0 0 0 0 0 0 0 0 0 0 0 1.7864626475037209 0
2459399.63 0 0 0 0 0 0 0 0 0 0 0 0 0 0 1.7871639483041266 0
2459399.67 0 0 0 0 0 0 0 0 0 0 0 0 0 0 1.787865249104532 0
2459399.71 0 0 0 0 0 0 0 0 0 0 0 0 0 0 1.788566549904938 0
2459399.75 0 0 0 0 0 0 0 0 0 0 0 0 0 0 1.7892678507053434 0
2459399.79 0 0 0 0 0 0 0 0 0 0 0 0 0 0 1.7899691515057494 0
2459399.84 0 0 0 0 0 0 0 0 0 0 0 0 0 0 1.7906704523061552 0
2459399.88 0 0 0 0 0 0 0 0 0 0 0 0 0 0 1.791371753106561 0
2459399.92 0 0 0 0 0 0 0 0 0 0 0 0 0 0 1.7920730539069667 0
2459399.96 0 0 0 0 0 0 0 0 0 0 0 0 0 0 1.7927743547073722 0
2459400.00 0 0 0 0 0 0 0 0 0 0 0 0 0 0 1.7934756555077778 0
2459400.04 0 0 0 0 0 0 0 0 0 0 0 0 0 0 1.7941769563081835 0
2459400.09 0 0 0 0 0 0 0 0 0 0 0 0 0 0 1.7948782571085893 0
2459400.13 0 0 0 0 0 0 0 0 0 0 0 0 0 0 1.795579557908995 0
2459400.17 0 0 0 0 0 0 0 0 0 0 0 0 0 0 1.7962808587094008 0
2459400.21 0 0 0 0 0 0 0 0 0 0 0 0 0 0 1.7969821595098066 0
2459400.25 0 0 0 0 0 0 0 0 0 0 0 0 0 0 1.7976834603102125 0
2459400.29 0 0 0 0 0 0 0 0 0 0 0 0 0 0 1.798384761110618 0
2459400.34 0 0 0 0 0 0 0 0 0 0 0 0 0 0 1.7990860619110236 0
2459400.38 0 0 0 0 0 0 0 0 0 0 0 0 0 0 1.7997873627114294 0
2459400.42 0 0 0 0 0 0 0 0 0 0 0 0 0 0 1.800488663511835 0
2459400.46 0 0 0 0 0 0 0 0 0 0 0 0 0 0 1.8011899643122409 0
2459400.50 0 0 0 0 0 0 0 0 0 0 0 0 0 0 1.8018912651126464 0
2459400.54 0 0 0 0 0 0 0 0 0 0 0 0 0 0 1.8025925659130524 0
2459400.59 0 0 0 0 0 0 0 0 0 0 0 0 0 0 1.803293866713458 0
2459400.63 0 0 0 0 0 0 0 0 0 0 0 0 0 0 1.803995167513864 0
2459400.67 0 0 0 0 0 0 0 0 0 0 0 0 0 0 1.8046964683142694 0
2459400.71 0 0 0 0 0 0 0 0 0 0 0 0 0 0 1.805397769114675 0
2459400.75 0 0 0 0 0 0 0 0 0 0 0 0 0 0 1.8060990699150807 0
2459400.80 0 0 0 0 0 0 0 0 0 0 0 0 0 0 1.8068003707154863 0
2459400.84 0 0 0 0 0 0 0 0 0 0 0 0 0 0 1.8075016715158922 0
2459400.88 0 0 0 0 0 0 0 0 0 0 0 0 0 0 1.8082029723162978 0
2459400.92 0 0 0 0 0 0 0 0 0 0 0 0 0 0 1.8089042731167038 0
2459400.96 0 0 0 0 0 0 0 0 0 0 0 0 0 0 1.8096055739171093 0
2459401.00 0 0 0 0 0 0 0 0 0 0 0 0 0 0 1.8103068747175153 0
2459401.05 0 0 0 0 0 0 0 0 0 0 0 0 0 0 1.8110081755179208 0
2459401.09 0 0 0 0 0 0 0 0 0 0 0 0 0 0 1.8117094763183266 0
2459401.13 0 0 0 0 0 0 0 0 0 0 0 0 0 0 1.812410777118732 0
2459401.17 0 0 0 0 0 0 0 0 0 0 0 0 0 0 1.8131120779191376 0
2459401.21 0 0 0 0 0 0 0 0 0 0 0 0 0 0 1.8138133787195436 0
2459401.25 0 0 0 0 0 0 0 0 0 0 0 0 0 0 1.8145146795199492 0
2459401.30 0 0 0 0 0 0 0 0 0 0 0 0 0 0 1.8152159803203551 0
2459401.34 0 0 0 0 0 0 0 0 0 0 0 0 0 0 1.815917281120761 0
2459401.38 0 0 0 0 0 0 0 0 0 0 0 0 0 0 1.8166185819211667 0
2459401.42 0 0 0 0 0 0 0 0 0 0 0 0 0 0 1.8173198827215724 0
2459401.46 0 0 0 0 0 0 0 0 0 0 0 0 0 0 1.818021183521978 0
2459401.50 0 0 0 0 0 0 0 0 0 0 0 0 0 0 1.8187224843223835 0
2459401.55 0 0 0 0 0 0 0 0 0 0 0 0 0 0 1.8194237851227892 0
2459401.59 0 0 0 0 0 0 0 0 0 0 0 0 0 0 1.820125085923195 0
2459401.63 0 0 0 0 0 0 0 0 0 0 0 0 0 0 1.8208263867236008 0
2459401.67 0 0 0 0 0 0 0 0 0 0 0 0 0 0 1.8215276875240067 0
2459401.71 0 0 0 0 0 0 0 0 0 0 0 0 0 0 1.8222289883244123 0
2459401.75 0 0 0 0 0 0 0 0 0 0 0 0 0 0 1.8229302891248182 0
2459401.80 0 0 0 0 0 0 0 0 0 0 0 0 0 0 1.8236315899252238 0
2459401.84 0 0 0 0 0 0 0 0 0 0 0 0 0 0 1.8243328907256293 0
2459401.88 0 0 0 0 0 0 0 0 0 0 0 0 0 0 1.825034191526035 0
2459401.92 0 0 0 0 0 0 0 0 0 0 0 0 0 0 1.8257354923264406 0
2459401.96 0 0 0 0 0 0 0 0 0 0 0 0 0 0 1.8264367931268466 0
2459402.00 0 0 0 0 0 0 0 0 0 0 0 0 0 0 1.8271380939272521 0
2459402.05 0 0 0 0 0 0 0 0 0 0 0 0 0 0 1.827839394727658 0
2459402.09 0 0 0 0 0 0 0 0 0 0 0 0 0 0 1.8285406955280636 0
2459402.13 0 0 0 0 0 0 0 0 0 0 0 0 0 0 1.8292419963284696 0
2459402.17 0 0 0 0 0 0 0 0 0 0 0 0 0 0 1.8299432971288752 0
2459402.21 0 0 0 0 0 0 0 0 0 0 0 0 0 0 1.830644597929281 0
2459402.25 0 0 0 0 0 0 0 0 0 0 0 0 0 0 1.8313458987296864 0
2459402.30 0 0 0 0 0 0 0 0 0 0 0 0 0 0 1.832047199530092 0
2459402.34 0 0 0 0 0 0 0 0 0 0 0 0 0 0 1.832748500330498 0
2459402.38 0 0 0 0 0 0 0 0 0 0 0 0 0 0 1.8334498011309035 0
2459402.42 0 0 0 0 0 0 0 0 0 0 0 0 0 0 1.8341511019313095 0
2459402.46 0 0 0 0 0 0 0 0 0 0 0 0 0 0 1.834852402731715 0
2459402.50 0 0 0 0 0 0 0 0 0 0 0 0 0 0 1.835553703532121 0
2459402.55 0 0 0 0 0 0 0 0 0 0 0 0 0 0 1.8362550043325265 0
2459402.59 0 0 0 0 0 0 0 0 0 0 0 0 0 0 1.8369563051329323 0
2459402.63 0 0 0 0 0 0 0 0 0 0 0 0 0 0 1.8376576059333378 0
2459402.67 0 0 0 0 0 0 0 0 0 0 0 0 0 0 1.8383589067337434 0
2459402.71 0 0 0 0 0 0 0 0 0 0 0 0 0 0 1.8390602075341493 0
2459402.75 0 0 0 0 0 0 0 0 0 0 0 0 0 0 1.839761508334555 0
2459402.80 0 0 0 0 0 0 0 0 0 0 0 0 0 0 1.8404628091349609 0
2459402.84 0 0 0 0 0 0 0 0 0 0 0 0 0 0 1.8411641099353666 0
2459402.88 0 0 0 0 0 0 0 0 0 0 0 0 0 0 1.8418654107357724 0
2459402.92 0 0 0 0 0 0 0 0 0 0 0 0 0 0 1.8425667115361781 0
2459402.96 0 0 0 0 0 0 0 0 0 0 0 0 0 0 1.8432680123365837 0
2459403.01 0 0 0 0 0 0 0 0 0 0 0 0 0 0 1.8439693131369892 0
2459403.05 0 0 0 0 0 0 0 0 0 0 0 0 0 0 1.844670613937395 0
2459403.09 0 0 0 0 0 0 0 0 0 0 0 0 0 0 1.8453719147378007 0
2459403.13 0 0 0 0 0 0 0 0 0 0 0 0 0 0 1.8460732155382065 0
2459403.17 0 0 0 0 0 0 0 0 0 0 0 0 0 0 1.8467745163386124 0
2459403.21 0 0 0 0 0 0 0 0 0 0 0 0 0 0 1.847475817139018 0
2459403.26 0 0 0 0 0 0 0 0 0 0 0 0 0 0 1.848177117939424 0
2459403.30 0 0 0 0 0 0 0 0 0 0 0 0 0 0 1.8488784187398295 0
2459403.34 0 0 0 0 0 0 0 0 0 0 0 0 0 0 1.849579719540235 0
2459403.38 0 0 0 0 0 0 0 0 0 0 0 0 0 0 1.8502810203406408 0
2459403.42 0 0 0 0 0 0 0 0 0 0 0 0 0 0 1.8509823211410465 0
2459403.46 0 0 0 0 0 0 0 0 0 0 0 0 0 0 1.8516836219414523 0
2459403.51 0 0 0 0 0 0 0 0 0 0 0 0 0 0 1.8523849227418578 0
2459403.55 0 0 0 0 0 0 0 0 0 0 0 0 0 0 1.8530862235422638 0
2459403.59 0 0 0 0 0 0 0 0 0 0 0 0 0 0 1.8537875243426694 0
2459403.63 0 0 0 0 0 0 0 0 0 0 0 0 0 0 1.8544888251430753 0
2459403.67 0 0 0 0 0 0 0 0 0 0 0 0 0 0 1.8551901259434809 0
2459403.71 0 0 0 0 0 0 0 0 0 0 0 0 0 0 1.8558914267438866 0
2459403.76 0 0 0 0 0 0 0 0 0 0 0 0 0 0 1.8565927275442922 0
2459403.80 0 0 0 0 0 0 0 0 0 0 0 0 0 0 1.8572940283446981 0
2459403.84 0 0 0 0 0 0 0 0 0 0 0 0 0 0 1.8579953291451037 0
2459403.88 0 0 0 0 0 0 0 0 0 0 0 0 0 0 1.8586966299455092 0
2459403.92 0 0 0 0 0 0 0 0 0 0 0 0 0 0 1.8593979307459152 0
2459403.96 0 0 0 0 0 0 0 0 0 0 0 0 0 0 1.8600992315463207 0
2459404.01 0 0 0 0 0 0 0 0 0 0 0 0 0 0 1.8608005323467267 0
2459404.05 0 0 0 0 0 0 0 0 0 0 0 0 0 0 1.8615018331471325 0
2459404.09 0 0 0 0 0 0 0 0 0 0 0 0 0 0 1.862203133947538 0
2459404.13 0 0 0 0 0 0 0 0 0 0 0 0 0 0 1.8629044347479435 0
2459404.17 0 0 0 0 0 0 0 0 0 0 0 0 0 0 1.8636057355483495 0
2459404.21 0 0 0 0 0 0 0 0 0 0 0 0 0 0 1.864307036348755 0
2459404.26 0 0 0 0 0 0 0 0 0 0 0 0 0 0 1.8650083371491608 0
2459404.30 0 0 0 0 0 0 0 0 0 0 0 0 0 0 1.8657096379495666 0
2459404.34 0 0 0 0 0 0 0 0 0 0 0 0 0 0 1.8664109387499723 0
2459404.38 0 0 0 0 0 0 0 0 0 0 0 0 0 0 1.867112239550378 0
2459404.42 0 0 0 0 0 0 0 0 0 0 0 0 0 0 1.8678135403507838 0
2459404.46 0 0 0 0 0 0 0 0 0 0 0 0 0 0 1.8685148411511894 0
2459404.51 0 0 0 0 0 0 0 0 0 0 0 0 0 0 1.869216141951595 0
2459404.55 0 0 0 0 0 0 0 0 0 0 0 0 0 0 1.869917442752001 0
2459404.59 0 0 0 0 0 0 0 0 0 0 0 0 0 0 1.8706187435524066 0
2459404.63 0 0 0 0 0 0 0 0 0 0 0 0 0 0 1.8713200443528122 0
2459404.67 0 0 0 0 0 0 0 0 0 0 0 0 0 0 1.8720213451532182 0
2459404.71 0 0 0 0 0 0 0 0 0 0 0 0 0 0 1.8727226459536237 0
2459404.76 0 0 0 0 0 0 0 0 0 0 0 0 0 0 1.8734239467540297 0
2459404.80 0 0 0 0 0 0 0 0 0 0 0 0 0 0 1.8741252475544352 0
2459404.84 0 0 0 0 0 0 0 0 0 0 0 0 0 0 1.8748265483548407 0
2459404.88 0 0 0 0 0 0 0 0 0 0 0 0 0 0 1.8755278491552465 0
2459404.92 0 0 0 0 0 0 0 0 0 0 0 0 0 0 1.8762291499556523 0
2459404.97 0 0 0 0 0 0 0 0 0 0 0 0 0 0 1.876930450756058 0
2459405.01 0 0 0 0 0 0 0 0 0 0 0 0 0 0 1.8776317515564636 0
2459405.05 0 0 0 0 0 0 0 0 0 0 0 0 0 0 1.8783330523568695 0
2459405.09 0 0 0 0 0 0 0 0 0 0 0 0 0 0 1.879034353157275 0
2459405.13 0 0 0 0 0 0 0 0 0 0 0 0 0 0 1.8797356539576808 0
2459405.17 0 0 0 0 0 0 0 0 0 0 0 0 0 0 1.8804369547580864 0
2459405.22 0 0 0 0 0 0 0 0 0 0 0 0 0 0 1.8811382555584923 0
2459405.26 0 0 0 0 0 0 0 0 0 0 0 0 0 0 1.8818395563588979 0
2459405.30 0 0 0 0 0 0 0 0 0 0 0 0 0 0 1.8825408571593039 0
2459405.34 0 0 0 0 0 0 0 0 0 0 0 0 0 0 1.8832421579597094 0
2459405.38 0 0 0 0 0 0 0 0 0 0 0 0 0 0 1.883943458760115 0
2459405.42 0 0 0 0 0 0 0 0 0 0 0 0 0 0 1.884644759560521 0
2459405.47 0 0 0 0 0 0 0 0 0 0 0 0 0 0 1.8853460603609267 0
2459405.51 0 0 0 0 0 0 0 0 0 0 0 0 0 0 1.8860473611613322 0
2459405.55 0 0 0 0 0 0 0 0 0 0 0 0 0 0 1.8867486619617377 0
2459405.59 0 0 0 0 0 0 0 0 0 0 0 0 0 0 1.8874499627621437 0
2459405.63 0 0 0 0 0 0 0 0 0 0 0 0 0 0 1.8881512635625493 0
2459405.67 0 0 0 0 0 0 0 0 0 0 0 0 0 0 1.8888525643629552 0
2459405.72 0 0 0 0 0 0 0 0 0 0 0 0 0 0 1.8895538651633608 0
2459405.76 0 0 0 0 0 0 0 0 0 0 0 0 0 0 1.8902551659637665 0
2459405.80 0 0 0 0 0 0 0 0 0 0 0 0 0 0 1.8909564667641723 0
2459405.84 0 0 0 0 0 0 0 0 0 0 0 0 0 0 1.891657767564578 0
2459405.88 0 0 0 0 0 0 0 0 0 0 0 0 0 0 1.8923590683649836 0
2459405.92 0 0 0 0 0 0 0 0 0 0 0 0 0 0 1.8930603691653891 0
2459405.97 0 0 0 0 0 0 0 0 0 0 0 0 0 0 1.893761669965795 0
2459406.01 0 0 0 0 0 0 0 0 0 0 0 0 0 0 1.8944629707662008 0
2459406.05 0 0 0 0 0 0 0 0 0 0 0 0 0 0 1.8951642715666066 0
2459406.09 0 0 0 0 0 0 0 0 0 0 0 0 0 0 1.8958655723670124 0
2459406.13 0 0 0 0 0 0 0 0 0 0 0 0 0 0 1.896566873167418 0
2459406.17 0 0 0 0 0 0 0 0 0 0 0 0 0 0 1.8972681739678239 0
2459406.22 0 0 0 0 0 0 0 0 0 0 0 0 0 0 1.8979694747682294 0
2459406.26 0 0 0 0 0 0 0 0 0 0 0 0 0 0 1.898670775568635 0
2459406.30 0 0 0 0 0 0 0 0 0 0 0 0 0 0 1.8993720763690407 0
2459406.34 0 0 0 0 0 0 0 0 0 0 0 0 0 0 1.9000733771694465 0
2459406.38 0 0 0 0 0 0 0 0 0 0 0 0 0 0 1.9007746779698522 0
2459406.42 0 0 0 0 0 0 0 0 0 0 0 0 0 0 1.9014759787702582 0
2459406.47 0 0 0 0 0 0 0 0 0 0 0 0 0 0 1.9021772795706637 0
2459406.51 0 0 0 0 0 0 0 0 0 0 0 0 0 0 1.9028785803710693 0
2459406.55 0 0 0 0 0 0 0 0 0 0 0 0 0 0 1.9035798811714753 0
2459406.59 0 0 0 0 0 0 0 0 0 0 0 0 0 0 1.9042811819718808 0
2459406.63 0 0 0 0 0 0 0 0 0 0 0 0 0 0 1.9049824827722865 0
2459406.67 0 0 0 0 0 0 0 0 0 0 0 0 0 0 1.905683783572692 0
2459406.72 0 0 0 0 0 0 0 0 0 0 0 0 0 0 1.906385084373098 0
2459406.76 0 0 0 0 0 0 0 0 0 0 0 0 0 0 1.9070863851735036 0
2459406.80 0 0 0 0 0 0 0 0 0 0 0 0 0 0 1.9077876859739096 0
2459406.84 0 0 0 0 0 0 0 0 0 0 0 0 0 0 1.908488986774315 0
2459406.88 0 0 0 0 0 0 0 0 0 0 0 0 0 0 1.9091902875747206 0
2459406.92 0 0 0 0 0 0 0 0 0 0 0 0 0 0 1.9098915883751266 0
2459406.97 0 0 0 0 0 0 0 0 0 0 0 0 0 0 1.9105928891755324 0
2459407.01 0 0 0 0 0 0 0 0 0 0 0 0 0 0 1.911294189975938 0
2459407.05 0 0 0 0 0 0 0 0 0 0 0 0 0 0 1.9119954907763435 0
2459407.09 0 0 0 0 0 0 0 0 0 0 0 0 0 0 1.9126967915767494 0
2459407.13 0 0 0 0 0 0 0 0 0 0 0 0 0 0 1.913398092377155 0
2459407.18 0 0 0 0 0 0 0 0 0 0 0 0 0 0 1.914099393177561 0
2459407.22 0 0 0 0 0 0 0 0 0 0 0 0 0 0 1.9148006939779665 0
2459407.26 0 0 0 0 0 0 0 0 0 0 0 0 0 0 1.9155019947783722 0
2459407.30 0 0 0 0 0 0 0 0 0 0 0 0 0 0 1.9162032955787782 0
2459407.34 0 0 0 0 0 0 0 0 0 0 0 0 0 0 1.9169045963791838 0
2459407.38 0 0 0 0 0 0 0 0 0 0 0 0 0 0 1.9176058971795893 0
2459407.43 0 0 0 0 0 0 0 0 0 0 0 0 0 0 1.918307197979995 0
2459407.47 0 0 0 0 0 0 0 0 0 0 0 0 0 0 1.9190084987804008 0
2459407.51 0 0 0 0 0 0 0 0 0 0 0 0 0 0 1.9197097995808066 0
2459407.55 0 0 0 0 0 0 0 0 0 0 0 0 0 0 1.9204111003812123 0
2459407.59 0 0 0 0 0 0 0 0 0 0 0 0 0 0 1.921112401181618 0
2459407.63 0 0 0 0 0 0 0 0 0 0 0 0 0 0 1.9218137019820236 0
2459407.68 0 0 0 0 0 0 0 0 0 0 0 0 0 0 1.9225150027824296 0
2459407.72 0 0 0 0 0 0 0 0 0 0 0 0 0 0 1.9232163035828351 0
2459407.76 0 0 0 0 0 0 0 0 0 0 0 0 0 0 1.9239176043832407 0
2459407.80 0 0 0 0 0 0 0 0 0 0 0 0 0 0 1.9246189051836464 0
2459407.84 0 0 0 0 0 0 0 0 0 0 0 0 0 0 1.9253202059840524 0
2459407.88 0 0 0 0 0 0 0 0 0 0 0 0 0 0 1.926021506784458 0
2459407.93 0 0 0 0 0 0 0 0 0 0 0 0 0 0 1.926722807584864 0
2459407.97 0 0 0 0 0 0 0 0 0 0 0 0 0 0 1.9274241083852695 0
2459408.01 0 0 0 0 0 0 0 0 0 0 0 0 0 0 1.928125409185675 0
2459408.05 0 0 0 0 0 0 0 0 0 0 0 0 0 0 1.928826709986081 0
2459408.09 0 0 0 0 0 0 0 0 0 0 0 0 0 0 1.9295280107864865 0
2459408.13 0 0 0 0 0 0 0 0 0 0 0 0 0 0 1.9302293115868923 0
2459408.18 0 0 0 0 0 0 0 0 0 0 0 0 0 0 1.9309306123872978 0
2459408.22 0 0 0 0 0 0 0 0 0 0 0 0 0 0 1.9316319131877038 0
2459408.26 0 0 0 0 0 0 0 0 0 0 0 0 0 0 1.9323332139881093 0
2459408.30 0 0 0 0 0 0 0 0 0 0 0 0 0 0 1.9330345147885153 0
2459408.34 0 0 0 0 0 0 0 0 0 0 0 0 0 0 1.9337358155889208 0
2459408.38 0 0 0 0 0 0 0 0 0 0 0 0 0 0 1.9344371163893266 0
2459408.43 0 0 0 0 0 0 0 0 0 0 0 0 0 0 1.9351384171897321 0
2459408.47 0 0 0 0 0 0 0 0 0 0 0 0 0 0 1.935839717990138 0
2459408.51 0 0 0 0 0 0 0 0 0 0 0 0 0 0 1.9365410187905436 0
2459408.55 0 0 0 0 0 0 0 0 0 0 0 0 0 0 1.9372423195909492 0
2459408.59 0 0 0 0 0 0 0 0 0 0 0 0 0 0 1.9379436203913551 0
2459408.63 0 0 0 0 0 0 0 0 0 0 0 0 0 0 1.9386449211917607 0
2459408.68 0 0 0 0 0 0 0 0 0 0 0 0 0 0 1.9393462219921667 0
2459408.72 0 0 0 0 0 0 0 0 0 0 0 0 0 0 1.9400475227925722 0
2459408.76 0 0 0 0 0 0 0 0 0 0 0 0 0 0 1.940748823592978 0
2459408.80 0 0 0 0 0 0 0 0 0 0 0 0 0 0 1.9414501243933835 0
2459408.84 0 0 0 0 0 0 0 0 0 0 0 0 0 0 1.9421514251937895 0
2459408.88 0 0 0 0 0 0 0 0 0 0 0 0 0 0 1.942852725994195 0
2459408.93 0 0 0 0 0 0 0 0 0 0 0 0 0 0 1.9435540267946008 0
2459408.97 0 0 0 0 0 0 0 0 0 0 0 0 0 0 1.9442553275950065 0
2459409.01 0 0 0 0 0 0 0 0 0 0 0 0 0 0 1.9449566283954123 0
2459409.05 0 0 0 0 0 0 0 0 0 0 0 0 0 0 1.945657929195818 0
2459409.09 0 0 0 0 0 0 0 0 0 0 0 0 0 0 1.9463592299962238 0
2459409.14 0 0 0 0 0 0 0 0 0 0 0 0 0 0 1.9470605307966293 0
2459409.18 0 0 0 0 0 0 0 0 0 0 0 0 0 0 1.9477618315970349 0
2459409.22 0 0 0 0 0 0 0 0 0 0 0 0 0 0 1.9484631323974408 0
2459409.26 0 0 0 0 0 0 0 0 0 0 0 0 0 0 1.9491644331978466 0
2459409.30 0 0 0 0 0 0 0 0 0 0 0 0 0 0 1.9498657339982521 0
2459409.34 0 0 0 0 0 0 0 0 0 0 0 0 0 0 1.9505670347986581 0
2459409.39 0 0 0 0 0 0 0 0 0 0 0 0 0 0 1.9512683355990637 0
2459409.43 0 0 0 0 0 0 0 0 0 0 0 0 0 0 1.9519696363994696 0
2459409.47 0 0 0 0 0 0 0 0 0 0 0 0 0 0 1.9526709371998752 0
2459409.51 0 0 0 0 0 0 0 0 0 0 0 0 0 0 1.9533722380002811 0
2459409.55 0 0 0 0 0 0 0 0 0 0 0 0 0 0 1.9540735388006865 0
2459409.59 0 0 0 0 0 0 0 0 0 0 0 0 0 0 1.9547748396010922 0
2459409.64 0 0 0 0 0 0 0 0 0 0 0 0 0 0 1.955476140401498 0
2459409.68 0 0 0 0 0 0 0 0 0 0 0 0 0 0 1.9561774412019035 0
2459409.72 0 0 0 0 0 0 0 0 0 0 0 0 0 0 1.9568787420023095 0
2459409.76 0 0 0 0 0 0 0 0 0 0 0 0 0 0 1.957580042802715 0
2459409.80 0 0 0 0 0 0 0 0 0 0 0 0 0 0 1.958281343603121 0
2459409.84 0 0 0 0 0 0 0 0 0 0 0 0 0 0 1.9589826444035265 0
2459409.89 0 0 0 0 0 0 0 0 0 0 0 0 0 0 1.9596839452039325 0
2459409.93 0 0 0 0 0 0 0 0 0 0 0 0 0 0 1.9603852460043378 0
2459409.97 0 0 0 0 0 0 0 0 0 0 0 0 0 0 1.9610865468047438 0
2459410.01 0 0 0 0 0 0 0 0 0 0 0 0 0 0 1.9617878476051493 0
2459410.05 0 0 0 0 0 0 0 0 0 0 0 0 0 0 1.9624891484055549 0
2459410.09 0 0 0 0 0 0 0 0 0 0 0 0 0 0 1.9631904492059609 0
2459410.14 0 0 0 0 0 0 0 0 0 0 0 0 0 0 1.9638917500063664 0
2459410.18 0 0 0 0 0 0 0 0 0 0 0 0 0 0 1.9645930508067724 0
2459410.22 0 0 0 0 0 0 0 0 0 0 0 0 0 0 1.9652943516071781 0
2459410.26 0 0 0 0 0 0 0 0 0 0 0 0 0 0 1.965995652407584 0
2459410.30 0 0 0 0 0 0 0 0 0 0 0 0 0 0 1.9666969532079892 0
2459410.34 0 0 0 0 0 0 0 0 0 0 0 0 0 0 1.9673982540083952 0
2459410.39 0 0 0 0 0 0 0 0 0 0 0 0 0 0 1.9680995548088007 0
2459410.43 0 0 0 0 0 0 0 0 0 0 0 0 0 0 1.9688008556092065 0
2459410.47 0 0 0 0 0 0 0 0 0 0 0 0 0 0 1.9695021564096122 0
2459410.51 0 0 0 0 0 0 0 0 0 0 0 0 0 0 1.970203457210018 0
2459410.55 0 0 0 0 0 0 0 0 0 0 0 0 0 0 1.9709047580104238 0
2459410.59 0 0 0 0 0 0 0 0 0 0 0 0 0 0 1.9716060588108295 0
2459410.64 0 0 0 0 0 0 0 0 0 0 0 0 0 0 1.9723073596112355 0
2459410.68 0 0 0 0 0 0 0 0 0 0 0 0 0 0 1.9730086604116406 0
2459410.72 0 0 0 0 0 0 0 0 0 0 0 0 0 0 1.9737099612120466 0
2459410.76 0 0 0 0 0 0 0 0 0 0 0 0 0 0 1.9744112620124523 0
2459410.80 0 0 0 0 0 0 0 0 0 0 0 0 0 0 1.9751125628128579 0
2459410.84 0 0 0 0 0 0 0 0 0 0 0 0 0 0 1.9758138636132638 0
2459410.89 0 0 0 0 0 0 0 0 0 0 0 0 0 0 1.9765151644136694 0
2459410.93 0 0 0 0 0 0 0 0 0 0 0 0 0 0 1.9772164652140753 0
2459410.97 0 0 0 0 0 0 0 0 0 0 0 0 0 0 1.9779177660144809 0
2459411.01 0 0 0 0 0 0 0 0 0 0 0 0 0 0 1.9786190668148869 0
2459411.05 0 0 0 0 0 0 0 0 0 0 0 0 0 0 1.9793203676152922 0
2459411.09 0 0 0 0 0 0 0 0 0 0 0 0 0 0 1.9800216684156982 0
2459411.14 0 0 0 0 0 0 0 0 0 0 0 0 0 0 1.9807229692161037 0
2459411.18 0 0 0 0 0 0 0 0 0 0 0 0 0 0 1.9814242700165092 0
2459411.22 0 0 0 0 0 0 0 0 0 0 0 0 0 0 1.9821255708169152 0
2459411.26 0 0 0 0 0 0 0 0 0 0 0 0 0 0 1.9828268716173207 0
2459411.30 0 0 0 0 0 0 0 0 0 0 0 0 0 0 1.9835281724177267 0
2459411.35 0 0 0 0 0 0 0 0 0 0 0 0 0 0 1.9842294732181323 0
2459411.39 0 0 0 0 0 0 0 0 0 0 0 0 0 0 1.9849307740185382 0
2459411.43 0 0 0 0 0 0 0 0 0 0 0 0 0 0 1.9856320748189435 0
2459411.47 0 0 0 0 0 0 0 0 0 0 0 0 0 0 1.9863333756193495 0
2459411.51 0 0 0 0 0 0 0 0 0 0 0 0 0 0 1.987034676419755 0
2459411.55 0 0 0 0 0 0 0 0 0 0 0 0 0 0 1.9877359772201606 0
2459411.60 0 0 0 0 0 0 0 0 0 0 0 0 0 0 1.9884372780205666 0
2459411.64 0 0 0 0 0 0 0 0 0 0 0 0 0 0 1.9891385788209723 0
2459411.68 0 0 0 0 0 0 0 0 0 0 0 0 0 0 1.989839879621378 0
2459411.72 0 0 0 0 0 0 0 0 0 0 0 0 0 0 1.9905411804217839 0
2459411.76 0 0 0 0 0 0 0 0 0 0 0 0 0 0 1.9912424812221896 0
2459411.80 0 0 0 0 0 0 0 0 0 0 0 0 0 0 1.991943782022595 0
2459411.85 0 0 0 0 0 0 0 0 0 0 0 0 0 0 1.992645082823001 0
2459411.89 0 0 0 0 0 0 0 0 0 0 0 0 0 0 1.9933463836234064 0
2459411.93 0 0 0 0 0 0 0 0 0 0 0 0 0 0 1.9940476844238122 0
2459411.97 0 0 0 0 0 0 0 0 0 0 0 0 0 0 1.994748985224218 0
2459412.01 0 0 0 0 0 0 0 0 0 0 0 0 0 0 1.9954502860246237 0
2459412.05 0 0 0 0 0 0 0 0 0 0 0 0 0 0 1.9961515868250297 0
2459412.10 0 0 0 0 0 0 0 0 0 0 0 0 0 0 1.9968528876254352 0
2459412.14 0 0 0 0 0 0 0 0 0 0 0 0 0 0 1.9975541884258412 0
2459412.18 0 0 0 0 0 0 0 0 0 0 0 0 0 0 1.9982554892262465 0
2459412.22 0 0 0 0 0 0 0 0 0 0 0 0 0 0 1.9989567900266523 0
2459412.26 0 0 0 0 0 0 0 0 0 0 0 0 0 0 1.999658090827058 0
2459412.30 0 0 0 0 0 0 0 0 0 0 0 0 0 0 2.0003593916274633 0
2459412.35 0 0 0 0 0 0 0 0 0 0 0 0 0 0 2.0010606924278695 0
2459412.39 0 0 0 0 0 0 0 0 0 0 0 0 0 0 2.0017619932282753 0
2459412.43 0 0 0 0 0 0 0 0 0 0 0 0 0 0 2.002463294028681 0
2459412.47 0 0 0 0 0 0 0 0 0 0 0 0 0 0 2.0031645948290864 0
2459412.51 0 0 0 0 0 0 0 0 0 0 0 0 0 0 2.003865895629492 0
2459412.55 0 0 0 0 0 0 0 0 0 0 0 0 0 0 2.004567196429898 0
2459412.60 0 0 0 0 0 0 0 0 0 0 0 0 0 0 2.0052684972303036 0
2459412.64 0 0 0 0 0 0 0 0 0 0 0 0 0 0 2.0059697980307094 0
2459412.68 0 0 0 0 0 0 0 0 0 0 0 0 0 0 2.006671098831115 0
2459412.72 0 0 0 0 0 0 0 0 0 0 0 0 0 0 2.007372399631521 0
2459412.76 0 0 0 0 0 0 0 0 0 0 0 0 0 0 2.0080737004319267 0
2459412.80 0 0 0 0 0 0 0 0 0 0 0 0 0 0 2.0087750012323324 0
2459412.85 0 0 0 0 0 0 0 0 0 0 0 0 0 0 2.0094763020327377 0
2459412.89 0 0 0 0 0 0 0 0 0 0 0 0 0 0 2.0101776028331435 0
2459412.93 0 0 0 0 0 0 0 0 0 0 0 0 0 0 2.0108789036335493 0
2459412.97 0 0 0 0 0 0 0 0 0 0 0 0 0 0 2.011580204433955 0
2459413.01 0 0 0 0 0 0 0 0 0 0 0 0 0 0 2.012281505234361 0
2459413.05 0 0 0 0 0 0 0 0 0 0 0 0 0 0 2.0129828060347665 0
2459413.10 0 0 0 0 0 0 0 0 0 0 0 0 0 0 2.0136841068351723 0
2459413.14 0 0 0 0 0 0 0 0 0 0 0 0 0 0 2.014385407635578 0
2459413.18 0 0 0 0 0 0 0 0 0 0 0 0 0 0 2.015086708435984 0
2459413.22 0 0 0 0 0 0 0 0 0 0 0 0 0 0 2.015788009236389 0
2459413.26 0 0 0 0 0 0 0 0 0 0 0 0 0 0 2.0164893100367953 0
2459413.31 0 0 0 0 0 0 0 0 0 0 0 0 0 0 2.0171906108372006 0
2459413.35 0 0 0 0 0 0 0 0 0 0 0 0 0 0 2.017891911637607 0
2459413.39 0 0 0 0 0 0 0 0 0 0 0 0 0 0 2.018593212438012 0
2459413.43 0 0 0 0 0 0 0 0 0 0 0 0 0 0 2.019294513238418 0
2459413.47 0 0 0 0 0 0 0 0 0 0 0 0 0 0 2.0199958140388237 0
2459413.51 0 0 0 0 0 0 0 0 0 0 0 0 0 0 2.0206971148392294 0
2459413.56 0 0 0 0 0 0 0 0 0 0 0 0 0 0 2.021398415639635 0
2459413.60 0 0 0 0 0 0 0 0 0 0 0 0 0 0 2.0220997164400405 0
2459413.64 0 0 0 0 0 0 0 0 0 0 0 0 0 0 2.0228010172404467 0
2459413.68 0 0 0 0 0 0 0 0 0 0 0 0 0 0 2.023502318040852 0
2459413.72 0 0 0 0 0 0 0 0 0 0 0 0 0 0 2.024203618841258 0
2459413.76 0 0 0 0 0 0 0 0 0 0 0 0 0 0 2.0249049196416635 0
2459413.81 0 0 0 0 0 0 0 0 0 0 0 0 0 0 2.0256062204420697 0
2459413.85 0 0 0 0 0 0 0 0 0 0 0 0 0 0 2.026307521242475 0
2459413.89 0 0 0 0 0 0 0 0 0 0 0 0 0 0 2.027008822042881 0
2459413.93 0 0 0 0 0 0 0 0 0 0 0 0 0 0 2.0277101228432866 0
2459413.97 0 0 0 0 0 0 0 0 0 0 0 0 0 0 2.028411423643692 0
2459414.01 0 0 0 0 0 0 0 0 0 0 0 0 0 0 2.029112724444098 0
2459414.06 0 0 0 0 0 0 0 0 0 0 0 0 0 0 2.0298140252445034 0
2459414.10 0 0 0 0 0 0 0 0 0 0 0 0 0 0 2.0305153260449096 0
2459414.14 0 0 0 0 0 0 0 0 0 0 0 0 0 0 2.031216626845315 0
2459414.18 0 0 0 0 0 0 0 0 0 0 0 0 0 0 2.031917927645721 0
2459414.22 0 0 0 0 0 0 0 0 0 0 0 0 0 0 2.032619228446127 0
2459414.26 0 0 0 0 0 0 0 0 0 0 0 0 0 0 2.033320529246532 0
2459414.31 0 0 0 0 0 0 0 0 0 0 0 0 0 0 2.0340218300469384 0
2459414.35 0 0 0 0 0 0 0 0 0 0 0 0 0 0 2.0347231308473437 0
2459414.39 0 0 0 0 0 0 0 0 0 0 0 0 0 0 2.0354244316477494 0
2459414.43 0 0 0 0 0 0 0 0 0 0 0 0 0 0 2.036125732448155 0
2459414.47 0 0 0 0 0 0 0 0 0 0 0 0 0 0 2.036827033248561 0
2459414.51 0 0 0 0 0 0 0 0 0 0 0 0 0 0 2.0375283340489667 0
2459414.56 0 0 0 0 0 0 0 0 0 0 0 0 0 0 2.0382296348493725 0
2459414.60 0 0 0 0 0 0 0 0 0 0 0 0 0 0 2.0389309356497782 0
2459414.64 0 0 0 0 0 0 0 0 0 0 0 0 0 0 2.0396322364501835 0
2459414.68 0 0 0 0 0 0 0 0 0 0 0 0 0 0 2.0403335372505897 0
2459414.72 0 0 0 0 0 0 0 0 0 0 0 0 0 0 2.041034838050995 0
2459414.76 0 0 0 0 0 0 0 0 0 0 0 0 0 0 2.041736138851401 0
2459414.81 0 0 0 0 0 0 0 0 0 0 0 0 0 0 2.0424374396518066 0
2459414.85 0 0 0 0 0 0 0 0 0 0 0 0 0 0 2.0431387404522123 0
2459414.89 0 0 0 0 0 0 0 0 0 0 0 0 0 0 2.043840041252618 0
2459414.93 0 0 0 0 0 0 0 0 0 0 0 0 0 0 2.044541342053024 0
2459414.97 0 0 0 0 0 0 0 0 0 0 0 0 0 0 2.0452426428534296 0
2459415.01 0 0 0 0 0 0 0 0 0 0 0 0 0 0 2.045943943653835 0
2459415.06 0 0 0 0 0 0 0 0 0 0 0 0 0 0 2.046645244454241 0
2459415.10 0 0 0 0 0 0 0 0 0 0 0 0 0 0 2.0473465452546464 0
2459415.14 0 0 0 0 0 0 0 0 0 0 0 0 0 0 2.048047846055052 0
2459415.18 0 0 0 0 0 0 0 0 0 0 0 0 0 0 2.048749146855458 0
2459415.22 0 0 0 0 0 0 0 0 0 0 0 0 0 0 2.0494504476558637 0
2459415.26 0 0 0 0 0 0 0 0 0 0 0 0 0 0 2.0501517484562695 0
2459415.31 0 0 0 0 0 0 0 0 0 0 0 0 0 0 2.050853049256675 0
2459415.35 0 0 0 0 0 0 0 0 0 0 0 0 0 0 2.051554350057081 0
2459415.39 0 0 0 0 0 0 0 0 0 0 0 0 0 0 2.0522556508574867 0
2459415.43 0 0 0 0 0 0 0 0 0 0 0 0 0 0 2.0529569516578925 0
2459415.47 0 0 0 0 0 0 0 0 0 0 0 0 0 0 2.053658252458298 0
2459415.52 0 0 0 0 0 0 0 0 0 0 0 0 0 0 2.0543595532587036 0
2459415.56 0 0 0 0 0 0 0 0 0 0 0 0 0 0 2.0550608540591093 0
2459415.60 0 0 0 0 0 0 0 0 0 0 0 0 0 0 2.055762154859515 0
2459415.64 0 0 0 0 0 0 0 0 0 0 0 0 0 0 2.056463455659921 0
2459415.68 0 0 0 0 0 0 0 0 0 0 0 0 0 0 2.0571647564603266 0
2459415.72 0 0 0 0 0 0 0 0 0 0 0 0 0 0 2.0578660572607324 0
2459415.77 0 0 0 0 0 0 0 0 0 0 0 0 0 0 2.058567358061138 0
2459415.81 0 0 0 0 0 0 0 0 0 0 0 0 0 0 2.059268658861544 0
2459415.85 0 0 0 0 0 0 0 0 0 0 0 0 0 0 2.059969959661949 0
2459415.89 0 0 0 0 0 0 0 0 0 0 0 0 0 0 2.060671260462355 0
2459415.93 0 0 0 0 0 0 0 0 0 0 0 0 0 0 2.0613725612627607 0
2459415.97 0 0 0 0 0 0 0 0 0 0 0 0 0 0 2.0620738620631665 0
2459416.02 0 0 0 0 0 0 0 0 0 0 0 0 0 0 2.062775162863572 0
2459416.06 0 0 0 0 0 0 0 0 0 0 0 0 0 0 2.0634764636639784 0
2459416.10 0 0 0 0 0 0 0 0 0 0 0 0 0 0 2.0641777644643837 0
2459416.14 0 0 0 0 0 0 0 0 0 0 0 0 0 0 2.0648790652647895 0
2459416.18 0 0 0 0 0 0 0 0 0 0 0 0 0 0 2.0655803660651952 0
2459416.22 0 0 0 0 0 0 0 0 0 0 0 0 0 0 2.0662816668656006 0
2459416.27 0 0 0 0 0 0 0 0 0 0 0 0 0 0 2.0669829676660068 0
2459416.31 0 0 0 0 0 0 0 0 0 0 0 0 0 0 2.067684268466412 0
2459416.35 0 0 0 0 0 0 0 0 0 0 0 0 0 0 2.0683855692668183 0
2459416.39 0 0 0 0 0 0 0 0 0 0 0 0 0 0 2.0690868700672236 0
2459416.43 0 0 0 0 0 0 0 0 0 0 0 0 0 0 2.06978817086763 0
2459416.47 0 0 0 0 0 0 0 0 0 0 0 0 0 0 2.070489471668035 0
2459416.52 0 0 0 0 0 0 0 0 0 0 0 0 0 0 2.071190772468441 0
2459416.56 0 0 0 0 0 0 0 0 0 0 0 0 0 0 2.0718920732688466 0
2459416.60 0 0 0 0 0 0 0 0 0 0 0 0 0 0 2.072593374069252 0
2459416.64 0 0 0 0 0 0 0 0 0 0 0 0 0 0 2.073294674869658 0
2459416.68 0 0 0 0 0 0 0 0 0 0 0 0 0 0 2.0739959756700634 0
2459416.72 0 0 0 0 0 0 0 0 0 0 0 0 0 0 2.0746972764704696 0
2459416.77 0 0 0 0 0 0 0 0 0 0 0 0 0 0 2.075398577270875 0
2459416.81 0 0 0 0 0 0 0 0 0 0 0 0 0 0 2.076099878071281 0
2459416.85 0 0 0 0 0 0 0 0 0 0 0 0 0 0 2.0768011788716865 0
2459416.89 0 0 0 0 0 0 0 0 0 0 0 0 0 0 2.0775024796720922 0
2459416.93 0 0 0 0 0 0 0 0 0 0 0 0 0 0 2.0782037804724984 0
2459416.97 0 0 0 0 0 0 0 0 0 0 0 0 0 0 2.0789050812729033 0
2459417.02 0 0 0 0 0 0 0 0 0 0 0 0 0 0 2.0796063820733095 0
2459417.06 0 0 0 0 0 0 0 0 0 0 0 0 0 0 2.0803076828737153 0
2459417.10 0 0 0 0 0 0 0 0 0 0 0 0 0 0 2.081008983674121 0
2459417.14 0 0 0 0 0 0 0 0 0 0 0 0 0 0 2.0817102844745268 0
2459417.18 0 0 0 0 0 0 0 0 0 0 0 0 0 0 2.0824115852749325 0
2459417.22 0 0 0 0 0 0 0 0 0 0 0 0 0 0 2.0831128860753383 0
2459417.27 0 0 0 0 0 0 0 0 0 0 0 0 0 0 2.0838141868757436 0
2459417.31 0 0 0 0 0 0 0 0 0 0 0 0 0 0 2.0845154876761494 0
2459417.35 0 0 0 0 0 0 0 0 0 0 0 0 0 0 2.085216788476555 0
2459417.39 0 0 0 0 0 0 0 0 0 0 0 0 0 0 2.085918089276961 0
2459417.43 0 0 0 0 0 0 0 0 0 0 0 0 0 0 2.0866193900773666 0
2459417.48 0 0 0 0 0 0 0 0 0 0 0 0 0 0 2.0873206908777724 0
2459417.52 0 0 0 0 0 0 0 0 0 0 0 0 0 0 2.088021991678178 0
2459417.56 0 0 0 0 0 0 0 0 0 0 0 0 0 0 2.088723292478584 0
2459417.60 0 0 0 0 0 0 0 0 0 0 0 0 0 0 2.0894245932789897 0
2459417.64 0 0 0 0 0 0 0 0 0 0 0 0 0 0 2.090125894079395 0
2459417.68 0 0 0 0 0 0 0 0 0 0 0 0 0 0 2.0908271948798007 0
2459417.73 0 0 0 0 0 0 0 0 0 0 0 0 0 0 2.0915284956802065 0
2459417.77 0 0 0 0 0 0 0 0 0 0 0 0 0 0 2.0922297964806122 0
2459417.81 0 0 0 0 0 0 0 0 0 0 0 0 0 0 2.092931097281018 0
2459417.85 0 0 0 0 0 0 0 0 0 0 0 0 0 0 2.0936323980814238 0
2459417.89 0 0 0 0 0 0 0 0 0 0 0 0 0 0 2.0943336988818295 0
2459417.93 0 0 0 0 0 0 0 0 0 0 0 0 0 0 2.0950349996822353 0
2459417.98 0 0 0 0 0 0 0 0 0 0 0 0 0 0 2.095736300482641 0
2459418.02 0 0 0 0 0 0 0 0 0 0 0 0 0 0 2.096437601283047 0
2459418.06 0 0 0 0 0 0 0 0 0 0 0 0 0 0 2.097138902083452 0
2459418.10 0 0 0 0 0 0 0 0 0 0 0 0 0 0 2.0978402028838583 0
2459418.14 0 0 0 0 0 0 0 0 0 0 0 0 0 0 2.0985415036842636 0
2459418.18 0 0 0 0 0 0 0 0 0 0 0 0 0 0 2.0992428044846694 0
2459418.23 0 0 0 0 0 0 0 0 0 0 0 0 0 0 2.099944105285075 0
2459418.27 0 0 0 0 0 0 0 0 0 0 0 0 0 0 2.100645406085481 0
2459418.31 0 0 0 0 0 0 0 0 0 0 0 0 0 0 2.1013467068858867 0
2459418.35 0 0 0 0 0 0 0 0 0 0 0 0 0 0 2.1020480076862924 0
2459418.39 0 0 0 0 0 0 0 0 0 0 0 0 0 0 2.102749308486698 0
2459418.43 0 0 0 0 0 0 0 0 0 0 0 0 0 0 2.1034506092871035 0
2459418.48 0 0 0 0 0 0 0 0 0 0 0 0 0 0 2.1041519100875097 0
2459418.52 0 0 0 0 0 0 0 0 0 0 0 0 0 0 2.104853210887915 0
2459418.56 0 0 0 0 0 0 0 0 0 0 0 0 0 0 2.1055545116883208 0
2459418.60 0 0 0 0 0 0 0 0 0 0 0 0 0 0 2.1062558124887265 0
2459418.64 0 0 0 0 0 0 0 0 0 0 0 0 0 0 2.1069571132891323 0
2459418.68 0 0 0 0 0 0 0 0 0 0 0 0 0 0 2.107658414089538 0
2459418.73 0 0 0 0 0 0 0 0 0 0 0 0 0 0 2.108359714889944 0
2459418.77 0 0 0 0 0 0 0 0 0 0 0 0 0 0 2.1090610156903495 0
2459418.81 0 0 0 0 0 0 0 0 0 0 0 0 0 0 2.109762316490755 0
2459418.85 0 0 0 0 0 0 0 0 0 0 0 0 0 0 2.110463617291161 0
2459418.89 0 0 0 0 0 0 0 0 0 0 0 0 0 0 2.111164918091567 0
2459418.93 0 0 0 0 0 0 0 0 0 0 0 0 0 0 2.111866218891972 0
2459418.98 0 0 0 0 0 0 0 0 0 0 0 0 0 0 2.1125675196923783 0
2459419.02 0 0 0 0 0 0 0 0 0 0 0 0 0 0 2.1132688204927836 0
2459419.06 0 0 0 0 0 0 0 0 0 0 0 0 0 0 2.11397012129319 0
2459419.10 0 0 0 0 0 0 0 0 0 0 0 0 0 0 2.114671422093595 0
2459419.14 0 0 0 0 0 0 0 0 0 0 0 0 0 0 2.115372722894001 0
2459419.18 0 0 0 0 0 0 0 0 0 0 0 0 0 0 2.1160740236944067 0
2459419.23 0 0 0 0 0 0 0 0 0 0 0 0 0 0 2.1167753244948124 0
2459419.27 0 0 0 0 0 0 0 0 0 0 0 0 0 0 2.117476625295218 0
2459419.31 0 0 0 0 0 0 0 0 0 0 0 0 0 0 2.1181779260956235 0
2459419.35 0 0 0 0 0 0 0 0 0 0 0 0 0 0 2.1188792268960297 0
2459419.39 0 0 0 0 0 0 0 0 0 0 0 0 0 0 2.119580527696435 0
2459419.43 0 0 0 0 0 0 0 0 0 0 0 0 0 0 2.120281828496841 0
2459419.48 0 0 0 0 0 0 0 0 0 0 0 0 0 0 2.1209831292972465 0
2459419.52 0 0 0 0 0 0 0 0 0 0 0 0 0 0 2.1216844300976523 0
2459419.56 0 0 0 0 0 0 0 0 0 0 0 0 0 0 2.122385730898058 0
2459419.60 0 0 0 0 0 0 0 0 0 0 0 0 0 0 2.123087031698464 0
2459419.64 0 0 0 0 0 0 0 0 0 0 0 0 0 0 2.1237883324988696 0
2459419.69 0 0 0 0 0 0 0 0 0 0 0 0 0 0 2.124489633299275 0
2459419.73 0 0 0 0 0 0 0 0 0 0 0 0 0 0 2.125190934099681 0
2459419.77 0 0 0 0 0 0 0 0 0 0 0 0 0 0 2.1258922349000864 0
2459419.81 0 0 0 0 0 0 0 0 0 0 0 0 0 0 2.126593535700492 0
2459419.85 0 0 0 0 0 0 0 0 0 0 0 0 0 0 2.1272948365008983 0
2459419.89 0 0 0 0 0 0 0 0 0 0 0 0 0 0 2.1279961373013037 0
2459419.94 0 0 0 0 0 0 0 0 0 0 0 0 0 0 2.1286974381017094 0
2459419.98 0 0 0 0 0 0 0 0 0 0 0 0 0 0 2.129398738902115 0
2459420.02 0 0 0 0 0 0 0 0 0 0 0 0 0 0 2.130100039702521 0
2459420.06 0 0 0 0 0 0 0 0 0 0 0 0 0 0 2.1308013405029267 0
2459420.10 0 0 0 0 0 0 0 0 0 0 0 0 0 0 2.1315026413033324 0
2459420.14 0 0 0 0 0 0 0 0 0 0 0 0 0 0 2.132203942103738 0
2459420.19 0 0 0 0 0 0 0 0 0 0 0 0 0 0 2.132905242904144 0
2459420.23 0 0 0 0 0 0 0 0 0 0 0 0 0 0 2.1336065437045497 0
2459420.27 0 0 0 0 0 0 0 0 0 0 0 0 0 0 2.134307844504955 0
2459420.31 0 0 0 0 0 0 0 0 0 0 0 0 0 0 2.1350091453053612 0
2459420.35 0 0 0 0 0 0 0 0 0 0 0 0 0 0 2.1357104461057665 0
2459420.39 0 0 0 0 0 0 0 0 0 0 0 0 0 0 2.1364117469061723 0
2459420.44 0 0 0 0 0 0 0 0 0 0 0 0 0 0 2.137113047706578 0
2459420.48 0 0 0 0 0 0 0 0 0 0 0 0 0 0 2.137814348506984 0
2459420.52 0 0 0 0 0 0 0 0 0 0 0 0 0 0 2.1385156493073896 0
2459420.56 0 0 0 0 0 0 0 0 0 0 0 0 0 0 2.139216950107795 0
2459420.60 0 0 0 0 0 0 0 0 0 0 0 0 0 0 2.139918250908201 0
2459420.64 0 0 0 0 0 0 0 0 0 0 0 0 0 0 2.1406195517086064 0
2459420.69 0 0 0 0 0 0 0 0 0 0 0 0 0 0 2.141320852509012 0
2459420.73 0 0 0 0 0 0 0 0 0 0 0 0 0 0 2.1420221533094184 0
2459420.77 0 0 0 0 0 0 0 0 0 0 0 0 0 0 2.1427234541098237 0
2459420.81 0 0 0 0 0 0 0 0 0 0 0 0 0 0 2.1434247549102294 0
2459420.85 0 0 0 0 0 0 0 0 0 0 0 0 0 0 2.144126055710635 0
2459420.89 0 0 0 0 0 0 0 0 0 0 0 0 0 0 2.144827356511041 0
2459420.94 0 0 0 0 0 0 0 0 0 0 0 0 0 0 2.1455286573114467 0
2459420.98 0 0 0 0 0 0 0 0 0 0 0 0 0 0 2.1462299581118525 0
2459421.02 0 0 0 0 0 0 0 0 0 0 0 0 0 0 2.1469312589122582 0
2459421.06 0 0 0 0 0 0 0 0 0 0 0 0 0 0 2.147632559712664 0
2459421.10 0 0 0 0 0 0 0 0 0 0 0 0 0 0 2.1483338605130697 0
2459421.14 0 0 0 0 0 0 0 0 0 0 0 0 0 0 2.149035161313475 0
2459421.19 0 0 0 0 0 0 0 0 0 0 0 0 0 0 2.149736462113881 0
2459421.23 0 0 0 0 0 0 0 0 0 0 0 0 0 0 2.1504377629142866 0
2459421.27 0 0 0 0 0 0 0 0 0 0 0 0 0 0 2.1511390637146923 0
2459421.31 0 0 0 0 0 0 0 0 0 0 0 0 0 0 2.151840364515098 0
2459421.35 0 0 0 0 0 0 0 0 0 0 0 0 0 0 2.152541665315504 0
2459421.39 0 0 0 0 0 0 0 0 0 0 0 0 0 0 2.1532429661159096 0
2459421.44 0 0 0 0 0 0 0 0 0 0 0 0 0 0 2.153944266916315 0
2459421.48 0 0 0 0 0 0 0 0 0 0 0 0 0 0 2.154645567716721 0
2459421.52 0 0 0 0 0 0 0 0 0 0 0 0 0 0 2.1553468685171264 0
2459421.56 0 0 0 0 0 0 0 0 0 0 0 0 0 0 2.156048169317532 0
2459421.60 0 0 0 0 0 0 0 0 0 0 0 0 0 0 2.156749470117938 0
2459421.65 0 0 0 0 0 0 0 0 0 0 0 0 0 0 2.1574507709183437 0
2459421.69 0 0 0 0 0 0 0 0 0 0 0 0 0 0 2.15815207171875 0
2459421.73 0 0 0 0 0 0 0 0 0 0 0 0 0 0 2.1588533725191548 0
2459421.77 0 0 0 0 0 0 0 0 0 0 0 0 0 0 2.159554673319561 0
2459421.81 0 0 0 0 0 0 0 0 0 0 0 0 0 0 2.1602559741199667 0
2459421.85 0 0 0 0 0 0 0 0 0 0 0 0 0 0 2.1609572749203725 0
2459421.90 0 0 0 0 0 0 0 0 0 0 0 0 0 0 2.1616585757207782 0
2459421.94 0 0 0 0 0 0 0 0 0 0 0 0 0 0 2.1623598765211836 0
2459421.98 0 0 0 0 0 0 0 0 0 0 0 0 0 0 2.1630611773215898 0
2459422.02 0 0 0 0 0 0 0 0 0 0 0 0 0 0 2.163762478121995 0
2459422.06 0 0 0 0 0 0 0 0 0 0 0 0 0 0 2.164463778922401 0
2459422.10 0 0 0 0 0 0 0 0 0 0 0 0 0 0 2.1651650797228066 0
2459422.15 0 0 0 0 0 0 0 0 0 0 0 0 0 0 2.1658663805232123 0
2459422.19 0 0 0 0 0 0 0 0 0 0 0 0 0 0 2.166567681323618 0
2459422.23 0 0 0 0 0 0 0 0 0 0 0 0 0 0 2.167268982124024 0
2459422.27 0 0 0 0 0 0 0 0 0 0 0 0 0 0 2.1679702829244296 0
2459422.31 0 0 0 0 0 0 0 0 0 0 0 0 0 0 2.168671583724835 0
2459422.35 0 0 0 0 0 0 0 0 0 0 0 0 0 0 2.1693728845252407 0
2459422.40 0 0 0 0 0 0 0 0 0 0 0 0 0 0 2.1700741853256464 0
2459422.44 0 0 0 0 0 0 0 0 0 0 0 0 0 0 2.1707754861260526 0
2459422.48 0 0 0 0 0 0 0 0 0 0 0 0 0 0 2.171476786926458 0
2459422.52 0 0 0 0 0 0 0 0 0 0 0 0 0 0 2.1721780877268637 0
2459422.56 0 0 0 0 0 0 0 0 0 0 0 0 0 0 2.1728793885272695 0
2459422.60 0 0 0 0 0 0 0 0 0 0 0 0 0 0 2.1735806893276752 0
2459422.65 0 0 0 0 0 0 0 0 0 0 0 0 0 0 2.174281990128081 0
2459422.69 0 0 0 0 0 0 0 0 0 0 0 0 0 0 2.1749832909284867 0
2459422.73 0 0 0 0 0 0 0 0 0 0 0 0 0 0 2.1756845917288925 0
2459422.77 0 0 0 0 0 0 0 0 0 0 0 0 0 0 2.1763858925292983 0
2459422.81 0 0 0 0 0 0 0 0 0 0 0 0 0 0 2.1770871933297036 0
2459422.85 0 0 0 0 0 0 0 0 0 0 0 0 0 0 2.1777884941301098 0
2459422.90 0 0 0 0 0 0 0 0 0 0 0 0 0 0 2.178489794930515 0
2459422.94 0 0 0 0 0 0 0 0 0 0 0 0 0 0 2.179191095730921 0
2459422.98 0 0 0 0 0 0 0 0 0 0 0 0 0 0 2.1798923965313266 0
2459423.02 0 0 0 0 0 0 0 0 0 0 0 0 0 0 2.1805936973317324 0
2459423.06 0 0 0 0 0 0 0 0 0 0 0 0 0 0 2.181294998132138 0
2459423.10 0 0 0 0 0 0 0 0 0 0 0 0 0 0 2.1819962989325434 0
2459423.15 0 0 0 0 0 0 0 0 0 0 0 0 0 0 2.1826975997329496 0
2459423.19 0 0 0 0 0 0 0 0 0 0 0 0 0 0 2.1833989005333554 0
2459423.23 0 0 0 0 0 0 0 0 0 0 0 0 0 0 2.1841002013337607 0
2459423.27 0 0 0 0 0 0 0 0 0 0 0 0 0 0 2.1848015021341665 0
2459423.31 0 0 0 0 0 0 0 0 0 0 0 0 0 0 2.185502802934572 0
2459423.35 0 0 0 0 0 0 0 0 0 0 0 0 0 0 2.186204103734978 0
2459423.40 0 0 0 0 0 0 0 0 0 0 0 0 0 0 2.1869054045353837 0
2459423.44 0 0 0 0 0 0 0 0 0 0 0 0 0 0 2.1876067053357895 0
2459423.48 0 0 0 0 0 0 0 0 0 0 0 0 0 0 2.1883080061361952 0
2459423.52 0 0 0 0 0 0 0 0 0 0 0 0 0 0 2.189009306936601 0
2459423.56 0 0 0 0 0 0 0 0 0 0 0 0 0 0 2.1897106077370063 0
2459423.60 0 0 0 0 0 0 0 0 0 0 0 0 0 0 2.1904119085374125 0
2459423.65 0 0 0 0 0 0 0 0 0 0 0 0 0 0 2.1911132093378183 0
2459423.69 0 0 0 0 0 0 0 0 0 0 0 0 0 0 2.1918145101382236 0
2459423.73 0 0 0 0 0 0 0 0 0 0 0 0 0 0 2.19251581093863 0
2459423.77 0 0 0 0 0 0 0 0 0 0 0 0 0 0 2.193217111739035 0
2459423.81 0 0 0 0 0 0 0 0 0 0 0 0 0 0 2.193918412539441 0
2459423.86 0 0 0 0 0 0 0 0 0 0 0 0 0 0 2.1946197133398466 0
2459423.90 0 0 0 0 0 0 0 0 0 0 0 0 0 0 2.1953210141402524 0
2459423.94 0 0 0 0 0 0 0 0 0 0 0 0 0 0 2.196022314940658 0
2459423.98 0 0 0 0 0 0 0 0 0 0 0 0 0 0 2.1967236157410635 0
2459424.02 0 0 0 0 0 0 0 0 0 0 0 0 0 0 2.1974249165414697 0
2459424.06 0 0 0 0 0 0 0 0 0 0 0 0 0 0 2.198126217341875 0
2459424.11 0 0 0 0 0 0 0 0 0 0 0 0 0 0 2.198827518142281 0
2459424.15 0 0 0 0 0 0 0 0 0 0 0 0 0 0 2.1995288189426865 0
2459424.19 0 0 0 0 0 0 0 0 0 0 0 0 0 0 2.2002301197430927 0
2459424.23 0 0 0 0 0 0 0 0 0 0 0 0 0 0 2.200931420543498 0
2459424.27 0 0 0 0 0 0 0 0 0 0 0 0 0 0 2.2016327213439038 0
2459424.31 0 0 0 0 0 0 0 0 0 0 0 0 0 0 2.2023340221443095 0
2459424.36 0 0 0 0 0 0 0 0 0 0 0 0 0 0 2.2030353229447153 0
2459424.40 0 0 0 0 0 0 0 0 0 0 0 0 0 0 2.203736623745121 0
2459424.44 0 0 0 0 0 0 0 0 0 0 0 0 0 0 2.2044379245455263 0
2459424.48 0 0 0 0 0 0 0 0 0 0 0 0 0 0 2.2051392253459325 0
2459424.52 0 0 0 0 0 0 0 0 0 0 0 0 0 0 2.2058405261463383 0
2459424.56 0 0 0 0 0 0 0 0 0 0 0 0 0 0 2.206541826946744 0
2459424.61 0 0 0 0 0 0 0 0 0 0 0 0 0 0 2.2072431277471494 0
2459424.65 0 0 0 0 0 0 0 0 0 0 0 0 0 0 2.207944428547555 0
2459424.69 0 0 0 0 0 0 0 0 0 0 0 0 0 0 2.208645729347961 0
2459424.73 0 0 0 0 0 0 0 0 0 0 0 0 0 0 2.2093470301483666 0
2459424.77 0 0 0 0 0 0 0 0 0 0 0 0 0 0 2.2100483309487724 0
2459424.81 0 0 0 0 0 0 0 0 0 0 0 0 0 0 2.210749631749178 0
2459424.86 0 0 0 0 0 0 0 0 0 0 0 0 0 0 2.211450932549584 0
2459424.90 0 0 0 0 0 0 0 0 0 0 0 0 0 0 2.2121522333499897 0
2459424.94 0 0 0 0 0 0 0 0 0 0 0 0 0 0 2.2128535341503954 0
2459424.98 0 0 0 0 0 0 0 0 0 0 0 0 0 0 2.213554834950801 0
2459425.02 0 0 0 0 0 0 0 0 0 0 0 0 0 0 2.2142561357512065 0
2459425.06 0 0 0 0 0 0 0 0 0 0 0 0 0 0 2.2149574365516123 0
2459425.11 0 0 0 0 0 0 0 0 0 0 0 0 0 0 2.215658737352018 0
2459425.15 0 0 0 0 0 0 0 0 0 0 0 0 0 0 2.2163600381524238 0
2459425.19 0 0 0 0 0 0 0 0 0 0 0 0 0 0 2.2170613389528295 0
2459425.23 0 0 0 0 0 0 0 0 0 0 0 0 0 0 2.2177626397532353 0
2459425.27 0 0 0 0 0 0 0 0 0 0 0 0 0 0 2.218463940553641 0
2459425.31 0 0 0 0 0 0 0 0 0 0 0 0 0 0 2.219165241354047 0
2459425.36 0 0 0 0 0 0 0 0 0 0 0 0 0 0 2.219866542154452 0
2459425.40 0 0 0 0 0 0 0 0 0 0 0 0 0 0 2.220567842954858 0
2459425.44 0 0 0 0 0 0 0 0 0 0 0 0 0 0 2.2212691437552636 0
2459425.48 0 0 0 0 0 0 0 0 0 0 0 0 0 0 2.2219704445556694 0
2459425.52 0 0 0 0 0 0 0 0 0 0 0 0 0 0 2.222671745356075 0
2459425.56 0 0 0 0 0 0 0 0 0 0 0 0 0 0 2.223373046156481 0
2459425.61 0 0 0 0 0 0 0 0 0 0 0 0 0 0 2.2240743469568867 0
2459425.65 0 0 0 0 0 0 0 0 0 0 0 0 0 0 2.2247756477572924 0
2459425.69 0 0 0 0 0 0 0 0 0 0 0 0 0 0 2.225476948557698 0
2459425.73 0 0 0 0 0 0 0 0 0 0 0 0 0 0 2.226178249358104 0
2459425.77 0 0 0 0 0 0 0 0 0 0 0 0 0 0 2.2268795501585097 0
2459425.82 0 0 0 0 0 0 0 0 0 0 0 0 0 0 2.227580850958915 0
2459425.86 0 0 0 0 0 0 0 0 0 0 0 0 0 0 2.228282151759321 0
2459425.90 0 0 0 0 0 0 0 0 0 0 0 0 0 0 2.2289834525597265 0
2459425.94 0 0 0 0 0 0 0 0 0 0 0 0 0 0 2.2296847533601323 0
2459425.98 0 0 0 0 0 0 0 0 0 0 0 0 0 0 2.230386054160538 0
2459426.02 0 0 0 0 0 0 0 0 0 0 0 0 0 0 2.231087354960944 0
2459426.07 0 0 0 0 0 0 0 0 0 0 0 0 0 0 2.2317886557613495 0
2459426.11 0 0 0 0 0 0 0 0 0 0 0 0 0 0 2.232489956561755 0
2459426.15 0 0 0 0 0 0 0 0 0 0 0 0 0 0 2.233191257362161 0
2459426.19 0 0 0 0 0 0 0 0 0 0 0 0 0 0 2.2338925581625664 0
2459426.23 0 0 0 0 0 0 0 0 0 0 0 0 0 0 2.2345938589629726 0
2459426.27 0 0 0 0 0 0 0 0 0 0 0 0 0 0 2.235295159763378 0
2459426.32 0 0 0 0 0 0 0 0 0 0 0 0 0 0 2.2359964605637836 0
2459426.36 0 0 0 0 0 0 0 0 0 0 0 0 0 0 2.23669776136419 0
2459426.40 0 0 0 0 0 0 0 0 0 0 0 0 0 0 2.2373990621645947 0
2459426.44 0 0 0 0 0 0 0 0 0 0 0 0 0 0 2.2381003629650014 0
2459426.48 0 0 0 0 0 0 0 0 0 0 0 0 0 0 2.2388016637654067 0
2459426.52 0 0 0 0 0 0 0 0 0 0 0 0 0 0 2.2395029645658124 0
2459426.57 0 0 0 0 0 0 0 0 0 0 0 0 0 0 2.240204265366218 0
2459426.61 0 0 0 0 0 0 0 0 0 0 0 0 0 0 2.2409055661666235 0
2459426.65 0 0 0 0 0 0 0 0 0 0 0 0 0 0 2.2416068669670297 0
2459426.69 0 0 0 0 0 0 0 0 0 0 0 0 0 0 2.2423081677674355 0
2459426.73 0 0 0 0 0 0 0 0 0 0 0 0 0 0 2.2430094685678412 0
2459426.77 0 0 0 0 0 0 0 0 0 0 0 0 0 0 2.2437107693682465 0
2459426.82 0 0 0 0 0 0 0 0 0 0 0 0 0 0 2.2444120701686527 0
2459426.86 0 0 0 0 0 0 0 0 0 0 0 0 0 0 2.245113370969058 0
2459426.90 0 0 0 0 0 0 0 0 0 0 0 0 0 0 2.245814671769464 0
2459426.94 0 0 0 0 0 0 0 0 0 0 0 0 0 0 2.2465159725698696 0
2459426.98 0 0 0 0 0 0 0 0 0 0 0 0 0 0 2.2472172733702753 0
2459427.02 0 0 0 0 0 0 0 0 0 0 0 0 0 0 2.247918574170681 0
2459427.07 0 0 0 0 0 0 0 0 0 0 0 0 0 0 2.2486198749710864 0
2459427.11 0 0 0 0 0 0 0 0 0 0 0 0 0 0 2.2493211757714926 0
2459427.15 0 0 0 0 0 0 0 0 0 0 0 0 0 0 2.250022476571898 0
2459427.19 0 0 0 0 0 0 0 0 0 0 0 0 0 0 2.250723777372304 0
2459427.23 0 0 0 0 0 0 0 0 0 0 0 0 0 0 2.2514250781727094 0
2459427.27 0 0 0 0 0 0 0 0 0 0 0 0 0 0 2.252126378973115 0
2459427.32 0 0 0 0 0 0 0 0 0 0 0 0 0 0 2.252827679773521 0
2459427.36 0 0 0 0 0 0 0 0 0 0 0 0 0 0 2.2535289805739263 0
2459427.40 0 0 0 0 0 0 0 0 0 0 0 0 0 0 2.2542302813743325 0
2459427.44 0 0 0 0 0 0 0 0 0 0 0 0 0 0 2.254931582174738 0
2459427.48 0 0 0 0 0 0 0 0 0 0 0 0 0 0 2.255632882975144 0
2459427.50 0 0 0 0 0 0 0 0 0 0 0 0 0 0 2.2559171039115475 0
2459427.54 0 0 0 0 0 0 0 0 0 0 0 0 0 0 2.2566184047119537 0
2459427.58 0 0 0 0 0 0 0 0 0 0 0 0 0 0 2.257319705512359 0
2459427.63 0 0 0 0 0 0 0 0 0 0 0 0 0 0 2.2580210063127644 0
2459427.67 0 0 0 0 0 0 0 0 0 0 0 0 0 0 2.2587223071131706 0
2459427.71 0 0 0 0 0 0 0 0 0 0 0 0 0 0 2.259423607913576 0
2459427.75 0 0 0 0 0 0 0 0 0 0 0 0 0 0 2.260124908713982 0
2459427.79 0 0 0 0 0 0 0 0 0 0 0 0 0 0 2.2608262095143874 0
2459427.83 0 0 0 0 0 0 0 0 0 0 0 0 0 0 2.2615275103147936 0
2459427.88 0 0 0 0 0 0 0 0 0 0 0 0 0 0 2.262228811115199 0
2459427.92 0 0 0 0 0 0 0 0 0 0 0 0 0 0 2.2629301119156042 0
2459427.96 0 0 0 0 0 0 0 0 0 0 0 0 0 0 2.2636314127160104 0
2459428.00 0 0 0 0 0 0 0 0 0 0 0 0 0 0 2.264332713516416 0
2459428.04 0 0 0 0 0 0 0 0 0 0 0 0 0 0 2.265034014316822 0
2459428.08 0 0 0 0 0 0 0 0 0 0 0 0 0 0 2.2657353151172277 0
2459428.13 0 0 0 0 0 0 0 0 0 0 0 0 0 0 2.2664366159176335 0
2459428.17 0 0 0 0 0 0 0 0 0 0 0 0 0 0 2.267137916718039 0
2459428.21 0 0 0 0 0 0 0 0 0 0 0 0 0 0 2.2678392175184445 0
2459428.25 0 0 0 0 0 0 0 0 0 0 0 0 0 0 2.2685405183188503 0
2459428.29 0 0 0 0 0 0 0 0 0 0 0 0 0 0 2.2692418191192565 0
2459428.33 0 0 0 0 0 0 0 0 0 0 0 0 0 0 2.269943119919662 0
2459428.38 0 0 0 0 0 0 0 0 0 0 0 0 0 0 2.2706444207200676 0
2459428.42 0 0 0 0 0 0 0 0 0 0 0 0 0 0 2.2713457215204733 0
2459428.46 0 0 0 0 0 0 0 0 0 0 0 0 0 0 2.272047022320879 0
2459428.50 0 0 0 0 0 0 0 0 0 0 0 0 0 0 2.272748323121285 0
2459428.54 0 0 0 0 0 0 0 0 0 0 0 0 0 0 2.2734496239216906 0
2459428.58 0 0 0 0 0 0 0 0 0 0 0 0 0 0 2.2741509247220963 0
2459428.63 0 0 0 0 0 0 0 0 0 0 0 0 0 0 2.2748522255225017 0
2459428.67 0 0 0 0 0 0 0 0 0 0 0 0 0 0 2.2755535263229074 0
2459428.71 0 0 0 0 0 0 0 0 0 0 0 0 0 0 2.276254827123313 0
2459428.75 0 0 0 0 0 0 0 0 0 0 0 0 0 0 2.276956127923719 0
2459428.79 0 0 0 0 0 0 0 0 0 0 0 0 0 0 2.2776574287241247 0
2459428.83 0 0 0 0 0 0 0 0 0 0 0 0 0 0 2.2783587295245304 0
2459428.88 0 0 0 0 0 0 0 0 0 0 0 0 0 0 2.279060030324936 0
2459428.92 0 0 0 0 0 0 0 0 0 0 0 0 0 0 2.279761331125342 0
2459428.96 0 0 0 0 0 0 0 0 0 0 0 0 0 0 2.2804626319257473 0
2459429.00 0 0 0 0 0 0 0 0 0 0 0 0 0 0 2.281163932726153 0
2459429.04 0 0 0 0 0 0 0 0 0 0 0 0 0 0 2.2818652335265592 0
2459429.08 0 0 0 0 0 0 0 0 0 0 0 0 0 0 2.2825665343269645 0
2459429.13 0 0 0 0 0 0 0 0 0 0 0 0 0 0 2.2832678351273703 0
2459429.17 0 0 0 0 0 0 0 0 0 0 0 0 0 0 2.283969135927776 0
2459429.21 0 0 0 0 0 0 0 0 0 0 0 0 0 0 2.284670436728182 0
2459429.25 0 0 0 0 0 0 0 0 0 0 0 0 0 0 2.2853717375285876 0
2459429.29 0 0 0 0 0 0 0 0 0 0 0 0 0 0 2.2860730383289933 0
2459429.33 0 0 0 0 0 0 0 0 0 0 0 0 0 0 2.286774339129399 0
2459429.38 0 0 0 0 0 0 0 0 0 0 0 0 0 0 2.2874756399298044 0
2459429.42 0 0 0 0 0 0 0 0 0 0 0 0 0 0 2.28817694073021 0
2459429.46 0 0 0 0 0 0 0 0 0 0 0 0 0 0 2.288878241530616 0
2459429.50 0 0 0 0 0 0 0 0 0 0 0 0 0 0 2.2895795423310217 0
2459429.54 0 0 0 0 0 0 0 0 0 0 0 0 0 0 2.2902808431314274 0
2459429.58 0 0 0 0 0 0 0 0 0 0 0 0 0 0 2.290982143931833 0
2459429.63 0 0 0 0 0 0 0 0 0 0 0 0 0 0 2.291683444732239 0
2459429.67 0 0 0 0 0 0 0 0 0 0 0 0 0 0 2.2923847455326447 0
2459429.71 0 0 0 0 0 0 0 0 0 0 0 0 0 0 2.29308604633305 0
2459429.75 0 0 0 0 0 0 0 0 0 0 0 0 0 0 2.293787347133456 0
2459429.79 0 0 0 0 0 0 0 0 0 0 0 0 0 0 2.2944886479338624 0
2459429.84 0 0 0 0 0 0 0 0 0 0 0 0 0 0 2.2951899487342677 0
2459429.88 0 0 0 0 0 0 0 0 0 0 0 0 0 0 2.295891249534673 0
2459429.92 0 0 0 0 0 0 0 0 0 0 0 0 0 0 2.2965925503350793 0
2459429.96 0 0 0 0 0 0 0 0 0 0 0 0 0 0 2.2972938511354846 0
2459430.00 0 0 0 0 0 0 0 0 0 0 0 0 0 0 2.2979951519358908 0
2459430.04 0 0 0 0 0 0 0 0 0 0 0 0 0 0 2.298696452736296 0
2459430.09 0 0 0 0 0 0 0 0 0 0 0 0 0 0 2.2993977535367023 0
2459430.13 0 0 0 0 0 0 0 0 0 0 0 0 0 0 2.3000990543371076 0
2459430.17 0 0 0 0 0 0 0 0 0 0 0 0 0 0 2.300800355137513 0
2459430.21 0 0 0 0 0 0 0 0 0 0 0 0 0 0 2.301501655937919 0
2459430.25 0 0 0 0 0 0 0 0 0 0 0 0 0 0 2.3022029567383244 0
2459430.29 0 0 0 0 0 0 0 0 0 0 0 0 0 0 2.3029042575387306 0
2459430.34 0 0 0 0 0 0 0 0 0 0 0 0 0 0 2.303605558339136 0
2459430.38 0 0 0 0 0 0 0 0 0 0 0 0 0 0 2.304306859139542 0
2459430.42 0 0 0 0 0 0 0 0 0 0 0 0 0 0 2.3050081599399475 0
2459430.46 0 0 0 0 0 0 0 0 0 0 0 0 0 0 2.3057094607403528 0
2459430.50 0 0 0 0 0 0 0 0 0 0 0 0 0 0 2.306410761540759 0
2459430.54 0 0 0 0 0 0 0 0 0 0 0 0 0 0 2.3071120623411643 0
2459430.59 0 0 0 0 0 0 0 0 0 0 0 0 0 0 2.3078133631415705 0
2459430.63 0 0 0 0 0 0 0 0 0 0 0 0 0 0 2.308514663941976 0
2459430.67 0 0 0 0 0 0 0 0 0 0 0 0 0 0 2.309215964742382 0
2459430.71 0 0 0 0 0 0 0 0 0 0 0 0 0 0 2.3099172655427873 0
2459430.75 0 0 0 0 0 0 0 0 0 0 0 0 0 0 2.3106185663431935 0
2459430.79 0 0 0 0 0 0 0 0 0 0 0 0 0 0 2.3113198671435993 0
2459430.84 0 0 0 0 0 0 0 0 0 0 0 0 0 0 2.312021167944005 0
2459430.88 0 0 0 0 0 0 0 0 0 0 0 0 0 0 2.3127224687444103 0
2459430.92 0 0 0 0 0 0 0 0 0 0 0 0 0 0 2.313423769544816 0
2459430.96 0 0 0 0 0 0 0 0 0 0 0 0 0 0 2.314125070345222 0
2459431.00 0 0 0 0 0 0 0 0 0 0 0 0 0 0 2.3148263711456276 0
2459431.04 0 0 0 0 0 0 0 0 0 0 0 0 0 0 2.3155276719460334 0
2459431.09 0 0 0 0 0 0 0 0 0 0 0 0 0 0 2.316228972746439 0
2459431.13 0 0 0 0 0 0 0 0 0 0 0 0 0 0 2.316930273546845 0
2459431.17 0 0 0 0 0 0 0 0 0 0 0 0 0 0 2.3176315743472506 0
2459431.21 0 0 0 0 0 0 0 0 0 0 0 0 0 0 2.318332875147656 0
2459431.25 0 0 0 0 0 0 0 0 0 0 0 0 0 0 2.3190341759480617 0
2459431.29 0 0 0 0 0 0 0 0 0 0 0 0 0 0 2.3197354767484675 0
2459431.34 0 0 0 0 0 0 0 0 0 0 0 0 0 0 2.3204367775488732 0
2459431.38 0 0 0 0 0 0 0 0 0 0 0 0 0 0 2.321138078349279 0
2459431.42 0 0 0 0 0 0 0 0 0 0 0 0 0 0 2.3218393791496847 0
2459431.46 0 0 0 0 0 0 0 0 0 0 0 0 0 0 2.3225406799500905 0
2459431.50 0 0 0 0 0 0 0 0 0 0 0 0 0 0 2.323241980750496 0
2459431.54 0 0 0 0 0 0 0 0 0 0 0 0 0 0 2.323943281550902 0
2459431.59 0 0 0 0 0 0 0 0 0 0 0 0 0 0 2.3246445823513078 0
2459431.63 0 0 0 0 0 0 0 0 0 0 0 0 0 0 2.325345883151713 0
2459431.67 0 0 0 0 0 0 0 0 0 0 0 0 0 0 2.326047183952119 0
2459431.71 0 0 0 0 0 0 0 0 0 0 0 0 0 0 2.3267484847525246 0
2459431.75 0 0 0 0 0 0 0 0 0 0 0 0 0 0 2.3274497855529304 0
2459431.80 0 0 0 0 0 0 0 0 0 0 0 0 0 0 2.328151086353336 0
2459431.84 0 0 0 0 0 0 0 0 0 0 0 0 0 0 2.328852387153742 0
2459431.88 0 0 0 0 0 0 0 0 0 0 0 0 0 0 2.3295536879541476 0
2459431.92 0 0 0 0 0 0 0 0 0 0 0 0 0 0 2.3302549887545534 0
2459431.96 0 0 0 0 0 0 0 0 0 0 0 0 0 0 2.3309562895549587 0
2459432.00 0 0 0 0 0 0 0 0 0 0 0 0 0 0 2.3316575903553645 0
2459432.05 0 0 0 0 0 0 0 0 0 0 0 0 0 0 2.33235889115577 0
2459432.09 0 0 0 0 0 0 0 0 0 0 0 0 0 0 2.333060191956176 0
2459432.13 0 0 0 0 0 0 0 0 0 0 0 0 0 0 2.3337614927565817 0
2459432.17 0 0 0 0 0 0 0 0 0 0 0 0 0 0 2.3344627935569875 0
2459432.21 0 0 0 0 0 0 0 0 0 0 0 0 0 0 2.3351640943573932 0
2459432.25 0 0 0 0 0 0 0 0 0 0 0 0 0 0 2.3358653951577986 0
2459432.30 0 0 0 0 0 0 0 0 0 0 0 0 0 0 2.3365666959582048 0
2459432.34 0 0 0 0 0 0 0 0 0 0 0 0 0 0 2.3372679967586105 0
2459432.38 0 0 0 0 0 0 0 0 0 0 0 0 0 0 2.337969297559016 0
2459432.42 0 0 0 0 0 0 0 0 0 0 0 0 0 0 2.3386705983594216 0
2459432.46 0 0 0 0 0 0 0 0 0 0 0 0 0 0 2.3393718991598274 0
2459432.50 0 0 0 0 0 0 0 0 0 0 0 0 0 0 2.340073199960233 0
2459432.55 0 0 0 0 0 0 0 0 0 0 0 0 0 0 2.340774500760639 0
2459432.59 0 0 0 0 0 0 0 0 0 0 0 0 0 0 2.3414758015610446 0
2459432.63 0 0 0 0 0 0 0 0 0 0 0 0 0 0 2.342177102361451 0
2459432.67 0 0 0 0 0 0 0 0 0 0 0 0 0 0 2.342878403161856 0
2459432.71 0 0 0 0 0 0 0 0 0 0 0 0 0 0 2.3435797039622615 0
2459432.75 0 0 0 0 0 0 0 0 0 0 0 0 0 0 2.3442810047626677 0
2459432.80 0 0 0 0 0 0 0 0 0 0 0 0 0 0 2.344982305563073 0
2459432.84 0 0 0 0 0 0 0 0 0 0 0 0 0 0 2.345683606363479 0
2459432.88 0 0 0 0 0 0 0 0 0 0 0 0 0 0 2.3463849071638845 0
2459432.92 0 0 0 0 0 0 0 0 0 0 0 0 0 0 2.3470862079642907 0
2459432.96 0 0 0 0 0 0 0 0 0 0 0 0 0 0 2.347787508764696 0
2459433.00 0 0 0 0 0 0 0 0 0 0 0 0 0 0 2.3484888095651013 0
2459433.05 0 0 0 0 0 0 0 0 0 0 0 0 0 0 2.3491901103655075 0
2459433.09 0 0 0 0 0 0 0 0 0 0 0 0 0 0 2.3498914111659137 0
2459433.13 0 0 0 0 0 0 0 0 0 0 0 0 0 0 2.350592711966319 0
2459433.17 0 0 0 0 0 0 0 0 0 0 0 0 0 0 2.3512940127667243 0
2459433.21 0 0 0 0 0 0 0 0 0 0 0 0 0 0 2.3519953135671305 0
2459433.25 0 0 0 0 0 0 0 0 0 0 0 0 0 0 2.352696614367536 0
2459433.30 0 0 0 0 0 0 0 0 0 0 0 0 0 0 2.353397915167942 0
2459433.34 0 0 0 0 0 0 0 0 0 0 0 0 0 0 2.3540992159683474 0
2459433.38 0 0 0 0 0 0 0 0 0 0 0 0 0 0 2.3548005167687536 0
2459433.42 0 0 0 0 0 0 0 0 0 0 0 0 0 0 2.355501817569159 0
2459433.46 0 0 0 0 0 0 0 0 0 0 0 0 0 0 2.356203118369564 0
2459433.50 0 0 0 0 0 0 0 0 0 0 0 0 0 0 2.356904419169971 0
2459433.55 0 0 0 0 0 0 0 0 0 0 0 0 0 0 2.3576057199703757 0
2459433.59 0 0 0 0 0 0 0 0 0 0 0 0 0 0 2.358307020770782 0
2459433.63 0 0 0 0 0 0 0 0 0 0 0 0 0 0 2.3590083215711877 0
2459433.67 0 0 0 0 0 0 0 0 0 0 0 0 0 0 2.3597096223715934 0
2459433.71 0 0 0 0 0 0 0 0 0 0 0 0 0 0 2.360410923171999 0
2459433.75 0 0 0 0 0 0 0 0 0 0 0 0 0 0 2.3611122239724045 0
2459433.80 0 0 0 0 0 0 0 0 0 0 0 0 0 0 2.3618135247728107 0
2459433.84 0 0 0 0 0 0 0 0 0 0 0 0 0 0 2.3625148255732165 0
2459433.88 0 0 0 0 0 0 0 0 0 0 0 0 0 0 2.363216126373622 0
2459433.92 0 0 0 0 0 0 0 0 0 0 0 0 0 0 2.3639174271740275 0
2459433.96 0 0 0 0 0 0 0 0 0 0 0 0 0 0 2.3646187279744333 0
2459434.01 0 0 0 0 0 0 0 0 0 0 0 0 0 0 2.365320028774839 0
2459434.05 0 0 0 0 0 0 0 0 0 0 0 0 0 0 2.366021329575245 0
2459434.09 0 0 0 0 0 0 0 0 0 0 0 0 0 0 2.3667226303756506 0
2459434.13 0 0 0 0 0 0 0 0 0 0 0 0 0 0 2.3674239311760563 0
2459434.17 0 0 0 0 0 0 0 0 0 0 0 0 0 0 2.368125231976462 0
2459434.21 0 0 0 0 0 0 0 0 0 0 0 0 0 0 2.3688265327768674 0
2459434.26 0 0 0 0 0 0 0 0 0 0 0 0 0 0 2.3695278335772736 0
2459434.30 0 0 0 0 0 0 0 0 0 0 0 0 0 0 2.370229134377679 0
2459434.34 0 0 0 0 0 0 0 0 0 0 0 0 0 0 2.3709304351780847 0
2459434.38 0 0 0 0 0 0 0 0 0 0 0 0 0 0 2.3716317359784904 0
2459434.42 0 0 0 0 0 0 0 0 0 0 0 0 0 0 2.372333036778896 0
2459434.46 0 0 0 0 0 0 0 0 0 0 0 0 0 0 2.373034337579302 0
2459434.51 0 0 0 0 0 0 0 0 0 0 0 0 0 0 2.3737356383797072 0
2459434.55 0 0 0 0 0 0 0 0 0 0 0 0 0 0 2.3744369391801134 0
2459434.59 0 0 0 0 0 0 0 0 0 0 0 0 0 0 2.375138239980519 0
2459434.63 0 0 0 0 0 0 0 0 0 0 0 0 0 0 2.375839540780925 0
2459434.67 0 0 0 0 0 0 0 0 0 0 0 0 0 0 2.3765408415813303 0
2459434.71 0 0 0 0 0 0 0 0 0 0 0 0 0 0 2.377242142381736 0
2459434.76 0 0 0 0 0 0 0 0 0 0 0 0 0 0 2.377943443182142 0
2459434.80 0 0 0 0 0 0 0 0 0 0 0 0 0 0 2.3786447439825475 0
2459434.84 0 0 0 0 0 0 0 0 0 0 0 0 0 0 2.3793460447829533 0
2459434.88 0 0 0 0 0 0 0 0 0 0 0 0 0 0 2.380047345583359 0
2459434.92 0 0 0 0 0 0 0 0 0 0 0 0 0 0 2.380748646383765 0
2459434.96 0 0 0 0 0 0 0 0 0 0 0 0 0 0 2.38144994718417 0
2459435.01 0 0 0 0 0 0 0 0 0 0 0 0 0 0 2.3821512479845763 0
2459435.05 0 0 0 0 0 0 0 0 0 0 0 0 0 0 2.3828525487849816 0
2459435.09 0 0 0 0 0 0 0 0 0 0 0 0 0 0 2.3835538495853874 0
2459435.13 0 0 0 0 0 0 0 0 0 0 0 0 0 0 2.384255150385793 0
2459435.17 0 0 0 0 0 0 0 0 0 0 0 0 0 0 2.384956451186199 0
2459435.21 0 0 0 0 0 0 0 0 0 0 0 0 0 0 2.3856577519866047 0
2459435.26 0 0 0 0 0 0 0 0 0 0 0 0 0 0 2.3863590527870104 0
2459435.30 0 0 0 0 0 0 0 0 0 0 0 0 0 0 2.387060353587416 0
2459435.34 0 0 0 0 0 0 0 0 0 0 0 0 0 0 2.3877616543878215 0
2459435.38 0 0 0 0 0 0 0 0 0 0 0 0 0 0 2.3884629551882277 0
2459435.42 0 0 0 0 0 0 0 0 0 0 0 0 0 0 2.389164255988633 0
2459435.46 0 0 0 0 0 0 0 0 0 0 0 0 0 0 2.3898655567890392 0
2459435.51 0 0 0 0 0 0 0 0 0 0 0 0 0 0 2.3905668575894445 0
2459435.55 0 0 0 0 0 0 0 0 0 0 0 0 0 0 2.3912681583898507 0
2459435.59 0 0 0 0 0 0 0 0 0 0 0 0 0 0 2.391969459190256 0
2459435.63 0 0 0 0 0 0 0 0 0 0 0 0 0 0 2.3926707599906623 0
2459435.67 0 0 0 0 0 0 0 0 0 0 0 0 0 0 2.3933720607910676 0
2459435.71 0 0 0 0 0 0 0 0 0 0 0 0 0 0 2.394073361591473 0
2459435.76 0 0 0 0 0 0 0 0 0 0 0 0 0 0 2.394774662391879 0
2459435.80 0 0 0 0 0 0 0 0 0 0 0 0 0 0 2.3954759631922844 0
2459435.84 0 0 0 0 0 0 0 0 0 0 0 0 0 0 2.3961772639926906 0
2459435.88 0 0 0 0 0 0 0 0 0 0 0 0 0 0 2.396878564793096 0
2459435.92 0 0 0 0 0 0 0 0 0 0 0 0 0 0 2.397579865593502 0
2459435.97 0 0 0 0 0 0 0 0 0 0 0 0 0 0 2.3982811663939074 0
2459436.01 0 0 0 0 0 0 0 0 0 0 0 0 0 0 2.398982467194313 0
2459436.05 0 0 0 0 0 0 0 0 0 0 0 0 0 0 2.399683767994719 0
2459436.09 0 0 0 0 0 0 0 0 0 0 0 0 0 0 2.4003850687951243 0
2459436.13 0 0 0 0 0 0 0 0 0 0 0 0 0 0 2.4010863695955305 0
2459436.17 0 0 0 0 0 0 0 0 0 0 0 0 0 0 2.4017876703959358 0
2459436.22 0 0 0 0 0 0 0 0 0 0 0 0 0 0 2.402488971196342 0
2459436.26 0 0 0 0 0 0 0 0 0 0 0 0 0 0 2.4031902719967473 0
2459436.30 0 0 0 0 0 0 0 0 0 0 0 0 0 0 2.403891572797153 0
2459436.34 0 0 0 0 0 0 0 0 0 0 0 0 0 0 2.404592873597559 0
2459436.38 0 0 0 0 0 0 0 0 0 0 0 0 0 0 2.405294174397965 0
2459436.42 0 0 0 0 0 0 0 0 0 0 0 0 0 0 2.4059954751983708 0
2459436.47 0 0 0 0 0 0 0 0 0 0 0 0 0 0 2.4066967759987756 0
2459436.51 0 0 0 0 0 0 0 0 0 0 0 0 0 0 2.4073980767991823 0
2459436.55 0 0 0 0 0 0 0 0 0 0 0 0 0 0 2.4080993775995876 0
2459436.59 0 0 0 0 0 0 0 0 0 0 0 0 0 0 2.4088006783999933 0
2459436.63 0 0 0 0 0 0 0 0 0 0 0 0 0 0 2.409501979200399 0
2459436.67 0 0 0 0 0 0 0 0 0 0 0 0 0 0 2.410203280000805 0
2459436.72 0 0 0 0 0 0 0 0 0 0 0 0 0 0 2.4109045808012106 0
2459436.76 0 0 0 0 0 0 0 0 0 0 0 0 0 0 2.411605881601616 0
2459436.80 0 0 0 0 0 0 0 0 0 0 0 0 0 0 2.412307182402022 0
2459436.84 0 0 0 0 0 0 0 0 0 0 0 0 0 0 2.4130084832024274 0
2459436.88 0 0 0 0 0 0 0 0 0 0 0 0 0 0 2.4137097840028336 0
2459436.92 0 0 0 0 0 0 0 0 0 0 0 0 0 0 2.414411084803239 0
2459436.97 0 0 0 0 0 0 0 0 0 0 0 0 0 0 2.4151123856036447 0
2459437.01 0 0 0 0 0 0 0 0 0 0 0 0 0 0 2.4158136864040505 0
2459437.05 0 0 0 0 0 0 0 0 0 0 0 0 0 0 2.416514987204456 0
2459437.09 0 0 0 0 0 0 0 0 0 0 0 0 0 0 2.417216288004862 0
2459437.13 0 0 0 0 0 0 0 0 0 0 0 0 0 0 2.4179175888052677 0
2459437.17 0 0 0 0 0 0 0 0 0 0 0 0 0 0 2.4186188896056735 0
2459437.22 0 0 0 0 0 0 0 0 0 0 0 0 0 0 2.419320190406079 0
2459437.26 0 0 0 0 0 0 0 0 0 0 0 0 0 0 2.420021491206485 0
2459437.30 0 0 0 0 0 0 0 0 0 0 0 0 0 0 2.4207227920068903 0
2459437.34 0 0 0 0 0 0 0 0 0 0 0 0 0 0 2.421424092807296 0
2459437.38 0 0 0 0 0 0 0 0 0 0 0 0 0 0 2.422125393607702 0
2459437.42 0 0 0 0 0 0 0 0 0 0 0 0 0 0 2.4228266944081076 0
2459437.47 0 0 0 0 0 0 0 0 0 0 0 0 0 0 2.4235279952085134 0
2459437.51 0 0 0 0 0 0 0 0 0 0 0 0 0 0 2.424229296008919 0
2459437.55 0 0 0 0 0 0 0 0 0 0 0 0 0 0 2.424930596809325 0
2459437.59 0 0 0 0 0 0 0 0 0 0 0 0 0 0 2.42563189760973 0
2459437.63 0 0 0 0 0 0 0 0 0 0 0 0 0 0 2.4263331984101364 0
2459437.67 0 0 0 0 0 0 0 0 0 0 0 0 0 0 2.4270344992105417 0
2459437.72 0 0 0 0 0 0 0 0 0 0 0 0 0 0 2.4277358000109475 0
2459437.76 0 0 0 0 0 0 0 0 0 0 0 0 0 0 2.428437100811353 0
2459437.80 0 0 0 0 0 0 0 0 0 0 0 0 0 0 2.429138401611759 0
2459437.84 0 0 0 0 0 0 0 0 0 0 0 0 0 0 2.4298397024121647 0
2459437.88 0 0 0 0 0 0 0 0 0 0 0 0 0 0 2.4305410032125705 0
2459437.92 0 0 0 0 0 0 0 0 0 0 0 0 0 0 2.4312423040129763 0
2459437.97 0 0 0 0 0 0 0 0 0 0 0 0 0 0 2.4319436048133816 0
2459438.01 0 0 0 0 0 0 0 0 0 0 0 0 0 0 2.4326449056137878 0
2459438.05 0 0 0 0 0 0 0 0 0 0 0 0 0 0 2.433346206414193 0
2459438.09 0 0 0 0 0 0 0 0 0 0 0 0 0 0 2.434047507214599 0
2459438.13 0 0 0 0 0 0 0 0 0 0 0 0 0 0 2.4347488080150046 0
2459438.18 0 0 0 0 0 0 0 0 0 0 0 0 0 0 2.4354501088154104 0
2459438.22 0 0 0 0 0 0 0 0 0 0 0 0 0 0 2.436151409615816 0
2459438.26 0 0 0 0 0 0 0 0 0 0 0 0 0 0 2.436852710416222 0
2459438.30 0 0 0 0 0 0 0 0 0 0 0 0 0 0 2.4375540112166276 0
2459438.34 0 0 0 0 0 0 0 0 0 0 0 0 0 0 2.438255312017033 0
2459438.38 0 0 0 0 0 0 0 0 0 0 0 0 0 0 2.438956612817439 0
2459438.43 0 0 0 0 0 0 0 0 0 0 0 0 0 0 2.4396579136178445 0
2459438.47 0 0 0 0 0 0 0 0 0 0 0 0 0 0 2.4403592144182507 0
2459438.51 0 0 0 0 0 0 0 0 0 0 0 0 0 0 2.441060515218656 0
2459438.55 0 0 0 0 0 0 0 0 0 0 0 0 0 0 2.4417618160190617 0
2459438.59 0 0 0 0 0 0 0 0 0 0 0 0 0 0 2.4424631168194675 0
2459438.63 0 0 0 0 0 0 0 0 0 0 0 0 0 0 2.4431644176198737 0
2459438.68 0 0 0 0 0 0 0 0 0 0 0 0 0 0 2.443865718420279 0
2459438.72 0 0 0 0 0 0 0 0 0 0 0 0 0 0 2.4445670192206843 0
2459438.76 0 0 0 0 0 0 0 0 0 0 0 0 0 0 2.4452683200210905 0
2459438.80 0 0 0 0 0 0 0 0 0 0 0 0 0 0 2.445969620821496 0
2459438.84 0 0 0 0 0 0 0 0 0 0 0 0 0 0 2.446670921621902 0
2459438.88 0 0 0 0 0 0 0 0 0 0 0 0 0 0 2.4473722224223073 0
2459438.93 0 0 0 0 0 0 0 0 0 0 0 0 0 0 2.4480735232227135 0
2459438.97 0 0 0 0 0 0 0 0 0 0 0 0 0 0 2.448774824023119 0
2459439.01 0 0 0 0 0 0 0 0 0 0 0 0 0 0 2.4494761248235246 0
2459439.05 0 0 0 0 0 0 0 0 0 0 0 0 0 0 2.4501774256239304 0
2459439.09 0 0 0 0 0 0 0 0 0 0 0 0 0 0 2.4508787264243357 0
2459439.13 0 0 0 0 0 0 0 0 0 0 0 0 0 0 2.4515800272247423 0
2459439.18 0 0 0 0 0 0 0 0 0 0 0 0 0 0 2.452281328025147 0
2459439.22 0 0 0 0 0 0 0 0 0 0 0 0 0 0 2.4529826288255534 0
2459439.26 0 0 0 0 0 0 0 0 0 0 0 0 0 0 2.453683929625959 0
2459439.30 0 0 0 0 0 0 0 0 0 0 0 0 0 0 2.4543852304263645 0
2459439.34 0 0 0 0 0 0 0 0 0 0 0 0 0 0 2.4550865312267707 0
2459439.38 0 0 0 0 0 0 0 0 0 0 0 0 0 0 2.4557878320271764 0
2459439.43 0 0 0 0 0 0 0 0 0 0 0 0 0 0 2.456489132827582 0
2459439.47 0 0 0 0 0 0 0 0 0 0 0 0 0 0 2.4571904336279875 0
2459439.51 0 0 0 0 0 0 0 0 0 0 0 0 0 0 2.4578917344283937 0
2459439.55 0 0 0 0 0 0 0 0 0 0 0 0 0 0 2.458593035228799 0
2459439.59 0 0 0 0 0 0 0 0 0 0 0 0 0 0 2.4592943360292048 0
2459439.63 0 0 0 0 0 0 0 0 0 0 0 0 0 0 2.4599956368296105 0
2459439.68 0 0 0 0 0 0 0 0 0 0 0 0 0 0 2.4606969376300163 0
2459439.72 0 0 0 0 0 0 0 0 0 0 0 0 0 0 2.461398238430422 0
2459439.76 0 0 0 0 0 0 0 0 0 0 0 0 0 0 2.4620995392308274 0
2459439.80 0 0 0 0 0 0 0 0 0 0 0 0 0 0 2.4628008400312336 0
2459439.84 0 0 0 0 0 0 0 0 0 0 0 0 0 0 2.463502140831639 0
2459439.88 0 0 0 0 0 0 0 0 0 0 0 0 0 0 2.464203441632045 0
2459439.93 0 0 0 0 0 0 0 0 0 0 0 0 0 0 2.4649047424324504 0
2459439.97 0 0 0 0 0 0 0 0 0 0 0 0 0 0 2.4656060432328566 0
2459440.01 0 0 0 0 0 0 0 0 0 0 0 0 0 0 2.466307344033262 0
2459440.05 0 0 0 0 0 0 0 0 0 0 0 0 0 0 2.467008644833667 0
2459440.09 0 0 0 0 0 0 0 0 0 0 0 0 0 0 2.4677099456340734 0
2459440.14 0 0 0 0 0 0 0 0 0 0 0 0 0 0 2.4684112464344787 0
2459440.18 0 0 0 0 0 0 0 0 0 0 0 0 0 0 2.469112547234885 0
2459440.22 0 0 0 0 0 0 0 0 0 0 0 0 0 0 2.4698138480352902 0
2459440.26 0 0 0 0 0 0 0 0 0 0 0 0 0 0 2.4705151488356965 0
2459440.30 0 0 0 0 0 0 0 0 0 0 0 0 0 0 2.4712164496361018 0
2459440.34 0 0 0 0 0 0 0 0 0 0 0 0 0 0 2.471917750436508 0
2459440.39 0 0 0 0 0 0 0 0 0 0 0 0 0 0 2.4726190512369133 0
2459440.43 0 0 0 0 0 0 0 0 0 0 0 0 0 0 2.473320352037319 0
2459440.47 0 0 0 0 0 0 0 0 0 0 0 0 0 0 2.474021652837725 0
2459440.51 0 0 0 0 0 0 0 0 0 0 0 0 0 0 2.4747229536381306 0
2459440.55 0 0 0 0 0 0 0 0 0 0 0 0 0 0 2.4754242544385363 0
2459440.59 0 0 0 0 0 0 0 0 0 0 0 0 0 0 2.4761255552389416 0
2459440.64 0 0 0 0 0 0 0 0 0 0 0 0 0 0 2.476826856039348 0
2459440.68 0 0 0 0 0 0 0 0 0 0 0 0 0 0 2.477528156839753 0
2459440.72 0 0 0 0 0 0 0 0 0 0 0 0 0 0 2.4782294576401593 0
2459440.76 0 0 0 0 0 0 0 0 0 0 0 0 0 0 2.4789307584405647 0
2459440.80 0 0 0 0 0 0 0 0 0 0 0 0 0 0 2.4796320592409704 0
2459440.84 0 0 0 0 0 0 0 0 0 0 0 0 0 0 2.480333360041376 0
2459440.89 0 0 0 0 0 0 0 0 0 0 0 0 0 0 2.481034660841782 0
2459440.93 0 0 0 0 0 0 0 0 0 0 0 0 0 0 2.4817359616421877 0
2459440.97 0 0 0 0 0 0 0 0 0 0 0 0 0 0 2.482437262442593 0
2459441.01 0 0 0 0 0 0 0 0 0 0 0 0 0 0 2.483138563242999 0
2459441.05 0 0 0 0 0 0 0 0 0 0 0 0 0 0 2.4838398640434045 0
2459441.09 0 0 0 0 0 0 0 0 0 0 0 0 0 0 2.4845411648438103 0
2459441.14 0 0 0 0 0 0 0 0 0 0 0 0 0 0 2.485242465644216 0
2459441.18 0 0 0 0 0 0 0 0 0 0 0 0 0 0 2.4859437664446222 0
2459441.22 0 0 0 0 0 0 0 0 0 0 0 0 0 0 2.4866450672450275 0
2459441.26 0 0 0 0 0 0 0 0 0 0 0 0 0 0 2.4873463680454333 0
2459441.30 0 0 0 0 0 0 0 0 0 0 0 0 0 0 2.488047668845839 0
2459441.34 0 0 0 0 0 0 0 0 0 0 0 0 0 0 2.4887489696462444 0
2459441.39 0 0 0 0 0 0 0 0 0 0 0 0 0 0 2.4894502704466506 0
2459441.43 0 0 0 0 0 0 0 0 0 0 0 0 0 0 2.490151571247056 0
2459441.47 0 0 0 0 0 0 0 0 0 0 0 0 0 0 2.490852872047462 0
2459441.51 0 0 0 0 0 0 0 0 0 0 0 0 0 0 2.4915541728478674 0
2459441.55 0 0 0 0 0 0 0 0 0 0 0 0 0 0 2.492255473648273 0
2459441.59 0 0 0 0 0 0 0 0 0 0 0 0 0 0 2.492956774448679 0
2459441.64 0 0 0 0 0 0 0 0 0 0 0 0 0 0 2.4936580752490847 0
2459441.68 0 0 0 0 0 0 0 0 0 0 0 0 0 0 2.4943593760494904 0
2459441.72 0 0 0 0 0 0 0 0 0 0 0 0 0 0 2.495060676849896 0
2459441.76 0 0 0 0 0 0 0 0 0 0 0 0 0 0 2.495761977650302 0
2459441.80 0 0 0 0 0 0 0 0 0 0 0 0 0 0 2.4964632784507073 0
2459441.84 0 0 0 0 0 0 0 0 0 0 0 0 0 0 2.497164579251113 0
2459441.89 0 0 0 0 0 0 0 0 0 0 0 0 0 0 2.4978658800515188 0
2459441.93 0 0 0 0 0 0 0 0 0 0 0 0 0 0 2.498567180851925 0
2459441.97 0 0 0 0 0 0 0 0 0 0 0 0 0 0 2.4992684816523303 0
2459442.01 0 0 0 0 0 0 0 0 0 0 0 0 0 0 2.499969782452736 0
2459442.05 0 0 0 0 0 0 0 0 0 0 0 0 0 0 2.5006710832531422 0
2459442.09 0 0 0 0 0 0 0 0 0 0 0 0 0 0 2.5013723840535476 0
2459442.14 0 0 0 0 0 0 0 0 0 0 0 0 0 0 2.5020736848539538 0
2459442.18 0 0 0 0 0 0 0 0 0 0 0 0 0 0 2.502774985654359 0
2459442.22 0 0 0 0 0 0 0 0 0 0 0 0 0 0 2.5034762864547653 0
2459442.26 0 0 0 0 0 0 0 0 0 0 0 0 0 0 2.5041775872551706 0
2459442.30 0 0 0 0 0 0 0 0 0 0 0 0 0 0 2.504878888055576 0
2459442.35 0 0 0 0 0 0 0 0 0 0 0 0 0 0 2.505580188855982 0
2459442.39 0 0 0 0 0 0 0 0 0 0 0 0 0 0 2.5062814896563874 0
2459442.43 0 0 0 0 0 0 0 0 0 0 0 0 0 0 2.5069827904567936 0
2459442.47 0 0 0 0 0 0 0 0 0 0 0 0 0 0 2.507684091257199 0
2459442.51 0 0 0 0 0 0 0 0 0 0 0 0 0 0 2.508385392057605 0
2459442.55 0 0 0 0 0 0 0 0 0 0 0 0 0 0 2.5090866928580104 0
2459442.60 0 0 0 0 0 0 0 0 0 0 0 0 0 0 2.5097879936584158 0
2459442.64 0 0 0 0 0 0 0 0 0 0 0 0 0 0 2.510489294458822 0
2459442.68 0 0 0 0 0 0 0 0 0 0 0 0 0 0 2.5111905952592273 0
2459442.72 0 0 0 0 0 0 0 0 0 0 0 0 0 0 2.5118918960596335 0
2459442.76 0 0 0 0 0 0 0 0 0 0 0 0 0 0 2.512593196860039 0
2459442.80 0 0 0 0 0 0 0 0 0 0 0 0 0 0 2.513294497660445 0
2459442.85 0 0 0 0 0 0 0 0 0 0 0 0 0 0 2.5139957984608503 0
2459442.89 0 0 0 0 0 0 0 0 0 0 0 0 0 0 2.5146970992612565 0
2459442.93 0 0 0 0 0 0 0 0 0 0 0 0 0 0 2.515398400061662 0
2459442.97 0 0 0 0 0 0 0 0 0 0 0 0 0 0 2.516099700862067 0
2459443.01 0 0 0 0 0 0 0 0 0 0 0 0 0 0 2.5168010016624733 0
2459443.05 0 0 0 0 0 0 0 0 0 0 0 0 0 0 2.517502302462879 0
2459443.10 0 0 0 0 0 0 0 0 0 0 0 0 0 0 2.518203603263285 0
2459443.14 0 0 0 0 0 0 0 0 0 0 0 0 0 0 2.5189049040636906 0
2459443.18 0 0 0 0 0 0 0 0 0 0 0 0 0 0 2.5196062048640964 0
2459443.22 0 0 0 0 0 0 0 0 0 0 0 0 0 0 2.520307505664502 0
2459443.26 0 0 0 0 0 0 0 0 0 0 0 0 0 0 2.521008806464908 0
2459443.30 0 0 0 0 0 0 0 0 0 0 0 0 0 0 2.521710107265313 0
2459443.35 0 0 0 0 0 0 0 0 0 0 0 0 0 0 2.522411408065719 0
2459443.39 0 0 0 0 0 0 0 0 0 0 0 0 0 0 2.5231127088661247 0
2459443.43 0 0 0 0 0 0 0 0 0 0 0 0 0 0 2.5238140096665305 0
2459443.47 0 0 0 0 0 0 0 0 0 0 0 0 0 0 2.5245153104669362 0
2459443.51 0 0 0 0 0 0 0 0 0 0 0 0 0 0 2.525216611267342 0
2459443.55 0 0 0 0 0 0 0 0 0 0 0 0 0 0 2.5259179120677477 0
2459443.60 0 0 0 0 0 0 0 0 0 0 0 0 0 0 2.5266192128681535 0
2459443.64 0 0 0 0 0 0 0 0 0 0 0 0 0 0 2.527320513668559 0
2459443.68 0 0 0 0 0 0 0 0 0 0 0 0 0 0 2.5280218144689646 0
2459443.72 0 0 0 0 0 0 0 0 0 0 0 0 0 0 2.5287231152693708 0
2459443.76 0 0 0 0 0 0 0 0 0 0 0 0 0 0 2.529424416069776 0
2459443.80 0 0 0 0 0 0 0 0 0 0 0 0 0 0 2.530125716870182 0
2459443.85 0 0 0 0 0 0 0 0 0 0 0 0 0 0 2.5308270176705876 0
2459443.89 0 0 0 0 0 0 0 0 0 0 0 0 0 0 2.5315283184709934 0
2459443.93 0 0 0 0 0 0 0 0 0 0 0 0 0 0 2.5322296192713987 0
2459443.97 0 0 0 0 0 0 0 0 0 0 0 0 0 0 2.532930920071805 0
2459444.01 0 0 0 0 0 0 0 0 0 0 0 0 0 0 2.5336322208722106 0
2459444.05 0 0 0 0 0 0 0 0 0 0 0 0 0 0 2.534333521672616 0
2459444.10 0 0 0 0 0 0 0 0 0 0 0 0 0 0 2.5350348224730217 0
2459444.14 0 0 0 0 0 0 0 0 0 0 0 0 0 0 2.5357361232734275 0
2459444.18 0 0 0 0 0 0 0 0 0 0 0 0 0 0 2.536437424073833 0
2459444.22 0 0 0 0 0 0 0 0 0 0 0 0 0 0 2.537138724874239 0
2459444.26 0 0 0 0 0 0 0 0 0 0 0 0 0 0 2.5378400256746447 0
2459444.31 0 0 0 0 0 0 0 0 0 0 0 0 0 0 2.5385413264750505 0
2459444.35 0 0 0 0 0 0 0 0 0 0 0 0 0 0 2.5392426272754562 0
2459444.39 0 0 0 0 0 0 0 0 0 0 0 0 0 0 2.539943928075862 0
2459444.43 0 0 0 0 0 0 0 0 0 0 0 0 0 0 2.5406452288762673 0
2459444.47 0 0 0 0 0 0 0 0 0 0 0 0 0 0 2.541346529676673 0
2459444.51 0 0 0 0 0 0 0 0 0 0 0 0 0 0 2.542047830477079 0
2459444.56 0 0 0 0 0 0 0 0 0 0 0 0 0 0 2.5427491312774846 0
2459444.60 0 0 0 0 0 0 0 0 0 0 0 0 0 0 2.5434504320778903 0
2459444.64 0 0 0 0 0 0 0 0 0 0 0 0 0 0 2.544151732878296 0
2459444.68 0 0 0 0 0 0 0 0 0 0 0 0 0 0 2.544853033678702 0
2459444.72 0 0 0 0 0 0 0 0 0 0 0 0 0 0 2.5455543344791076 0
2459444.76 0 0 0 0 0 0 0 0 0 0 0 0 0 0 2.546255635279514 0
2459444.81 0 0 0 0 0 0 0 0 0 0 0 0 0 0 2.5469569360799187 0
2459444.85 0 0 0 0 0 0 0 0 0 0 0 0 0 0 2.5476582368803244 0
2459444.89 0 0 0 0 0 0 0 0 0 0 0 0 0 0 2.5483595376807306 0
2459444.93 0 0 0 0 0 0 0 0 0 0 0 0 0 0 2.5490608384811364 0
2459444.97 0 0 0 0 0 0 0 0 0 0 0 0 0 0 2.549762139281542 0
2459445.01 0 0 0 0 0 0 0 0 0 0 0 0 0 0 2.5504634400819475 0
2459445.06 0 0 0 0 0 0 0 0 0 0 0 0 0 0 2.5511647408823537 0
2459445.10 0 0 0 0 0 0 0 0 0 0 0 0 0 0 2.551866041682759 0
2459445.14 0 0 0 0 0 0 0 0 0 0 0 0 0 0 2.5525673424831643 0
2459445.18 0 0 0 0 0 0 0 0 0 0 0 0 0 0 2.5532686432835705 0
2459445.22 0 0 0 0 0 0 0 0 0 0 0 0 0 0 2.5539699440839767 0
2459445.26 0 0 0 0 0 0 0 0 0 0 0 0 0 0 2.554671244884382 0
2459445.31 0 0 0 0 0 0 0 0 0 0 0 0 0 0 2.5553725456847873 0
2459445.35 0 0 0 0 0 0 0 0 0 0 0 0 0 0 2.5560738464851935 0
2459445.39 0 0 0 0 0 0 0 0 0 0 0 0 0 0 2.556775147285599 0
2459445.43 0 0 0 0 0 0 0 0 0 0 0 0 0 0 2.557476448086004 0
2459445.47 0 0 0 0 0 0 0 0 0 0 0 0 0 0 2.5581777488864104 0
2459445.51 0 0 0 0 0 0 0 0 0 0 0 0 0 0 2.5588790496868166 0
2459445.56 0 0 0 0 0 0 0 0 0 0 0 0 0 0 2.559580350487222 0
2459445.60 0 0 0 0 0 0 0 0 0 0 0 0 0 0 2.560281651287627 0
2459445.64 0 0 0 0 0 0 0 0 0 0 0 0 0 0 2.5609829520880334 0
2459445.68 0 0 0 0 0 0 0 0 0 0 0 0 0 0 2.5616842528884387 0
2459445.72 0 0 0 0 0 0 0 0 0 0 0 0 0 0 2.562385553688845 0
2459445.76 0 0 0 0 0 0 0 0 0 0 0 0 0 0 2.56308685448925 0
2459445.81 0 0 0 0 0 0 0 0 0 0 0 0 0 0 2.5637881552896564 0
2459445.85 0 0 0 0 0 0 0 0 0 0 0 0 0 0 2.564489456090062 0
2459445.89 0 0 0 0 0 0 0 0 0 0 0 0 0 0 2.565190756890467 0
2459445.93 0 0 0 0 0 0 0 0 0 0 0 0 0 0 2.5658920576908733 0
2459445.97 0 0 0 0 0 0 0 0 0 0 0 0 0 0 2.566593358491279 0
2459446.01 0 0 0 0 0 0 0 0 0 0 0 0 0 0 2.5672946592916848 0
2459446.06 0 0 0 0 0 0 0 0 0 0 0 0 0 0 2.5679959600920905 0
2459446.10 0 0 0 0 0 0 0 0 0 0 0 0 0 0 2.5686972608924963 0
2459446.14 0 0 0 0 0 0 0 0 0 0 0 0 0 0 2.569398561692902 0
2459446.18 0 0 0 0 0 0 0 0 0 0 0 0 0 0 2.570099862493308 0
2459446.22 0 0 0 0 0 0 0 0 0 0 0 0 0 0 2.5708011632937136 0
2459446.26 0 0 0 0 0 0 0 0 0 0 0 0 0 0 2.571502464094119 0
2459446.31 0 0 0 0 0 0 0 0 0 0 0 0 0 0 2.5722037648945246 0
2459446.35 0 0 0 0 0 0 0 0 0 0 0 0 0 0 2.5729050656949304 0
2459446.39 0 0 0 0 0 0 0 0 0 0 0 0 0 0 2.573606366495336 0
2459446.43 0 0 0 0 0 0 0 0 0 0 0 0 0 0 2.5743076672957423 0
2459446.47 0 0 0 0 0 0 0 0 0 0 0 0 0 0 2.5750089680961477 0
2459446.52 0 0 0 0 0 0 0 0 0 0 0 0 0 0 2.5757102688965534 0
2459446.56 0 0 0 0 0 0 0 0 0 0 0 0 0 0 2.576411569696959 0
2459446.60 0 0 0 0 0 0 0 0 0 0 0 0 0 0 2.577112870497365 0
2459446.64 0 0 0 0 0 0 0 0 0 0 0 0 0 0 2.5778141712977702 0
2459446.68 0 0 0 0 0 0 0 0 0 0 0 0 0 0 2.578515472098176 0
2459446.72 0 0 0 0 0 0 0 0 0 0 0 0 0 0 2.579216772898582 0
2459446.77 0 0 0 0 0 0 0 0 0 0 0 0 0 0 2.5799180736989875 0
2459446.81 0 0 0 0 0 0 0 0 0 0 0 0 0 0 2.5806193744993933 0
2459446.85 0 0 0 0 0 0 0 0 0 0 0 0 0 0 2.581320675299799 0
2459446.89 0 0 0 0 0 0 0 0 0 0 0 0 0 0 2.582021976100205 0
2459446.93 0 0 0 0 0 0 0 0 0 0 0 0 0 0 2.58272327690061 0
2459446.97 0 0 0 0 0 0 0 0 0 0 0 0 0 0 2.5834245777010163 0
2459447.02 0 0 0 0 0 0 0 0 0 0 0 0 0 0 2.584125878501422 0
2459447.06 0 0 0 0 0 0 0 0 0 0 0 0 0 0 2.5848271793018274 0
2459447.10 0 0 0 0 0 0 0 0 0 0 0 0 0 0 2.585528480102233 0
2459447.14 0 0 0 0 0 0 0 0 0 0 0 0 0 0 2.586229780902639 0
2459447.18 0 0 0 0 0 0 0 0 0 0 0 0 0 0 2.5869310817030446 0
2459447.22 0 0 0 0 0 0 0 0 0 0 0 0 0 0 2.5876323825034504 0
2459447.27 0 0 0 0 0 0 0 0 0 0 0 0 0 0 2.588333683303856 0
2459447.31 0 0 0 0 0 0 0 0 0 0 0 0 0 0 2.589034984104262 0
2459447.35 0 0 0 0 0 0 0 0 0 0 0 0 0 0 2.5897362849046677 0
2459447.39 0 0 0 0 0 0 0 0 0 0 0 0 0 0 2.590437585705073 0
2459447.43 0 0 0 0 0 0 0 0 0 0 0 0 0 0 2.5911388865054787 0
2459447.47 0 0 0 0 0 0 0 0 0 0 0 0 0 0 2.5918401873058845 0
2459447.52 0 0 0 0 0 0 0 0 0 0 0 0 0 0 2.5925414881062903 0
2459447.56 0 0 0 0 0 0 0 0 0 0 0 0 0 0 2.593242788906696 0
2459447.60 0 0 0 0 0 0 0 0 0 0 0 0 0 0 2.5939440897071018 0
2459447.64 0 0 0 0 0 0 0 0 0 0 0 0 0 0 2.5946453905075075 0
2459447.68 0 0 0 0 0 0 0 0 0 0 0 0 0 0 2.5953466913079137 0
2459447.72 0 0 0 0 0 0 0 0 0 0 0 0 0 0 2.596047992108319 0
2459447.77 0 0 0 0 0 0 0 0 0 0 0 0 0 0 2.5967492929087244 0
2459447.81 0 0 0 0 0 0 0 0 0 0 0 0 0 0 2.5974505937091306 0
2459447.85 0 0 0 0 0 0 0 0 0 0 0 0 0 0 2.598151894509536 0
2459447.89 0 0 0 0 0 0 0 0 0 0 0 0 0 0 2.598853195309942 0
2459447.93 0 0 0 0 0 0 0 0 0 0 0 0 0 0 2.5995544961103474 0
2459447.97 0 0 0 0 0 0 0 0 0 0 0 0 0 0 2.6002557969107536 0
2459448.02 0 0 0 0 0 0 0 0 0 0 0 0 0 0 2.600957097711159 0
2459448.06 0 0 0 0 0 0 0 0 0 0 0 0 0 0 2.601658398511565 0
2459448.10 0 0 0 0 0 0 0 0 0 0 0 0 0 0 2.6023596993119704 0
2459448.14 0 0 0 0 0 0 0 0 0 0 0 0 0 0 2.6030610001123757 0
2459448.18 0 0 0 0 0 0 0 0 0 0 0 0 0 0 2.603762300912782 0
2459448.22 0 0 0 0 0 0 0 0 0 0 0 0 0 0 2.604463601713188 0
2459448.27 0 0 0 0 0 0 0 0 0 0 0 0 0 0 2.6051649025135935 0
2459448.31 0 0 0 0 0 0 0 0 0 0 0 0 0 0 2.6058662033139988 0
2459448.35 0 0 0 0 0 0 0 0 0 0 0 0 0 0 2.606567504114405 0
2459448.39 0 0 0 0 0 0 0 0 0 0 0 0 0 0 2.6072688049148103 0
2459448.43 0 0 0 0 0 0 0 0 0 0 0 0 0 0 2.6079701057152156 0
2459448.48 0 0 0 0 0 0 0 0 0 0 0 0 0 0 2.608671406515622 0
2459448.52 0 0 0 0 0 0 0 0 0 0 0 0 0 0 2.609372707316028 0
2459448.56 0 0 0 0 0 0 0 0 0 0 0 0 0 0 2.6100740081164338 0
2459448.60 0 0 0 0 0 0 0 0 0 0 0 0 0 0 2.6107753089168386 0
2459448.64 0 0 0 0 0 0 0 0 0 0 0 0 0 0 2.611476609717245 0
2459448.68 0 0 0 0 0 0 0 0 0 0 0 0 0 0 2.6121779105176506 0
2459448.73 0 0 0 0 0 0 0 0 0 0 0 0 0 0 2.612879211318056 0
2459448.77 0 0 0 0 0 0 0 0 0 0 0 0 0 0 2.613580512118462 0
2459448.81 0 0 0 0 0 0 0 0 0 0 0 0 0 0 2.614281812918868 0
2459448.85 0 0 0 0 0 0 0 0 0 0 0 0 0 0 2.6149831137192736 0
2459448.89 0 0 0 0 0 0 0 0 0 0 0 0 0 0 2.615684414519679 0
2459448.93 0 0 0 0 0 0 0 0 0 0 0 0 0 0 2.616385715320085 0
2459448.98 0 0 0 0 0 0 0 0 0 0 0 0 0 0 2.6170870161204904 0
2459449.02 0 0 0 0 0 0 0 0 0 0 0 0 0 0 2.617788316920896 0
2459449.06 0 0 0 0 0 0 0 0 0 0 0 0 0 0 2.618489617721302 0
2459449.10 0 0 0 0 0 0 0 0 0 0 0 0 0 0 2.6191909185217077 0
2459449.14 0 0 0 0 0 0 0 0 0 0 0 0 0 0 2.6198922193221135 0
2459449.18 0 0 0 0 0 0 0 0 0 0 0 0 0 0 2.6205935201225192 0
2459449.23 0 0 0 0 0 0 0 0 0 0 0 0 0 0 2.621294820922925 0
2459449.27 0 0 0 0 0 0 0 0 0 0 0 0 0 0 2.6219961217233303 0
2459449.31 0 0 0 0 0 0 0 0 0 0 0 0 0 0 2.6226974225237365 0
2459449.35 0 0 0 0 0 0 0 0 0 0 0 0 0 0 2.623398723324142 0
2459449.39 0 0 0 0 0 0 0 0 0 0 0 0 0 0 2.6241000241245476 0
2459449.43 0 0 0 0 0 0 0 0 0 0 0 0 0 0 2.6248013249249533 0
2459449.48 0 0 0 0 0 0 0 0 0 0 0 0 0 0 2.625502625725359 0
2459449.52 0 0 0 0 0 0 0 0 0 0 0 0 0 0 2.626203926525765 0
2459449.56 0 0 0 0 0 0 0 0 0 0 0 0 0 0 2.6269052273261706 0
2459449.60 0 0 0 0 0 0 0 0 0 0 0 0 0 0 2.6276065281265764 0
2459449.64 0 0 0 0 0 0 0 0 0 0 0 0 0 0 2.6283078289269817 0
2459449.68 0 0 0 0 0 0 0 0 0 0 0 0 0 0 2.629009129727388 0
2459449.73 0 0 0 0 0 0 0 0 0 0 0 0 0 0 2.6297104305277936 0
2459449.77 0 0 0 0 0 0 0 0 0 0 0 0 0 0 2.630411731328199 0
2459449.81 0 0 0 0 0 0 0 0 0 0 0 0 0 0 2.6311130321286047 0
2459449.85 0 0 0 0 0 0 0 0 0 0 0 0 0 0 2.6318143329290105 0
2459449.89 0 0 0 0 0 0 0 0 0 0 0 0 0 0 2.632515633729416 0
2459449.93 0 0 0 0 0 0 0 0 0 0 0 0 0 0 2.633216934529822 0
2459449.98 0 0 0 0 0 0 0 0 0 0 0 0 0 0 2.6339182353302277 0
2459450.02 0 0 0 0 0 0 0 0 0 0 0 0 0 0 2.6346195361306335 0
2459450.06 0 0 0 0 0 0 0 0 0 0 0 0 0 0 2.6353208369310392 0
2459450.10 0 0 0 0 0 0 0 0 0 0 0 0 0 0 2.6360221377314446 0
2459450.14 0 0 0 0 0 0 0 0 0 0 0 0 0 0 2.6367234385318503 0
2459450.18 0 0 0 0 0 0 0 0 0 0 0 0 0 0 2.637424739332256 0
2459450.23 0 0 0 0 0 0 0 0 0 0 0 0 0 0 2.638126040132662 0
2459450.27 0 0 0 0 0 0 0 0 0 0 0 0 0 0 2.6388273409330676 0
2459450.31 0 0 0 0 0 0 0 0 0 0 0 0 0 0 2.6395286417334733 0
2459450.35 0 0 0 0 0 0 0 0 0 0 0 0 0 0 2.640229942533879 0
2459450.39 0 0 0 0 0 0 0 0 0 0 0 0 0 0 2.6409312433342844 0
2459450.43 0 0 0 0 0 0 0 0 0 0 0 0 0 0 2.6416325441346906 0
2459450.48 0 0 0 0 0 0 0 0 0 0 0 0 0 0 2.642333844935096 0
2459450.52 0 0 0 0 0 0 0 0 0 0 0 0 0 0 2.643035145735502 0
2459450.56 0 0 0 0 0 0 0 0 0 0 0 0 0 0 2.6437364465359074 0
2459450.60 0 0 0 0 0 0 0 0 0 0 0 0 0 0 2.6444377473363136 0
2459450.64 0 0 0 0 0 0 0 0 0 0 0 0 0 0 2.645139048136719 0
2459450.69 0 0 0 0 0 0 0 0 0 0 0 0 0 0 2.6458403489371247 0
2459450.73 0 0 0 0 0 0 0 0 0 0 0 0 0 0 2.6465416497375305 0
2459450.77 0 0 0 0 0 0 0 0 0 0 0 0 0 0 2.647242950537936 0
2459450.81 0 0 0 0 0 0 0 0 0 0 0 0 0 0 2.647944251338342 0
2459450.85 0 0 0 0 0 0 0 0 0 0 0 0 0 0 2.6486455521387473 0
2459450.89 0 0 0 0 0 0 0 0 0 0 0 0 0 0 2.6493468529391535 0
2459450.94 0 0 0 0 0 0 0 0 0 0 0 0 0 0 2.650048153739559 0
2459450.98 0 0 0 0 0 0 0 0 0 0 0 0 0 0 2.650749454539965 0
2459451.02 0 0 0 0 0 0 0 0 0 0 0 0 0 0 2.6514507553403703 0
2459451.06 0 0 0 0 0 0 0 0 0 0 0 0 0 0 2.652152056140776 0
2459451.10 0 0 0 0 0 0 0 0 0 0 0 0 0 0 2.652853356941182 0
2459451.14 0 0 0 0 0 0 0 0 0 0 0 0 0 0 2.653554657741587 0
2459451.19 0 0 0 0 0 0 0 0 0 0 0 0 0 0 2.6542559585419934 0
2459451.23 0 0 0 0 0 0 0 0 0 0 0 0 0 0 2.6549572593423996 0
2459451.27 0 0 0 0 0 0 0 0 0 0 0 0 0 0 2.655658560142805 0
2459451.31 0 0 0 0 0 0 0 0 0 0 0 0 0 0 2.65635986094321 0
2459451.35 0 0 0 0 0 0 0 0 0 0 0 0 0 0 2.6570611617436164 0
2459451.39 0 0 0 0 0 0 0 0 0 0 0 0 0 0 2.6577624625440217 0
2459451.44 0 0 0 0 0 0 0 0 0 0 0 0 0 0 2.6584637633444275 0
2459451.48 0 0 0 0 0 0 0 0 0 0 0 0 0 0 2.6591650641448337 0
2459451.52 0 0 0 0 0 0 0 0 0 0 0 0 0 0 2.6598663649452394 0
2459451.56 0 0 0 0 0 0 0 0 0 0 0 0 0 0 2.660567665745645 0
2459451.60 0 0 0 0 0 0 0 0 0 0 0 0 0 0 2.6612689665460505 0
2459451.64 0 0 0 0 0 0 0 0 0 0 0 0 0 0 2.6619702673464563 0
2459451.69 0 0 0 0 0 0 0 0 0 0 0 0 0 0 2.662671568146862 0
2459451.73 0 0 0 0 0 0 0 0 0 0 0 0 0 0 2.6633728689472673 0
2459451.77 0 0 0 0 0 0 0 0 0 0 0 0 0 0 2.6640741697476735 0
2459451.81 0 0 0 0 0 0 0 0 0 0 0 0 0 0 2.6647754705480793 0
2459451.85 0 0 0 0 0 0 0 0 0 0 0 0 0 0 2.665476771348485 0
2459451.89 0 0 0 0 0 0 0 0 0 0 0 0 0 0 2.6661780721488904 0
2459451.94 0 0 0 0 0 0 0 0 0 0 0 0 0 0 2.6668793729492966 0
2459451.98 0 0 0 0 0 0 0 0 0 0 0 0 0 0 2.667580673749702 0
2459452.02 0 0 0 0 0 0 0 0 0 0 0 0 0 0 2.668281974550107 0
2459452.06 0 0 0 0 0 0 0 0 0 0 0 0 0 0 2.6689832753505134 0
2459452.10 0 0 0 0 0 0 0 0 0 0 0 0 0 0 2.669684576150919 0
2459452.14 0 0 0 0 0 0 0 0 0 0 0 0 0 0 2.670385876951325 0
2459452.19 0 0 0 0 0 0 0 0 0 0 0 0 0 0 2.67108717775173 0
2459452.23 0 0 0 0 0 0 0 0 0 0 0 0 0 0 2.6717884785521364 0
2459452.27 0 0 0 0 0 0 0 0 0 0 0 0 0 0 2.6724897793525417 0
2459452.31 0 0 0 0 0 0 0 0 0 0 0 0 0 0 2.673191080152948 0
2459452.35 0 0 0 0 0 0 0 0 0 0 0 0 0 0 2.6738923809533532 0
2459452.39 0 0 0 0 0 0 0 0 0 0 0 0 0 0 2.674593681753759 0
2459452.44 0 0 0 0 0 0 0 0 0 0 0 0 0 0 2.6752949825541648 0
2459452.48 0 0 0 0 0 0 0 0 0 0 0 0 0 0 2.6759962833545705 0
2459452.52 0 0 0 0 0 0 0 0 0 0 0 0 0 0 2.6766975841549763 0
2459452.56 0 0 0 0 0 0 0 0 0 0 0 0 0 0 2.677398884955382 0
2459452.60 0 0 0 0 0 0 0 0 0 0 0 0 0 0 2.678100185755788 0
2459452.65 0 0 0 0 0 0 0 0 0 0 0 0 0 0 2.678801486556193 0
2459452.69 0 0 0 0 0 0 0 0 0 0 0 0 0 0 2.6795027873565993 0
2459452.73 0 0 0 0 0 0 0 0 0 0 0 0 0 0 2.6802040881570046 0
2459452.77 0 0 0 0 0 0 0 0 0 0 0 0 0 0 2.6809053889574104 0
2459452.81 0 0 0 0 0 0 0 0 0 0 0 0 0 0 2.681606689757816 0
2459452.85 0 0 0 0 0 0 0 0 0 0 0 0 0 0 2.682307990558222 0
2459452.90 0 0 0 0 0 0 0 0 0 0 0 0 0 0 2.6830092913586276 0
2459452.94 0 0 0 0 0 0 0 0 0 0 0 0 0 0 2.6837105921590334 0
2459452.98 0 0 0 0 0 0 0 0 0 0 0 0 0 0 2.684411892959439 0
2459453.02 0 0 0 0 0 0 0 0 0 0 0 0 0 0 2.685113193759845 0
2459453.06 0 0 0 0 0 0 0 0 0 0 0 0 0 0 2.6858144945602507 0
2459453.10 0 0 0 0 0 0 0 0 0 0 0 0 0 0 2.686515795360656 0
2459453.15 0 0 0 0 0 0 0 0 0 0 0 0 0 0 2.6872170961610617 0
2459453.19 0 0 0 0 0 0 0 0 0 0 0 0 0 0 2.6879183969614675 0
2459453.23 0 0 0 0 0 0 0 0 0 0 0 0 0 0 2.6886196977618733 0
2459453.27 0 0 0 0 0 0 0 0 0 0 0 0 0 0 2.689320998562279 0
2459453.31 0 0 0 0 0 0 0 0 0 0 0 0 0 0 2.690022299362685 0
2459453.35 0 0 0 0 0 0 0 0 0 0 0 0 0 0 2.6907236001630905 0
2459453.40 0 0 0 0 0 0 0 0 0 0 0 0 0 0 2.691424900963496 0
2459453.44 0 0 0 0 0 0 0 0 0 0 0 0 0 0 2.692126201763902 0
2459453.48 0 0 0 0 0 0 0 0 0 0 0 0 0 0 2.6928275025643074 0
2459453.52 0 0 0 0 0 0 0 0 0 0 0 0 0 0 2.693528803364713 0
2459453.56 0 0 0 0 0 0 0 0 0 0 0 0 0 0 2.694230104165119 0
2459453.60 0 0 0 0 0 0 0 0 0 0 0 0 0 0 2.694931404965525 0
2459453.65 0 0 0 0 0 0 0 0 0 0 0 0 0 0 2.6956327057659304 0
2459453.69 0 0 0 0 0 0 0 0 0 0 0 0 0 0 2.696334006566336 0
2459453.73 0 0 0 0 0 0 0 0 0 0 0 0 0 0 2.697035307366742 0
2459453.77 0 0 0 0 0 0 0 0 0 0 0 0 0 0 2.697736608167147 0
2459453.81 0 0 0 0 0 0 0 0 0 0 0 0 0 0 2.6984379089675534 0
2459453.85 0 0 0 0 0 0 0 0 0 0 0 0 0 0 2.6991392097679587 0
2459453.90 0 0 0 0 0 0 0 0 0 0 0 0 0 0 2.699840510568365 0
2459453.94 0 0 0 0 0 0 0 0 0 0 0 0 0 0 2.7005418113687703 0
2459453.98 0 0 0 0 0 0 0 0 0 0 0 0 0 0 2.701243112169176 0
2459454.02 0 0 0 0 0 0 0 0 0 0 0 0 0 0 2.7019444129695818 0
2459454.06 0 0 0 0 0 0 0 0 0 0 0 0 0 0 2.7026457137699875 0
2459454.10 0 0 0 0 0 0 0 0 0 0 0 0 0 0 2.7033470145703933 0
2459454.15 0 0 0 0 0 0 0 0 0 0 0 0 0 0 2.7040483153707986 0
2459454.19 0 0 0 0 0 0 0 0 0 0 0 0 0 0 2.7047496161712052 0
2459454.23 0 0 0 0 0 0 0 0 0 0 0 0 0 0 2.70545091697161 0
2459454.27 0 0 0 0 0 0 0 0 0 0 0 0 0 0 2.7061522177720168 0
2459454.31 0 0 0 0 0 0 0 0 0 0 0 0 0 0 2.706853518572422 0
2459454.35 0 0 0 0 0 0 0 0 0 0 0 0 0 0 2.707554819372828 0
2459454.40 0 0 0 0 0 0 0 0 0 0 0 0 0 0 2.7082561201732336 0
2459454.44 0 0 0 0 0 0 0 0 0 0 0 0 0 0 2.708957420973639 0
2459454.48 0 0 0 0 0 0 0 0 0 0 0 0 0 0 2.709658721774045 0
2459454.52 0 0 0 0 0 0 0 0 0 0 0 0 0 0 2.710360022574451 0
2459454.56 0 0 0 0 0 0 0 0 0 0 0 0 0 0 2.7110613233748566 0
2459454.60 0 0 0 0 0 0 0 0 0 0 0 0 0 0 2.711762624175262 0
2459454.65 0 0 0 0 0 0 0 0 0 0 0 0 0 0 2.712463924975668 0
2459454.69 0 0 0 0 0 0 0 0 0 0 0 0 0 0 2.7131652257760734 0
2459454.73 0 0 0 0 0 0 0 0 0 0 0 0 0 0 2.7138665265764788 0
2459454.77 0 0 0 0 0 0 0 0 0 0 0 0 0 0 2.714567827376885 0
2459454.81 0 0 0 0 0 0 0 0 0 0 0 0 0 0 2.7152691281772907 0
2459454.86 0 0 0 0 0 0 0 0 0 0 0 0 0 0 2.7159704289776965 0
2459454.90 0 0 0 0 0 0 0 0 0 0 0 0 0 0 2.716671729778102 0
2459454.94 0 0 0 0 0 0 0 0 0 0 0 0 0 0 2.717373030578508 0
2459454.98 0 0 0 0 0 0 0 0 0 0 0 0 0 0 2.7180743313789133 0
2459455.02 0 0 0 0 0 0 0 0 0 0 0 0 0 0 2.7187756321793186 0
2459455.06 0 0 0 0 0 0 0 0 0 0 0 0 0 0 2.719476932979725 0
2459455.11 0 0 0 0 0 0 0 0 0 0 0 0 0 0 2.7201782337801306 0
2459455.15 0 0 0 0 0 0 0 0 0 0 0 0 0 0 2.7208795345805363 0
2459455.19 0 0 0 0 0 0 0 0 0 0 0 0 0 0 2.7215808353809416 0
2459455.23 0 0 0 0 0 0 0 0 0 0 0 0 0 0 2.722282136181348 0
2459455.27 0 0 0 0 0 0 0 0 0 0 0 0 0 0 2.722983436981753 0
2459455.31 0 0 0 0 0 0 0 0 0 0 0 0 0 0 2.7236847377821594 0
2459455.36 0 0 0 0 0 0 0 0 0 0 0 0 0 0 2.7243860385825647 0
2459455.40 0 0 0 0 0 0 0 0 0 0 0 0 0 0 2.725087339382971 0
2459455.44 0 0 0 0 0 0 0 0 0 0 0 0 0 0 2.725788640183376 0
2459455.48 0 0 0 0 0 0 0 0 0 0 0 0 0 0 2.726489940983782 0
2459455.52 0 0 0 0 0 0 0 0 0 0 0 0 0 0 2.7271912417841877 0
2459455.56 0 0 0 0 0 0 0 0 0 0 0 0 0 0 2.7278925425845935 0
2459455.61 0 0 0 0 0 0 0 0 0 0 0 0 0 0 2.728593843384999 0
2459455.65 0 0 0 0 0 0 0 0 0 0 0 0 0 0 2.7292951441854045 0
2459455.69 0 0 0 0 0 0 0 0 0 0 0 0 0 0 2.7299964449858107 0
2459455.73 0 0 0 0 0 0 0 0 0 0 0 0 0 0 2.730697745786216 0
2459455.77 0 0 0 0 0 0 0 0 0 0 0 0 0 0 2.7313990465866222 0
2459455.81 0 0 0 0 0 0 0 0 0 0 0 0 0 0 2.7321003473870276 0
2459455.86 0 0 0 0 0 0 0 0 0 0 0 0 0 0 2.7328016481874333 0
2459455.90 0 0 0 0 0 0 0 0 0 0 0 0 0 0 2.733502948987839 0
2459455.94 0 0 0 0 0 0 0 0 0 0 0 0 0 0 2.734204249788245 0
2459455.98 0 0 0 0 0 0 0 0 0 0 0 0 0 0 2.7349055505886506 0
2459456.02 0 0 0 0 0 0 0 0 0 0 0 0 0 0 2.7356068513890563 0
2459456.06 0 0 0 0 0 0 0 0 0 0 0 0 0 0 2.736308152189462 0
2459456.11 0 0 0 0 0 0 0 0 0 0 0 0 0 0 2.7370094529898674 0
2459456.15 0 0 0 0 0 0 0 0 0 0 0 0 0 0 2.7377107537902736 0
2459456.19 0 0 0 0 0 0 0 0 0 0 0 0 0 0 2.738412054590679 0
2459456.23 0 0 0 0 0 0 0 0 0 0 0 0 0 0 2.7391133553910847 0
2459456.27 0 0 0 0 0 0 0 0 0 0 0 0 0 0 2.7398146561914904 0
2459456.31 0 0 0 0 0 0 0 0 0 0 0 0 0 0 2.7405159569918967 0
2459456.36 0 0 0 0 0 0 0 0 0 0 0 0 0 0 2.741217257792302 0
2459456.40 0 0 0 0 0 0 0 0 0 0 0 0 0 0 2.7419185585927077 0
2459456.44 0 0 0 0 0 0 0 0 0 0 0 0 0 0 2.7426198593931135 0
2459456.48 0 0 0 0 0 0 0 0 0 0 0 0 0 0 2.743321160193519 0
2459456.52 0 0 0 0 0 0 0 0 0 0 0 0 0 0 2.7440224609939246 0
2459456.56 0 0 0 0 0 0 0 0 0 0 0 0 0 0 2.7447237617943303 0
2459456.61 0 0 0 0 0 0 0 0 0 0 0 0 0 0 2.7454250625947365 0
2459456.65 0 0 0 0 0 0 0 0 0 0 0 0 0 0 2.746126363395142 0
2459456.69 0 0 0 0 0 0 0 0 0 0 0 0 0 0 2.7468276641955476 0
2459456.73 0 0 0 0 0 0 0 0 0 0 0 0 0 0 2.7475289649959533 0
2459456.77 0 0 0 0 0 0 0 0 0 0 0 0 0 0 2.748230265796359 0
2459456.82 0 0 0 0 0 0 0 0 0 0 0 0 0 0 2.7489315665967644 0
2459456.86 0 0 0 0 0 0 0 0 0 0 0 0 0 0 2.74963286739717 0
2459456.90 0 0 0 0 0 0 0 0 0 0 0 0 0 0 2.7503341681975764 0
2459456.94 0 0 0 0 0 0 0 0 0 0 0 0 0 0 2.7510354689979817 0
2459456.98 0 0 0 0 0 0 0 0 0 0 0 0 0 0 2.7517367697983874 0
2459457.02 0 0 0 0 0 0 0 0 0 0 0 0 0 0 2.752438070598793 0
2459457.07 0 0 0 0 0 0 0 0 0 0 0 0 0 0 2.753139371399199 0
2459457.11 0 0 0 0 0 0 0 0 0 0 0 0 0 0 2.753840672199605 0
2459457.15 0 0 0 0 0 0 0 0 0 0 0 0 0 0 2.7545419730000105 0
2459457.19 0 0 0 0 0 0 0 0 0 0 0 0 0 0 2.7552432738004167 0
2459457.23 0 0 0 0 0 0 0 0 0 0 0 0 0 0 2.755944574600822 0
2459457.27 0 0 0 0 0 0 0 0 0 0 0 0 0 0 2.7566458754012273 0
2459457.32 0 0 0 0 0 0 0 0 0 0 0 0 0 0 2.7573471762016335 0
2459457.36 0 0 0 0 0 0 0 0 0 0 0 0 0 0 2.758048477002039 0
2459457.40 0 0 0 0 0 0 0 0 0 0 0 0 0 0 2.758749777802445 0
2459457.44 0 0 0 0 0 0 0 0 0 0 0 0 0 0 2.7594510786028503 0
2459457.48 0 0 0 0 0 0 0 0 0 0 0 0 0 0 2.7601523794032565 0
2459457.52 0 0 0 0 0 0 0 0 0 0 0 0 0 0 2.760853680203662 0
2459457.57 0 0 0 0 0 0 0 0 0 0 0 0 0 0 2.761554981004068 0
2459457.61 0 0 0 0 0 0 0 0 0 0 0 0 0 0 2.7622562818044734 0
2459457.65 0 0 0 0 0 0 0 0 0 0 0 0 0 0 2.7629575826048796 0
2459457.69 0 0 0 0 0 0 0 0 0 0 0 0 0 0 2.763658883405285 0
2459457.73 0 0 0 0 0 0 0 0 0 0 0 0 0 0 2.76436018420569 0
2459457.77 0 0 0 0 0 0 0 0 0 0 0 0 0 0 2.7650614850060964 0
2459457.82 0 0 0 0 0 0 0 0 0 0 0 0 0 0 2.765762785806502 0
2459457.86 0 0 0 0 0 0 0 0 0 0 0 0 0 0 2.766464086606908 0
2459457.90 0 0 0 0 0 0 0 0 0 0 0 0 0 0 2.767165387407313 0
2459457.94 0 0 0 0 0 0 0 0 0 0 0 0 0 0 2.7678666882077194 0
2459457.98 0 0 0 0 0 0 0 0 0 0 0 0 0 0 2.7685679890081247 0
2459458.02 0 0 0 0 0 0 0 0 0 0 0 0 0 0 2.76926928980853 0
2459458.07 0 0 0 0 0 0 0 0 0 0 0 0 0 0 2.7699705906089362 0
2459458.11 0 0 0 0 0 0 0 0 0 0 0 0 0 0 2.770671891409342 0
2459458.15 0 0 0 0 0 0 0 0 0 0 0 0 0 0 2.7713731922097478 0
2459458.19 0 0 0 0 0 0 0 0 0 0 0 0 0 0 2.7720744930101535 0
2459458.23 0 0 0 0 0 0 0 0 0 0 0 0 0 0 2.7727757938105593 0
2459458.27 0 0 0 0 0 0 0 0 0 0 0 0 0 0 2.773477094610965 0
2459458.32 0 0 0 0 0 0 0 0 0 0 0 0 0 0 2.7741783954113703 0
2459458.36 0 0 0 0 0 0 0 0 0 0 0 0 0 0 2.774879696211776 0
2459458.40 0 0 0 0 0 0 0 0 0 0 0 0 0 0 2.7755809970121823 0
2459458.44 0 0 0 0 0 0 0 0 0 0 0 0 0 0 2.7762822978125876 0
2459458.48 0 0 0 0 0 0 0 0 0 0 0 0 0 0 2.7769835986129934 0
2459458.50 0 0 0 0 0 0 0 0 0 0 0 0 0 0 2.7772678195493974 0
2459458.54 0 0 0 0 0 0 0 0 0 0 0 0 0 0 2.7779691203498027 0
2459458.58 0 0 0 0 0 0 0 0 0 0 0 0 0 0 2.778670421150208 0
2459458.63 0 0 0 0 0 0 0 0 0 0 0 0 0 0 2.7793717219506147 0
2459458.67 0 0 0 0 0 0 0 0 0 0 0 0 0 0 2.7800730227510195 0
2459458.71 0 0 0 0 0 0 0 0 0 0 0 0 0 0 2.7807743235514257 0
2459458.75 0 0 0 0 0 0 0 0 0 0 0 0 0 0 2.7814756243518315 0
2459458.79 0 0 0 0 0 0 0 0 0 0 0 0 0 0 2.7821769251522372 0
2459458.83 0 0 0 0 0 0 0 0 0 0 0 0 0 0 2.782878225952643 0
2459458.88 0 0 0 0 0 0 0 0 0 0 0 0 0 0 2.7835795267530483 0
2459458.92 0 0 0 0 0 0 0 0 0 0 0 0 0 0 2.7842808275534545 0
2459458.96 0 0 0 0 0 0 0 0 0 0 0 0 0 0 2.78498212835386 0
2459459.00 0 0 0 0 0 0 0 0 0 0 0 0 0 0 2.785683429154266 0
2459459.04 0 0 0 0 0 0 0 0 0 0 0 0 0 0 2.7863847299546713 0
2459459.08 0 0 0 0 0 0 0 0 0 0 0 0 0 0 2.787086030755077 0
2459459.13 0 0 0 0 0 0 0 0 0 0 0 0 0 0 2.787787331555483 0
2459459.17 0 0 0 0 0 0 0 0 0 0 0 0 0 0 2.7884886323558886 0
2459459.21 0 0 0 0 0 0 0 0 0 0 0 0 0 0 2.7891899331562944 0
2459459.25 0 0 0 0 0 0 0 0 0 0 0 0 0 0 2.7898912339567 0
2459459.29 0 0 0 0 0 0 0 0 0 0 0 0 0 0 2.790592534757106 0
2459459.33 0 0 0 0 0 0 0 0 0 0 0 0 0 0 2.791293835557511 0
2459459.38 0 0 0 0 0 0 0 0 0 0 0 0 0 0 2.7919951363579174 0
2459459.42 0 0 0 0 0 0 0 0 0 0 0 0 0 0 2.792696437158323 0
2459459.46 0 0 0 0 0 0 0 0 0 0 0 0 0 0 2.7933977379587285 0
2459459.50 0 0 0 0 0 0 0 0 0 0 0 0 0 0 2.7940990387591342 0
2459459.54 0 0 0 0 0 0 0 0 0 0 0 0 0 0 2.79480033955954 0
2459459.58 0 0 0 0 0 0 0 0 0 0 0 0 0 0 2.7955016403599457 0
2459459.63 0 0 0 0 0 0 0 0 0 0 0 0 0 0 2.7962029411603515 0
2459459.67 0 0 0 0 0 0 0 0 0 0 0 0 0 0 2.7969042419607573 0
2459459.71 0 0 0 0 0 0 0 0 0 0 0 0 0 0 2.797605542761163 0
2459459.75 0 0 0 0 0 0 0 0 0 0 0 0 0 0 2.798306843561569 0
2459459.79 0 0 0 0 0 0 0 0 0 0 0 0 0 0 2.799008144361974 0
2459459.83 0 0 0 0 0 0 0 0 0 0 0 0 0 0 2.79970944516238 0
2459459.88 0 0 0 0 0 0 0 0 0 0 0 0 0 0 2.8004107459627856 0
2459459.92 0 0 0 0 0 0 0 0 0 0 0 0 0 0 2.8011120467631914 0
2459459.96 0 0 0 0 0 0 0 0 0 0 0 0 0 0 2.801813347563597 0
2459460.00 0 0 0 0 0 0 0 0 0 0 0 0 0 0 2.802514648364003 0
2459460.04 0 0 0 0 0 0 0 0 0 0 0 0 0 0 2.8032159491644086 0
2459460.08 0 0 0 0 0 0 0 0 0 0 0 0 0 0 2.803917249964814 0
2459460.13 0 0 0 0 0 0 0 0 0 0 0 0 0 0 2.80461855076522 0
2459460.17 0 0 0 0 0 0 0 0 0 0 0 0 0 0 2.8053198515656255 0
2459460.21 0 0 0 0 0 0 0 0 0 0 0 0 0 0 2.8060211523660312 0
2459460.25 0 0 0 0 0 0 0 0 0 0 0 0 0 0 2.806722453166437 0
2459460.29 0 0 0 0 0 0 0 0 0 0 0 0 0 0 2.8074237539668427 0
2459460.33 0 0 0 0 0 0 0 0 0 0 0 0 0 0 2.8081250547672485 0
2459460.38 0 0 0 0 0 0 0 0 0 0 0 0 0 0 2.8088263555676543 0
2459460.42 0 0 0 0 0 0 0 0 0 0 0 0 0 0 2.80952765636806 0
2459460.46 0 0 0 0 0 0 0 0 0 0 0 0 0 0 2.8102289571684653 0
2459460.50 0 0 0 0 0 0 0 0 0 0 0 0 0 0 2.8109302579688715 0
2459460.54 0 0 0 0 0 0 0 0 0 0 0 0 0 0 2.811631558769277 0
2459460.58 0 0 0 0 0 0 0 0 0 0 0 0 0 0 2.812332859569683 0
2459460.63 0 0 0 0 0 0 0 0 0 0 0 0 0 0 2.8130341603700884 0
2459460.67 0 0 0 0 0 0 0 0 0 0 0 0 0 0 2.8137354611704946 0
2459460.71 0 0 0 0 0 0 0 0 0 0 0 0 0 0 2.8144367619709 0
2459460.75 0 0 0 0 0 0 0 0 0 0 0 0 0 0 2.8151380627713056 0
2459460.79 0 0 0 0 0 0 0 0 0 0 0 0 0 0 2.8158393635717114 0
2459460.84 0 0 0 0 0 0 0 0 0 0 0 0 0 0 2.8165406643721167 0
2459460.88 0 0 0 0 0 0 0 0 0 0 0 0 0 0 2.817241965172523 0
2459460.92 0 0 0 0 0 0 0 0 0 0 0 0 0 0 2.817943265972928 0
2459460.96 0 0 0 0 0 0 0 0 0 0 0 0 0 0 2.8186445667733344 0
2459461.00 0 0 0 0 0 0 0 0 0 0 0 0 0 0 2.8193458675737397 0
2459461.04 0 0 0 0 0 0 0 0 0 0 0 0 0 0 2.820047168374146 0
2459461.09 0 0 0 0 0 0 0 0 0 0 0 0 0 0 2.8207484691745512 0
2459461.13 0 0 0 0 0 0 0 0 0 0 0 0 0 0 2.821449769974957 0
2459461.17 0 0 0 0 0 0 0 0 0 0 0 0 0 0 2.8221510707753628 0
2459461.21 0 0 0 0 0 0 0 0 0 0 0 0 0 0 2.822852371575769 0
2459461.25 0 0 0 0 0 0 0 0 0 0 0 0 0 0 2.8235536723761743 0
2459461.29 0 0 0 0 0 0 0 0 0 0 0 0 0 0 2.8242549731765796 0
2459461.34 0 0 0 0 0 0 0 0 0 0 0 0 0 0 2.824956273976986 0
2459461.38 0 0 0 0 0 0 0 0 0 0 0 0 0 0 2.825657574777391 0
2459461.42 0 0 0 0 0 0 0 0 0 0 0 0 0 0 2.826358875577797 0
2459461.46 0 0 0 0 0 0 0 0 0 0 0 0 0 0 2.827060176378203 0
2459461.50 0 0 0 0 0 0 0 0 0 0 0 0 0 0 2.827761477178609 0
2459461.54 0 0 0 0 0 0 0 0 0 0 0 0 0 0 2.8284627779790146 0
2459461.59 0 0 0 0 0 0 0 0 0 0 0 0 0 0 2.82916407877942 0
2459461.63 0 0 0 0 0 0 0 0 0 0 0 0 0 0 2.829865379579826 0
2459461.67 0 0 0 0 0 0 0 0 0 0 0 0 0 0 2.8305666803802314 0
2459461.71 0 0 0 0 0 0 0 0 0 0 0 0 0 0 2.8312679811806367 0
2459461.75 0 0 0 0 0 0 0 0 0 0 0 0 0 0 2.831969281981043 0
2459461.79 0 0 0 0 0 0 0 0 0 0 0 0 0 0 2.8326705827814487 0
2459461.84 0 0 0 0 0 0 0 0 0 0 0 0 0 0 2.8333718835818544 0
2459461.88 0 0 0 0 0 0 0 0 0 0 0 0 0 0 2.8340731843822597 0
2459461.92 0 0 0 0 0 0 0 0 0 0 0 0 0 0 2.834774485182666 0
2459461.96 0 0 0 0 0 0 0 0 0 0 0 0 0 0 2.8354757859830713 0
2459462.00 0 0 0 0 0 0 0 0 0 0 0 0 0 0 2.8361770867834775 0
2459462.04 0 0 0 0 0 0 0 0 0 0 0 0 0 0 2.8368783875838828 0
2459462.09 0 0 0 0 0 0 0 0 0 0 0 0 0 0 2.8375796883842885 0
2459462.13 0 0 0 0 0 0 0 0 0 0 0 0 0 0 2.8382809891846943 0
2459462.17 0 0 0 0 0 0 0 0 0 0 0 0 0 0 2.8389822899850996 0
2459462.21 0 0 0 0 0 0 0 0 0 0 0 0 0 0 2.839683590785506 0
2459462.25 0 0 0 0 0 0 0 0 0 0 0 0 0 0 2.840384891585911 0
2459462.29 0 0 0 0 0 0 0 0 0 0 0 0 0 0 2.8410861923863173 0
2459462.34 0 0 0 0 0 0 0 0 0 0 0 0 0 0 2.8417874931867226 0
2459462.38 0 0 0 0 0 0 0 0 0 0 0 0 0 0 2.842488793987129 0
2459462.42 0 0 0 0 0 0 0 0 0 0 0 0 0 0 2.843190094787534 0
2459462.46 0 0 0 0 0 0 0 0 0 0 0 0 0 0 2.84389139558794 0
2459462.50 0 0 0 0 0 0 0 0 0 0 0 0 0 0 2.8445926963883457 0
2459462.54 0 0 0 0 0 0 0 0 0 0 0 0 0 0 2.845293997188752 0
2459462.59 0 0 0 0 0 0 0 0 0 0 0 0 0 0 2.8459952979891567 0
2459462.63 0 0 0 0 0 0 0 0 0 0 0 0 0 0 2.8466965987895625 0
2459462.67 0 0 0 0 0 0 0 0 0 0 0 0 0 0 2.8473978995899687 0
2459462.71 0 0 0 0 0 0 0 0 0 0 0 0 0 0 2.848099200390375 0
2459462.75 0 0 0 0 0 0 0 0 0 0 0 0 0 0 2.8488005011907798 0
2459462.80 0 0 0 0 0 0 0 0 0 0 0 0 0 0 2.8495018019911855 0
2459462.84 0 0 0 0 0 0 0 0 0 0 0 0 0 0 2.8502031027915917 0
2459462.88 0 0 0 0 0 0 0 0 0 0 0 0 0 0 2.8509044035919975 0
2459462.92 0 0 0 0 0 0 0 0 0 0 0 0 0 0 2.8516057043924024 0
2459462.96 0 0 0 0 0 0 0 0 0 0 0 0 0 0 2.8523070051928086 0
2459463.00 0 0 0 0 0 0 0 0 0 0 0 0 0 0 2.8530083059932148 0
2459463.05 0 0 0 0 0 0 0 0 0 0 0 0 0 0 2.8537096067936196 0
2459463.09 0 0 0 0 0 0 0 0 0 0 0 0 0 0 2.8544109075940254 0
2459463.13 0 0 0 0 0 0 0 0 0 0 0 0 0 0 2.8551122083944316 0
2459463.17 0 0 0 0 0 0 0 0 0 0 0 0 0 0 2.8558135091948373 0
2459463.21 0 0 0 0 0 0 0 0 0 0 0 0 0 0 2.856514809995242 0
2459463.25 0 0 0 0 0 0 0 0 0 0 0 0 0 0 2.8572161107956484 0
2459463.30 0 0 0 0 0 0 0 0 0 0 0 0 0 0 2.8579174115960546 0
2459463.34 0 0 0 0 0 0 0 0 0 0 0 0 0 0 2.8586187123964595 0
2459463.38 0 0 0 0 0 0 0 0 0 0 0 0 0 0 2.8593200131968652 0
2459463.42 0 0 0 0 0 0 0 0 0 0 0 0 0 0 2.8600213139972714 0
2459463.46 0 0 0 0 0 0 0 0 0 0 0 0 0 0 2.860722614797677 0
2459463.50 0 0 0 0 0 0 0 0 0 0 0 0 0 0 2.861423915598083 0
2459463.55 0 0 0 0 0 0 0 0 0 0 0 0 0 0 2.8621252163984883 0
2459463.59 0 0 0 0 0 0 0 0 0 0 0 0 0 0 2.8628265171988945 0
2459463.63 0 0 0 0 0 0 0 0 0 0 0 0 0 0 2.8635278179993002 0
2459463.67 0 0 0 0 0 0 0 0 0 0 0 0 0 0 2.864229118799705 0
2459463.71 0 0 0 0 0 0 0 0 0 0 0 0 0 0 2.8649304196001113 0
2459463.75 0 0 0 0 0 0 0 0 0 0 0 0 0 0 2.8656317204005175 0
2459463.80 0 0 0 0 0 0 0 0 0 0 0 0 0 0 2.866333021200923 0
2459463.84 0 0 0 0 0 0 0 0 0 0 0 0 0 0 2.867034322001328 0
2459463.88 0 0 0 0 0 0 0 0 0 0 0 0 0 0 2.8677356228017343 0
2459463.92 0 0 0 0 0 0 0 0 0 0 0 0 0 0 2.86843692360214 0
2459463.96 0 0 0 0 0 0 0 0 0 0 0 0 0 0 2.869138224402545 0
2459464.00 0 0 0 0 0 0 0 0 0 0 0 0 0 0 2.869839525202951 0
2459464.05 0 0 0 0 0 0 0 0 0 0 0 0 0 0 2.8705408260033574 0
2459464.09 0 0 0 0 0 0 0 0 0 0 0 0 0 0 2.8712421268037627 0
2459464.13 0 0 0 0 0 0 0 0 0 0 0 0 0 0 2.871943427604168 0
2459464.17 0 0 0 0 0 0 0 0 0 0 0 0 0 0 2.872644728404574 0
2459464.21 0 0 0 0 0 0 0 0 0 0 0 0 0 0 2.873346029204981 0
2459464.25 0 0 0 0 0 0 0 0 0 0 0 0 0 0 2.8740473300053857 0
2459464.30 0 0 0 0 0 0 0 0 0 0 0 0 0 0 2.874748630805791 0
2459464.34 0 0 0 0 0 0 0 0 0 0 0 0 0 0 2.8754499316061977 0
2459464.38 0 0 0 0 0 0 0 0 0 0 0 0 0 0 2.876151232406603 0
2459464.42 0 0 0 0 0 0 0 0 0 0 0 0 0 0 2.876852533207008 0
2459464.46 0 0 0 0 0 0 0 0 0 0 0 0 0 0 2.8775538340074145 0
2459464.50 0 0 0 0 0 0 0 0 0 0 0 0 0 0 2.8782551348078207 0
2459464.55 0 0 0 0 0 0 0 0 0 0 0 0 0 0 2.8789564356082256 0
2459464.59 0 0 0 0 0 0 0 0 0 0 0 0 0 0 2.8796577364086313 0
2459464.63 0 0 0 0 0 0 0 0 0 0 0 0 0 0 2.8803590372090375 0
2459464.67 0 0 0 0 0 0 0 0 0 0 0 0 0 0 2.881060338009443 0
2459464.71 0 0 0 0 0 0 0 0 0 0 0 0 0 0 2.881761638809848 0
2459464.75 0 0 0 0 0 0 0 0 0 0 0 0 0 0 2.8824629396102543 0
2459464.80 0 0 0 0 0 0 0 0 0 0 0 0 0 0 2.8831642404106606 0
2459464.84 0 0 0 0 0 0 0 0 0 0 0 0 0 0 2.883865541211066 0
2459464.88 0 0 0 0 0 0 0 0 0 0 0 0 0 0 2.884566842011471 0
2459464.92 0 0 0 0 0 0 0 0 0 0 0 0 0 0 2.8852681428118774 0
2459464.96 0 0 0 0 0 0 0 0 0 0 0 0 0 0 2.8859694436122827 0
2459465.01 0 0 0 0 0 0 0 0 0 0 0 0 0 0 2.8866707444126884 0
2459465.05 0 0 0 0 0 0 0 0 0 0 0 0 0 0 2.887372045213094 0
2459465.09 0 0 0 0 0 0 0 0 0 0 0 0 0 0 2.8880733460135004 0
2459465.13 0 0 0 0 0 0 0 0 0 0 0 0 0 0 2.888774646813906 0
2459465.17 0 0 0 0 0 0 0 0 0 0 0 0 0 0 2.889475947614311 0
2459465.21 0 0 0 0 0 0 0 0 0 0 0 0 0 0 2.8901772484147172 0
2459465.26 0 0 0 0 0 0 0 0 0 0 0 0 0 0 2.890878549215123 0
2459465.30 0 0 0 0 0 0 0 0 0 0 0 0 0 0 2.8915798500155283 0
2459465.34 0 0 0 0 0 0 0 0 0 0 0 0 0 0 2.892281150815934 0
2459465.38 0 0 0 0 0 0 0 0 0 0 0 0 0 0 2.8929824516163403 0
2459465.42 0 0 0 0 0 0 0 0 0 0 0 0 0 0 2.893683752416746 0
2459465.46 0 0 0 0 0 0 0 0 0 0 0 0 0 0 2.894385053217151 0
2459465.51 0 0 0 0 0 0 0 0 0 0 0 0 0 0 2.895086354017557 0
2459465.55 0 0 0 0 0 0 0 0 0 0 0 0 0 0 2.8957876548179633 0
2459465.59 0 0 0 0 0 0 0 0 0 0 0 0 0 0 2.896488955618369 0
2459465.63 0 0 0 0 0 0 0 0 0 0 0 0 0 0 2.897190256418774 0
2459465.67 0 0 0 0 0 0 0 0 0 0 0 0 0 0 2.89789155721918 0
2459465.71 0 0 0 0 0 0 0 0 0 0 0 0 0 0 2.8985928580195863 0
2459465.76 0 0 0 0 0 0 0 0 0 0 0 0 0 0 2.899294158819991 0
2459465.80 0 0 0 0 0 0 0 0 0 0 0 0 0 0 2.899995459620397 0
2459465.84 0 0 0 0 0 0 0 0 0 0 0 0 0 0 2.900696760420803 0
2459465.88 0 0 0 0 0 0 0 0 0 0 0 0 0 0 2.901398061221209 0
2459465.92 0 0 0 0 0 0 0 0 0 0 0 0 0 0 2.902099362021614 0
2459465.96 0 0 0 0 0 0 0 0 0 0 0 0 0 0 2.90280066282202 0
2459466.01 0 0 0 0 0 0 0 0 0 0 0 0 0 0 2.903501963622426 0
2459466.05 0 0 0 0 0 0 0 0 0 0 0 0 0 0 2.904203264422831 0
2459466.09 0 0 0 0 0 0 0 0 0 0 0 0 0 0 2.904904565223237 0
2459466.13 0 0 0 0 0 0 0 0 0 0 0 0 0 0 2.905605866023643 0
2459466.17 0 0 0 0 0 0 0 0 0 0 0 0 0 0 2.9063071668240488 0
2459466.21 0 0 0 0 0 0 0 0 0 0 0 0 0 0 2.9070084676244545 0
2459466.26 0 0 0 0 0 0 0 0 0 0 0 0 0 0 2.90770976842486 0
2459466.30 0 0 0 0 0 0 0 0 0 0 0 0 0 0 2.908411069225266 0
2459466.34 0 0 0 0 0 0 0 0 0 0 0 0 0 0 2.909112370025672 0
2459466.38 0 0 0 0 0 0 0 0 0 0 0 0 0 0 2.9098136708260767 0
2459466.42 0 0 0 0 0 0 0 0 0 0 0 0 0 0 2.910514971626483 0
2459466.46 0 0 0 0 0 0 0 0 0 0 0 0 0 0 2.9112162724268886 0
2459466.51 0 0 0 0 0 0 0 0 0 0 0 0 0 0 2.9119175732272944 0
2459466.55 0 0 0 0 0 0 0 0 0 0 0 0 0 0 2.9126188740276997 0
2459466.59 0 0 0 0 0 0 0 0 0 0 0 0 0 0 2.913320174828106 0
2459466.63 0 0 0 0 0 0 0 0 0 0 0 0 0 0 2.9140214756285117 0
2459466.67 0 0 0 0 0 0 0 0 0 0 0 0 0 0 2.9147227764289165 0
2459466.71 0 0 0 0 0 0 0 0 0 0 0 0 0 0 2.9154240772293227 0
2459466.76 0 0 0 0 0 0 0 0 0 0 0 0 0 0 2.9161253780297285 0
2459466.80 0 0 0 0 0 0 0 0 0 0 0 0 0 0 2.9168266788301342 0
2459466.84 0 0 0 0 0 0 0 0 0 0 0 0 0 0 2.9175279796305396 0
2459466.88 0 0 0 0 0 0 0 0 0 0 0 0 0 0 2.9182292804309458 0
2459466.92 0 0 0 0 0 0 0 0 0 0 0 0 0 0 2.9189305812313515 0
2459466.97 0 0 0 0 0 0 0 0 0 0 0 0 0 0 2.9196318820317573 0
2459467.01 0 0 0 0 0 0 0 0 0 0 0 0 0 0 2.9203331828321626 0
2459467.05 0 0 0 0 0 0 0 0 0 0 0 0 0 0 2.9210344836325692 0
2459467.09 0 0 0 0 0 0 0 0 0 0 0 0 0 0 2.9217357844329745 0
2459467.13 0 0 0 0 0 0 0 0 0 0 0 0 0 0 2.9224370852333794 0
2459467.17 0 0 0 0 0 0 0 0 0 0 0 0 0 0 2.923138386033786 0
2459467.22 0 0 0 0 0 0 0 0 0 0 0 0 0 0 2.9238396868341923 0
2459467.26 0 0 0 0 0 0 0 0 0 0 0 0 0 0 2.924540987634597 0
2459467.30 0 0 0 0 0 0 0 0 0 0 0 0 0 0 2.925242288435003 0
2459467.34 0 0 0 0 0 0 0 0 0 0 0 0 0 0 2.925943589235409 0
2459467.38 0 0 0 0 0 0 0 0 0 0 0 0 0 0 2.9266448900358144 0
2459467.42 0 0 0 0 0 0 0 0 0 0 0 0 0 0 2.9273461908362197 0
2459467.47 0 0 0 0 0 0 0 0 0 0 0 0 0 0 2.928047491636626 0
2459467.51 0 0 0 0 0 0 0 0 0 0 0 0 0 0 2.928748792437032 0
2459467.55 0 0 0 0 0 0 0 0 0 0 0 0 0 0 2.929450093237437 0
2459467.59 0 0 0 0 0 0 0 0 0 0 0 0 0 0 2.9301513940378427 0
2459467.63 0 0 0 0 0 0 0 0 0 0 0 0 0 0 2.930852694838249 0
2459467.67 0 0 0 0 0 0 0 0 0 0 0 0 0 0 2.9315539956386543 0
2459467.72 0 0 0 0 0 0 0 0 0 0 0 0 0 0 2.93225529643906 0
2459467.76 0 0 0 0 0 0 0 0 0 0 0 0 0 0 2.932956597239466 0
2459467.80 0 0 0 0 0 0 0 0 0 0 0 0 0 0 2.933657898039872 0
2459467.84 0 0 0 0 0 0 0 0 0 0 0 0 0 0 2.9343591988402773 0
2459467.88 0 0 0 0 0 0 0 0 0 0 0 0 0 0 2.9350604996406826 0
2459467.92 0 0 0 0 0 0 0 0 0 0 0 0 0 0 2.935761800441089 0
2459467.97 0 0 0 0 0 0 0 0 0 0 0 0 0 0 2.936463101241494 0
2459468.01 0 0 0 0 0 0 0 0 0 0 0 0 0 0 2.9371644020419 0
2459468.05 0 0 0 0 0 0 0 0 0 0 0 0 0 0 2.9378657028423056 0
2459468.09 0 0 0 0 0 0 0 0 0 0 0 0 0 0 2.938567003642712 0
2459468.13 0 0 0 0 0 0 0 0 0 0 0 0 0 0 2.9392683044431176 0
2459468.17 0 0 0 0 0 0 0 0 0 0 0 0 0 0 2.9399696052435225 0
2459468.22 0 0 0 0 0 0 0 0 0 0 0 0 0 0 2.9406709060439287 0
2459468.26 0 0 0 0 0 0 0 0 0 0 0 0 0 0 2.9413722068443344 0
2459468.30 0 0 0 0 0 0 0 0 0 0 0 0 0 0 2.9420735076447397 0
2459468.34 0 0 0 0 0 0 0 0 0 0 0 0 0 0 2.9427748084451455 0
2459468.38 0 0 0 0 0 0 0 0 0 0 0 0 0 0 2.9434761092455517 0
2459468.42 0 0 0 0 0 0 0 0 0 0 0 0 0 0 2.9441774100459575 0
2459468.47 0 0 0 0 0 0 0 0 0 0 0 0 0 0 2.9448787108463628 0
2459468.51 0 0 0 0 0 0 0 0 0 0 0 0 0 0 2.9455800116467685 0
2459468.55 0 0 0 0 0 0 0 0 0 0 0 0 0 0 2.9462813124471743 0
2459468.59 0 0 0 0 0 0 0 0 0 0 0 0 0 0 2.9469826132475805 0
2459468.63 0 0 0 0 0 0 0 0 0 0 0 0 0 0 2.9476839140479854 0
2459468.67 0 0 0 0 0 0 0 0 0 0 0 0 0 0 2.9483852148483916 0
2459468.72 0 0 0 0 0 0 0 0 0 0 0 0 0 0 2.9490865156487978 0
2459468.76 0 0 0 0 0 0 0 0 0 0 0 0 0 0 2.9497878164492026 0
2459468.80 0 0 0 0 0 0 0 0 0 0 0 0 0 0 2.9504891172496084 0
2459468.84 0 0 0 0 0 0 0 0 0 0 0 0 0 0 2.9511904180500146 0
2459468.88 0 0 0 0 0 0 0 0 0 0 0 0 0 0 2.9518917188504203 0
2459468.92 0 0 0 0 0 0 0 0 0 0 0 0 0 0 2.952593019650825 0
2459468.97 0 0 0 0 0 0 0 0 0 0 0 0 0 0 2.9532943204512314 0
2459469.01 0 0 0 0 0 0 0 0 0 0 0 0 0 0 2.9539956212516376 0
2459469.05 0 0 0 0 0 0 0 0 0 0 0 0 0 0 2.954696922052043 0
2459469.09 0 0 0 0 0 0 0 0 0 0 0 0 0 0 2.9553982228524482 0
2459469.13 0 0 0 0 0 0 0 0 0 0 0 0 0 0 2.9560995236528544 0
2459469.18 0 0 0 0 0 0 0 0 0 0 0 0 0 0 2.95680082445326 0
2459469.22 0 0 0 0 0 0 0 0 0 0 0 0 0 0 2.957502125253666 0
2459469.26 0 0 0 0 0 0 0 0 0 0 0 0 0 0 2.9582034260540713 0
2459469.30 0 0 0 0 0 0 0 0 0 0 0 0 0 0 2.9589047268544775 0
2459469.34 0 0 0 0 0 0 0 0 0 0 0 0 0 0 2.959606027654883 0
2459469.38 0 0 0 0 0 0 0 0 0 0 0 0 0 0 2.960307328455288 0
2459469.43 0 0 0 0 0 0 0 0 0 0 0 0 0 0 2.9610086292556943 0
2459469.47 0 0 0 0 0 0 0 0 0 0 0 0 0 0 2.9617099300561 0
2459469.51 0 0 0 0 0 0 0 0 0 0 0 0 0 0 2.962411230856506 0
2459469.55 0 0 0 0 0 0 0 0 0 0 0 0 0 0 2.963112531656911 0
2459469.59 0 0 0 0 0 0 0 0 0 0 0 0 0 0 2.9638138324573173 0
2459469.63 0 0 0 0 0 0 0 0 0 0 0 0 0 0 2.964515133257723 0
2459469.68 0 0 0 0 0 0 0 0 0 0 0 0 0 0 2.965216434058128 0
2459469.72 0 0 0 0 0 0 0 0 0 0 0 0 0 0 2.965917734858534 0
2459469.76 0 0 0 0 0 0 0 0 0 0 0 0 0 0 2.96661903565894 0
2459469.80 0 0 0 0 0 0 0 0 0 0 0 0 0 0 2.9673203364593457 0
2459469.84 0 0 0 0 0 0 0 0 0 0 0 0 0 0 2.968021637259751 0
2459469.88 0 0 0 0 0 0 0 0 0 0 0 0 0 0 2.9687229380601576 0
2459469.93 0 0 0 0 0 0 0 0 0 0 0 0 0 0 2.969424238860563 0
2459469.97 0 0 0 0 0 0 0 0 0 0 0 0 0 0 2.9701255396609687 0
2459470.01 0 0 0 0 0 0 0 0 0 0 0 0 0 0 2.9708268404613745 0
2459470.05 0 0 0 0 0 0 0 0 0 0 0 0 0 0 2.9715281412617798 0
2459470.09 0 0 0 0 0 0 0 0 0 0 0 0 0 0 2.972229442062186 0
2459470.13 0 0 0 0 0 0 0 0 0 0 0 0 0 0 2.9729307428625913 0
2459470.18 0 0 0 0 0 0 0 0 0 0 0 0 0 0 2.9736320436629975 0
2459470.22 0 0 0 0 0 0 0 0 0 0 0 0 0 0 2.9743333444634037 0
2459470.26 0 0 0 0 0 0 0 0 0 0 0 0 0 0 2.9750346452638086 0
2459470.30 0 0 0 0 0 0 0 0 0 0 0 0 0 0 2.9757359460642143 0
2459470.34 0 0 0 0 0 0 0 0 0 0 0 0 0 0 2.9764372468646205 0
2459470.38 0 0 0 0 0 0 0 0 0 0 0 0 0 0 2.977138547665026 0
2459470.43 0 0 0 0 0 0 0 0 0 0 0 0 0 0 2.977839848465431 0
2459470.47 0 0 0 0 0 0 0 0 0 0 0 0 0 0 2.9785411492658374 0
2459470.51 0 0 0 0 0 0 0 0 0 0 0 0 0 0 2.9792424500662436 0
2459470.55 0 0 0 0 0 0 0 0 0 0 0 0 0 0 2.9799437508666484 0
2459470.59 0 0 0 0 0 0 0 0 0 0 0 0 0 0 2.980645051667054 0
2459470.63 0 0 0 0 0 0 0 0 0 0 0 0 0 0 2.9813463524674604 0
2459470.68 0 0 0 0 0 0 0 0 0 0 0 0 0 0 2.9820476532678657 0
2459470.72 0 0 0 0 0 0 0 0 0 0 0 0 0 0 2.9827489540682715 0
2459470.76 0 0 0 0 0 0 0 0 0 0 0 0 0 0 2.983450254868677 0
2459470.80 0 0 0 0 0 0 0 0 0 0 0 0 0 0 2.9841515556690834 0
2459470.84 0 0 0 0 0 0 0 0 0 0 0 0 0 0 2.9848528564694883 0
2459470.88 0 0 0 0 0 0 0 0 0 0 0 0 0 0 2.985554157269894 0
2459470.93 0 0 0 0 0 0 0 0 0 0 0 0 0 0 2.9862554580703002 0
2459470.97 0 0 0 0 0 0 0 0 0 0 0 0 0 0 2.986956758870706 0
2459471.01 0 0 0 0 0 0 0 0 0 0 0 0 0 0 2.9876580596711113 0
2459471.05 0 0 0 0 0 0 0 0 0 0 0 0 0 0 2.988359360471517 0
2459471.09 0 0 0 0 0 0 0 0 0 0 0 0 0 0 2.9890606612719233 0
2459471.14 0 0 0 0 0 0 0 0 0 0 0 0 0 0 2.989761962072329 0
2459471.18 0 0 0 0 0 0 0 0 0 0 0 0 0 0 2.990463262872734 0
2459471.22 0 0 0 0 0 0 0 0 0 0 0 0 0 0 2.99116456367314 0
2459471.26 0 0 0 0 0 0 0 0 0 0 0 0 0 0 2.991865864473546 0
2459471.30 0 0 0 0 0 0 0 0 0 0 0 0 0 0 2.992567165273951 0
2459471.34 0 0 0 0 0 0 0 0 0 0 0 0 0 0 2.993268466074357 0
2459471.39 0 0 0 0 0 0 0 0 0 0 0 0 0 0 2.993969766874763 0
2459471.43 0 0 0 0 0 0 0 0 0 0 0 0 0 0 2.994671067675169 0
2459471.47 0 0 0 0 0 0 0 0 0 0 0 0 0 0 2.995372368475574 0
2459471.51 0 0 0 0 0 0 0 0 0 0 0 0 0 0 2.99607366927598 0
2459471.55 0 0 0 0 0 0 0 0 0 0 0 0 0 0 2.9967749700763857 0
2459471.59 0 0 0 0 0 0 0 0 0 0 0 0 0 0 2.997476270876792 0
2459471.64 0 0 0 0 0 0 0 0 0 0 0 0 0 0 2.998177571677197 0
2459471.68 0 0 0 0 0 0 0 0 0 0 0 0 0 0 2.998878872477603 0
2459471.72 0 0 0 0 0 0 0 0 0 0 0 0 0 0 2.9995801732780087 0
2459471.76 0 0 0 0 0 0 0 0 0 0 0 0 0 0 3.000281474078414 0
2459471.80 0 0 0 0 0 0 0 0 0 0 0 0 0 0 3.00098277487882 0
2459471.84 0 0 0 0 0 0 0 0 0 0 0 0 0 0 3.001684075679226 0
2459471.89 0 0 0 0 0 0 0 0 0 0 0 0 0 0 3.0023853764796318 0
2459471.93 0 0 0 0 0 0 0 0 0 0 0 0 0 0 3.0030866772800366 0
2459471.97 0 0 0 0 0 0 0 0 0 0 0 0 0 0 3.003787978080443 0
2459472.01 0 0 0 0 0 0 0 0 0 0 0 0 0 0 3.004489278880849 0
2459472.05 0 0 0 0 0 0 0 0 0 0 0 0 0 0 3.0051905796812544 0
2459472.09 0 0 0 0 0 0 0 0 0 0 0 0 0 0 3.0058918804816597 0
2459472.14 0 0 0 0 0 0 0 0 0 0 0 0 0 0 3.006593181282066 0
2459472.18 0 0 0 0 0 0 0 0 0 0 0 0 0 0 3.0072944820824716 0
2459472.22 0 0 0 0 0 0 0 0 0 0 0 0 0 0 3.0079957828828774 0
2459472.26 0 0 0 0 0 0 0 0 0 0 0 0 0 0 3.0086970836832827 0
2459472.30 0 0 0 0 0 0 0 0 0 0 0 0 0 0 3.009398384483689 0
2459472.34 0 0 0 0 0 0 0 0 0 0 0 0 0 0 3.010099685284094 0
2459472.39 0 0 0 0 0 0 0 0 0 0 0 0 0 0 3.0108009860844995 0
2459472.43 0 0 0 0 0 0 0 0 0 0 0 0 0 0 3.0115022868849057 0
2459472.47 0 0 0 0 0 0 0 0 0 0 0 0 0 0 3.0122035876853115 0
2459472.51 0 0 0 0 0 0 0 0 0 0 0 0 0 0 3.0129048884857172 0
2459472.55 0 0 0 0 0 0 0 0 0 0 0 0 0 0 3.0136061892861226 0
2459472.59 0 0 0 0 0 0 0 0 0 0 0 0 0 0 3.014307490086529 0
2459472.64 0 0 0 0 0 0 0 0 0 0 0 0 0 0 3.0150087908869345 0
2459472.68 0 0 0 0 0 0 0 0 0 0 0 0 0 0 3.0157100916873403 0
2459472.72 0 0 0 0 0 0 0 0 0 0 0 0 0 0 3.016411392487746 0
2459472.76 0 0 0 0 0 0 0 0 0 0 0 0 0 0 3.0171126932881513 0
2459472.80 0 0 0 0 0 0 0 0 0 0 0 0 0 0 3.017813994088557 0
2459472.84 0 0 0 0 0 0 0 0 0 0 0 0 0 0 3.018515294888963 0
2459472.89 0 0 0 0 0 0 0 0 0 0 0 0 0 0 3.019216595689369 0
2459472.93 0 0 0 0 0 0 0 0 0 0 0 0 0 0 3.0199178964897744 0
2459472.97 0 0 0 0 0 0 0 0 0 0 0 0 0 0 3.02061919729018 0
2459473.01 0 0 0 0 0 0 0 0 0 0 0 0 0 0 3.021320498090586 0
2459473.05 0 0 0 0 0 0 0 0 0 0 0 0 0 0 3.022021798890991 0
2459473.09 0 0 0 0 0 0 0 0 0 0 0 0 0 0 3.0227230996913974 0
2459473.14 0 0 0 0 0 0 0 0 0 0 0 0 0 0 3.0234244004918027 0
2459473.18 0 0 0 0 0 0 0 0 0 0 0 0 0 0 3.024125701292209 0
2459473.22 0 0 0 0 0 0 0 0 0 0 0 0 0 0 3.0248270020926142 0
2459473.26 0 0 0 0 0 0 0 0 0 0 0 0 0 0 3.02552830289302 0
2459473.30 0 0 0 0 0 0 0 0 0 0 0 0 0 0 3.0262296036934258 0
2459473.35 0 0 0 0 0 0 0 0 0 0 0 0 0 0 3.026930904493831 0
2459473.39 0 0 0 0 0 0 0 0 0 0 0 0 0 0 3.0276322052942373 0
2459473.43 0 0 0 0 0 0 0 0 0 0 0 0 0 0 3.028333506094643 0
2459473.47 0 0 0 0 0 0 0 0 0 0 0 0 0 0 3.029034806895049 0
2459473.51 0 0 0 0 0 0 0 0 0 0 0 0 0 0 3.029736107695455 0
2459473.55 0 0 0 0 0 0 0 0 0 0 0 0 0 0 3.03043740849586 0
2459473.60 0 0 0 0 0 0 0 0 0 0 0 0 0 0 3.0311387092962656 0
2459473.64 0 0 0 0 0 0 0 0 0 0 0 0 0 0 3.031840010096672 0
2459473.68 0 0 0 0 0 0 0 0 0 0 0 0 0 0 3.0325413108970776 0
2459473.72 0 0 0 0 0 0 0 0 0 0 0 0 0 0 3.033242611697483 0
2459473.76 0 0 0 0 0 0 0 0 0 0 0 0 0 0 3.0339439124978886 0
2459473.80 0 0 0 0 0 0 0 0 0 0 0 0 0 0 3.034645213298295 0
2459473.85 0 0 0 0 0 0 0 0 0 0 0 0 0 0 3.0353465140986997 0
2459473.89 0 0 0 0 0 0 0 0 0 0 0 0 0 0 3.0360478148991055 0
2459473.93 0 0 0 0 0 0 0 0 0 0 0 0 0 0 3.0367491156995117 0
2459473.97 0 0 0 0 0 0 0 0 0 0 0 0 0 0 3.0374504164999174 0
2459474.01 0 0 0 0 0 0 0 0 0 0 0 0 0 0 3.0381517173003227 0
2459474.05 0 0 0 0 0 0 0 0 0 0 0 0 0 0 3.0388530181007285 0
2459474.10 0 0 0 0 0 0 0 0 0 0 0 0 0 0 3.0395543189011347 0
2459474.14 0 0 0 0 0 0 0 0 0 0 0 0 0 0 3.0402556197015396 0
2459474.18 0 0 0 0 0 0 0 0 0 0 0 0 0 0 3.0409569205019458 0
2459474.22 0 0 0 0 0 0 0 0 0 0 0 0 0 0 3.0416582213023515 0
2459474.26 0 0 0 0 0 0 0 0 0 0 0 0 0 0 3.0423595221027573 0
2459474.30 0 0 0 0 0 0 0 0 0 0 0 0 0 0 3.0430608229031626 0
2459474.35 0 0 0 0 0 0 0 0 0 0 0 0 0 0 3.0437621237035684 0
2459474.39 0 0 0 0 0 0 0 0 0 0 0 0 0 0 3.0444634245039746 0
2459474.43 0 0 0 0 0 0 0 0 0 0 0 0 0 0 3.0451647253043803 0
2459474.47 0 0 0 0 0 0 0 0 0 0 0 0 0 0 3.0458660261047856 0
2459474.51 0 0 0 0 0 0 0 0 0 0 0 0 0 0 3.0465673269051914 0
2459474.55 0 0 0 0 0 0 0 0 0 0 0 0 0 0 3.047268627705597 0
2459474.60 0 0 0 0 0 0 0 0 0 0 0 0 0 0 3.0479699285060033 0
2459474.64 0 0 0 0 0 0 0 0 0 0 0 0 0 0 3.048671229306408 0
2459474.68 0 0 0 0 0 0 0 0 0 0 0 0 0 0 3.0493725301068144 0
2459474.72 0 0 0 0 0 0 0 0 0 0 0 0 0 0 3.05007383090722 0
2459474.76 0 0 0 0 0 0 0 0 0 0 0 0 0 0 3.050775131707626 0
2459474.80 0 0 0 0 0 0 0 0 0 0 0 0 0 0 3.0514764325080312 0
2459474.85 0 0 0 0 0 0 0 0 0 0 0 0 0 0 3.052177733308437 0
2459474.89 0 0 0 0 0 0 0 0 0 0 0 0 0 0 3.052879034108843 0
2459474.93 0 0 0 0 0 0 0 0 0 0 0 0 0 0 3.053580334909249 0
2459474.97 0 0 0 0 0 0 0 0 0 0 0 0 0 0 3.0542816357096543 0
2459475.01 0 0 0 0 0 0 0 0 0 0 0 0 0 0 3.05498293651006 0
2459475.05 0 0 0 0 0 0 0 0 0 0 0 0 0 0 3.055684237310466 0
2459475.10 0 0 0 0 0 0 0 0 0 0 0 0 0 0 3.056385538110871 0
2459475.14 0 0 0 0 0 0 0 0 0 0 0 0 0 0 3.0570868389112773 0
2459475.18 0 0 0 0 0 0 0 0 0 0 0 0 0 0 3.057788139711683 0
2459475.22 0 0 0 0 0 0 0 0 0 0 0 0 0 0 3.058489440512089 0
2459475.26 0 0 0 0 0 0 0 0 0 0 0 0 0 0 3.059190741312494 0
2459475.31 0 0 0 0 0 0 0 0 0 0 0 0 0 0 3.0598920421129003 0
2459475.35 0 0 0 0 0 0 0 0 0 0 0 0 0 0 3.0605933429133056 0
2459475.39 0 0 0 0 0 0 0 0 0 0 0 0 0 0 3.061294643713711 0
2459475.43 0 0 0 0 0 0 0 0 0 0 0 0 0 0 3.061995944514117 0
2459475.47 0 0 0 0 0 0 0 0 0 0 0 0 0 0 3.062697245314523 0
2459475.51 0 0 0 0 0 0 0 0 0 0 0 0 0 0 3.0633985461149287 0
2459475.56 0 0 0 0 0 0 0 0 0 0 0 0 0 0 3.064099846915334 0
2459475.60 0 0 0 0 0 0 0 0 0 0 0 0 0 0 3.0648011477157406 0
2459475.64 0 0 0 0 0 0 0 0 0 0 0 0 0 0 3.0655024485161455 0
2459475.68 0 0 0 0 0 0 0 0 0 0 0 0 0 0 3.0662037493165517 0
2459475.72 0 0 0 0 0 0 0 0 0 0 0 0 0 0 3.0669050501169575 0
2459475.76 0 0 0 0 0 0 0 0 0 0 0 0 0 0 3.067606350917363 0
2459475.81 0 0 0 0 0 0 0 0 0 0 0 0 0 0 3.0683076517177685 0
2459475.85 0 0 0 0 0 0 0 0 0 0 0 0 0 0 3.0690089525181743 0
2459475.89 0 0 0 0 0 0 0 0 0 0 0 0 0 0 3.0697102533185805 0
2459475.93 0 0 0 0 0 0 0 0 0 0 0 0 0 0 3.070411554118986 0
2459475.97 0 0 0 0 0 0 0 0 0 0 0 0 0 0 3.0711128549193916 0
2459476.01 0 0 0 0 0 0 0 0 0 0 0 0 0 0 3.0718141557197973 0
2459476.06 0 0 0 0 0 0 0 0 0 0 0 0 0 0 3.0725154565202026 0
2459476.10 0 0 0 0 0 0 0 0 0 0 0 0 0 0 3.0732167573206084 0
2459476.14 0 0 0 0 0 0 0 0 0 0 0 0 0 0 3.073918058121014 0
2459476.18 0 0 0 0 0 0 0 0 0 0 0 0 0 0 3.0746193589214204 0
2459476.22 0 0 0 0 0 0 0 0 0 0 0 0 0 0 3.0753206597218257 0
2459476.26 0 0 0 0 0 0 0 0 0 0 0 0 0 0 3.0760219605222314 0
2459476.31 0 0 0 0 0 0 0 0 0 0 0 0 0 0 3.076723261322637 0
2459476.35 0 0 0 0 0 0 0 0 0 0 0 0 0 0 3.0774245621230425 0
2459476.39 0 0 0 0 0 0 0 0 0 0 0 0 0 0 3.078125862923449 0
2459476.43 0 0 0 0 0 0 0 0 0 0 0 0 0 0 3.0788271637238545 0
2459476.47 0 0 0 0 0 0 0 0 0 0 0 0 0 0 3.07952846452426 0
2459476.51 0 0 0 0 0 0 0 0 0 0 0 0 0 0 3.080229765324666 0
2459476.56 0 0 0 0 0 0 0 0 0 0 0 0 0 0 3.0809310661250713 0
2459476.60 0 0 0 0 0 0 0 0 0 0 0 0 0 0 3.081632366925477 0
2459476.64 0 0 0 0 0 0 0 0 0 0 0 0 0 0 3.082333667725883 0
2459476.68 0 0 0 0 0 0 0 0 0 0 0 0 0 0 3.083034968526289 0
2459476.72 0 0 0 0 0 0 0 0 0 0 0 0 0 0 3.0837362693266943 0
2459476.76 0 0 0 0 0 0 0 0 0 0 0 0 0 0 3.0844375701271 0
2459476.81 0 0 0 0 0 0 0 0 0 0 0 0 0 0 3.0851388709275063 0
2459476.85 0 0 0 0 0 0 0 0 0 0 0 0 0 0 3.085840171727911 0
2459476.89 0 0 0 0 0 0 0 0 0 0 0 0 0 0 3.086541472528317 0
2459476.93 0 0 0 0 0 0 0 0 0 0 0 0 0 0 3.087242773328723 0
2459476.97 0 0 0 0 0 0 0 0 0 0 0 0 0 0 3.087944074129129 0
2459477.01 0 0 0 0 0 0 0 0 0 0 0 0 0 0 3.088645374929534 0
2459477.06 0 0 0 0 0 0 0 0 0 0 0 0 0 0 3.08934667572994 0
2459477.10 0 0 0 0 0 0 0 0 0 0 0 0 0 0 3.090047976530346 0
2459477.14 0 0 0 0 0 0 0 0 0 0 0 0 0 0 3.090749277330751 0
2459477.18 0 0 0 0 0 0 0 0 0 0 0 0 0 0 3.091450578131157 0
2459477.22 0 0 0 0 0 0 0 0 0 0 0 0 0 0 3.092151878931563 0
2459477.26 0 0 0 0 0 0 0 0 0 0 0 0 0 0 3.0928531797319687 0
2459477.31 0 0 0 0 0 0 0 0 0 0 0 0 0 0 3.093554480532374 0
2459477.35 0 0 0 0 0 0 0 0 0 0 0 0 0 0 3.09425578133278 0
2459477.39 0 0 0 0 0 0 0 0 0 0 0 0 0 0 3.094957082133186 0
2459477.43 0 0 0 0 0 0 0 0 0 0 0 0 0 0 3.095658382933591 0
2459477.47 0 0 0 0 0 0 0 0 0 0 0 0 0 0 3.0963596837339975 0
2459477.52 0 0 0 0 0 0 0 0 0 0 0 0 0 0 3.097060984534403 0
2459477.56 0 0 0 0 0 0 0 0 0 0 0 0 0 0 3.0977622853348086 0
2459477.60 0 0 0 0 0 0 0 0 0 0 0 0 0 0 3.0984635861352143 0
2459477.64 0 0 0 0 0 0 0 0 0 0 0 0 0 0 3.0991648869356196 0
2459477.68 0 0 0 0 0 0 0 0 0 0 0 0 0 0 3.099866187736026 0
2459477.72 0 0 0 0 0 0 0 0 0 0 0 0 0 0 3.1005674885364316 0
2459477.77 0 0 0 0 0 0 0 0 0 0 0 0 0 0 3.1012687893368374 0
2459477.81 0 0 0 0 0 0 0 0 0 0 0 0 0 0 3.1019700901372427 0
2459477.85 0 0 0 0 0 0 0 0 0 0 0 0 0 0 3.1026713909376484 0
2459477.89 0 0 0 0 0 0 0 0 0 0 0 0 0 0 3.1033726917380546 0
2459477.93 0 0 0 0 0 0 0 0 0 0 0 0 0 0 3.1040739925384604 0
2459477.97 0 0 0 0 0 0 0 0 0 0 0 0 0 0 3.1047752933388657 0
2459478.02 0 0 0 0 0 0 0 0 0 0 0 0 0 0 3.1054765941392715 0
2459478.06 0 0 0 0 0 0 0 0 0 0 0 0 0 0 3.106177894939677 0
2459478.10 0 0 0 0 0 0 0 0 0 0 0 0 0 0 3.1068791957400825 0
2459478.14 0 0 0 0 0 0 0 0 0 0 0 0 0 0 3.1075804965404883 0
2459478.18 0 0 0 0 0 0 0 0 0 0 0 0 0 0 3.1082817973408945 0
2459478.22 0 0 0 0 0 0 0 0 0 0 0 0 0 0 3.1089830981413002 0
2459478.27 0 0 0 0 0 0 0 0 0 0 0 0 0 0 3.1096843989417056 0
2459478.31 0 0 0 0 0 0 0 0 0 0 0 0 0 0 3.110385699742112 0
2459478.35 0 0 0 0 0 0 0 0 0 0 0 0 0 0 3.111087000542517 0
2459478.39 0 0 0 0 0 0 0 0 0 0 0 0 0 0 3.1117883013429224 0
2459478.43 0 0 0 0 0 0 0 0 0 0 0 0 0 0 3.112489602143329 0
2459478.47 0 0 0 0 0 0 0 0 0 0 0 0 0 0 3.1131909029437344 0
2459478.52 0 0 0 0 0 0 0 0 0 0 0 0 0 0 3.11389220374414 0
2459478.56 0 0 0 0 0 0 0 0 0 0 0 0 0 0 3.114593504544546 0
2459478.60 0 0 0 0 0 0 0 0 0 0 0 0 0 0 3.115294805344952 0
2459478.64 0 0 0 0 0 0 0 0 0 0 0 0 0 0 3.115996106145357 0
2459478.68 0 0 0 0 0 0 0 0 0 0 0 0 0 0 3.116697406945763 0
2459478.72 0 0 0 0 0 0 0 0 0 0 0 0 0 0 3.117398707746169 0
2459478.77 0 0 0 0 0 0 0 0 0 0 0 0 0 0 3.118100008546574 0
2459478.81 0 0 0 0 0 0 0 0 0 0 0 0 0 0 3.11880130934698 0
2459478.85 0 0 0 0 0 0 0 0 0 0 0 0 0 0 3.1195026101473857 0
2459478.89 0 0 0 0 0 0 0 0 0 0 0 0 0 0 3.120203910947792 0
2459478.93 0 0 0 0 0 0 0 0 0 0 0 0 0 0 3.120905211748197 0
2459478.97 0 0 0 0 0 0 0 0 0 0 0 0 0 0 3.121606512548603 0
2459479.02 0 0 0 0 0 0 0 0 0 0 0 0 0 0 3.1223078133490088 0
2459479.06 0 0 0 0 0 0 0 0 0 0 0 0 0 0 3.123009114149414 0
2459479.10 0 0 0 0 0 0 0 0 0 0 0 0 0 0 3.12371041494982 0
2459479.14 0 0 0 0 0 0 0 0 0 0 0 0 0 0 3.124411715750226 0
2459479.18 0 0 0 0 0 0 0 0 0 0 0 0 0 0 3.125113016550632 0
2459479.22 0 0 0 0 0 0 0 0 0 0 0 0 0 0 3.125814317351037 0
2459479.27 0 0 0 0 0 0 0 0 0 0 0 0 0 0 3.126515618151443 0
2459479.31 0 0 0 0 0 0 0 0 0 0 0 0 0 0 3.1272169189518486 0
2459479.35 0 0 0 0 0 0 0 0 0 0 0 0 0 0 3.127918219752254 0
2459479.39 0 0 0 0 0 0 0 0 0 0 0 0 0 0 3.1286195205526606 0
2459479.43 0 0 0 0 0 0 0 0 0 0 0 0 0 0 3.129320821353066 0
2459479.48 0 0 0 0 0 0 0 0 0 0 0 0 0 0 3.1300221221534716 0
2459479.52 0 0 0 0 0 0 0 0 0 0 0 0 0 0 3.1307234229538774 0
2459479.56 0 0 0 0 0 0 0 0 0 0 0 0 0 0 3.1314247237542827 0
2459479.60 0 0 0 0 0 0 0 0 0 0 0 0 0 0 3.1321260245546885 0
2459479.64 0 0 0 0 0 0 0 0 0 0 0 0 0 0 3.1328273253550942 0
2459479.68 0 0 0 0 0 0 0 0 0 0 0 0 0 0 3.1335286261555004 0
2459479.73 0 0 0 0 0 0 0 0 0 0 0 0 0 0 3.1342299269559057 0
2459479.77 0 0 0 0 0 0 0 0 0 0 0 0 0 0 3.1349312277563115 0
2459479.81 0 0 0 0 0 0 0 0 0 0 0 0 0 0 3.1356325285567173 0
2459479.85 0 0 0 0 0 0 0 0 0 0 0 0 0 0 3.1363338293571226 0
2459479.89 0 0 0 0 0 0 0 0 0 0 0 0 0 0 3.1370351301575288 0
2459479.93 0 0 0 0 0 0 0 0 0 0 0 0 0 0 3.137736430957934 0
2459479.98 0 0 0 0 0 0 0 0 0 0 0 0 0 0 3.1384377317583403 0
2459480.02 0 0 0 0 0 0 0 0 0 0 0 0 0 0 3.1391390325587456 0
2459480.06 0 0 0 0 0 0 0 0 0 0 0 0 0 0 3.1398403333591514 0
2459480.10 0 0 0 0 0 0 0 0 0 0 0 0 0 0 3.1405416341595576 0
2459480.14 0 0 0 0 0 0 0 0 0 0 0 0 0 0 3.1412429349599624 0
2459480.18 0 0 0 0 0 0 0 0 0 0 0 0 0 0 3.141944235760369 0
2459480.23 0 0 0 0 0 0 0 0 0 0 0 0 0 0 3.1426455365607744 0
2459480.27 0 0 0 0 0 0 0 0 0 0 0 0 0 0 3.14334683736118 0
2459480.31 0 0 0 0 0 0 0 0 0 0 0 0 0 0 3.144048138161586 0
2459480.35 0 0 0 0 0 0 0 0 0 0 0 0 0 0 3.144749438961991 0
2459480.39 0 0 0 0 0 0 0 0 0 0 0 0 0 0 3.1454507397623974 0
2459480.43 0 0 0 0 0 0 0 0 0 0 0 0 0 0 3.1461520405628027 0
2459480.48 0 0 0 0 0 0 0 0 0 0 0 0 0 0 3.146853341363209 0
2459480.52 0 0 0 0 0 0 0 0 0 0 0 0 0 0 3.1475546421636142 0
2459480.56 0 0 0 0 0 0 0 0 0 0 0 0 0 0 3.14825594296402 0
2459480.60 0 0 0 0 0 0 0 0 0 0 0 0 0 0 3.1489572437644258 0
2459480.64 0 0 0 0 0 0 0 0 0 0 0 0 0 0 3.149658544564832 0
2459480.68 0 0 0 0 0 0 0 0 0 0 0 0 0 0 3.1503598453652373 0
2459480.73 0 0 0 0 0 0 0 0 0 0 0 0 0 0 3.1510611461656426 0
2459480.77 0 0 0 0 0 0 0 0 0 0 0 0 0 0 3.151762446966049 0
2459480.81 0 0 0 0 0 0 0 0 0 0 0 0 0 0 3.152463747766454 0
2459480.85 0 0 0 0 0 0 0 0 0 0 0 0 0 0 3.15316504856686 0
2459480.89 0 0 0 0 0 0 0 0 0 0 0 0 0 0 3.1538663493672656 0
2459480.93 0 0 0 0 0 0 0 0 0 0 0 0 0 0 3.154567650167672 0
2459480.98 0 0 0 0 0 0 0 0 0 0 0 0 0 0 3.155268950968077 0
2459481.02 0 0 0 0 0 0 0 0 0 0 0 0 0 0 3.155970251768483 0
2459481.06 0 0 0 0 0 0 0 0 0 0 0 0 0 0 3.1566715525688887 0
2459481.10 0 0 0 0 0 0 0 0 0 0 0 0 0 0 3.157372853369294 0
2459481.14 0 0 0 0 0 0 0 0 0 0 0 0 0 0 3.1580741541696997 0
2459481.18 0 0 0 0 0 0 0 0 0 0 0 0 0 0 3.158775454970106 0
2459481.23 0 0 0 0 0 0 0 0 0 0 0 0 0 0 3.1594767557705117 0
2459481.27 0 0 0 0 0 0 0 0 0 0 0 0 0 0 3.1601780565709174 0
2459481.31 0 0 0 0 0 0 0 0 0 0 0 0 0 0 3.1608793573713228 0
2459481.35 0 0 0 0 0 0 0 0 0 0 0 0 0 0 3.1615806581717285 0
2459481.39 0 0 0 0 0 0 0 0 0 0 0 0 0 0 3.1622819589721347 0
2459481.43 0 0 0 0 0 0 0 0 0 0 0 0 0 0 3.1629832597725396 0
2459481.48 0 0 0 0 0 0 0 0 0 0 0 0 0 0 3.163684560572946 0
2459481.52 0 0 0 0 0 0 0 0 0 0 0 0 0 0 3.1643858613733515 0
2459481.56 0 0 0 0 0 0 0 0 0 0 0 0 0 0 3.1650871621737573 0
2459481.60 0 0 0 0 0 0 0 0 0 0 0 0 0 0 3.1657884629741635 0
2459481.64 0 0 0 0 0 0 0 0 0 0 0 0 0 0 3.1664897637745684 0
2459481.69 0 0 0 0 0 0 0 0 0 0 0 0 0 0 3.1671910645749746 0
2459481.73 0 0 0 0 0 0 0 0 0 0 0 0 0 0 3.1678923653753803 0
2459481.77 0 0 0 0 0 0 0 0 0 0 0 0 0 0 3.1685936661757856 0
2459481.81 0 0 0 0 0 0 0 0 0 0 0 0 0 0 3.1692949669761914 0
2459481.85 0 0 0 0 0 0 0 0 0 0 0 0 0 0 3.169996267776597 0
2459481.89 0 0 0 0 0 0 0 0 0 0 0 0 0 0 3.1706975685770034 0
2459481.94 0 0 0 0 0 0 0 0 0 0 0 0 0 0 3.1713988693774082 0
2459481.98 0 0 0 0 0 0 0 0 0 0 0 0 0 0 3.1721001701778144 0
2459482.02 0 0 0 0 0 0 0 0 0 0 0 0 0 0 3.17280147097822 0
2459482.06 0 0 0 0 0 0 0 0 0 0 0 0 0 0 3.1735027717786255 0
2459482.10 0 0 0 0 0 0 0 0 0 0 0 0 0 0 3.1742040725790313 0
2459482.14 0 0 0 0 0 0 0 0 0 0 0 0 0 0 3.1749053733794375 0
2459482.19 0 0 0 0 0 0 0 0 0 0 0 0 0 0 3.175606674179843 0
2459482.23 0 0 0 0 0 0 0 0 0 0 0 0 0 0 3.176307974980248 0
2459482.27 0 0 0 0 0 0 0 0 0 0 0 0 0 0 3.1770092757806543 0
2459482.31 0 0 0 0 0 0 0 0 0 0 0 0 0 0 3.17771057658106 0
2459482.35 0 0 0 0 0 0 0 0 0 0 0 0 0 0 3.178411877381466 0
2459482.39 0 0 0 0 0 0 0 0 0 0 0 0 0 0 3.179113178181871 0
2459482.44 0 0 0 0 0 0 0 0 0 0 0 0 0 0 3.1798144789822773 0
2459482.48 0 0 0 0 0 0 0 0 0 0 0 0 0 0 3.180515779782683 0
2459482.52 0 0 0 0 0 0 0 0 0 0 0 0 0 0 3.181217080583089 0
2459482.56 0 0 0 0 0 0 0 0 0 0 0 0 0 0 3.181918381383494 0
2459482.60 0 0 0 0 0 0 0 0 0 0 0 0 0 0 3.1826196821839 0
2459482.64 0 0 0 0 0 0 0 0 0 0 0 0 0 0 3.1833209829843057 0
2459482.69 0 0 0 0 0 0 0 0 0 0 0 0 0 0 3.184022283784712 0
2459482.73 0 0 0 0 0 0 0 0 0 0 0 0 0 0 3.184723584585117 0
2459482.77 0 0 0 0 0 0 0 0 0 0 0 0 0 0 3.185424885385523 0
2459482.81 0 0 0 0 0 0 0 0 0 0 0 0 0 0 3.1861261861859287 0
2459482.85 0 0 0 0 0 0 0 0 0 0 0 0 0 0 3.186827486986334 0
2459482.89 0 0 0 0 0 0 0 0 0 0 0 0 0 0 3.18752878778674 0
2459482.94 0 0 0 0 0 0 0 0 0 0 0 0 0 0 3.1882300885871455 0
2459482.98 0 0 0 0 0 0 0 0 0 0 0 0 0 0 3.1889313893875517 0
2459483.02 0 0 0 0 0 0 0 0 0 0 0 0 0 0 3.189632690187957 0
2459483.06 0 0 0 0 0 0 0 0 0 0 0 0 0 0 3.190333990988363 0
2459483.10 0 0 0 0 0 0 0 0 0 0 0 0 0 0 3.1910352917887685 0
2459483.14 0 0 0 0 0 0 0 0 0 0 0 0 0 0 3.191736592589174 0
2459483.19 0 0 0 0 0 0 0 0 0 0 0 0 0 0 3.1924378933895805 0
2459483.23 0 0 0 0 0 0 0 0 0 0 0 0 0 0 3.193139194189986 0
2459483.27 0 0 0 0 0 0 0 0 0 0 0 0 0 0 3.1938404949903916 0
2459483.31 0 0 0 0 0 0 0 0 0 0 0 0 0 0 3.1945417957907973 0
2459483.35 0 0 0 0 0 0 0 0 0 0 0 0 0 0 3.1952430965912026 0
2459483.39 0 0 0 0 0 0 0 0 0 0 0 0 0 0 3.195944397391609 0
2459483.44 0 0 0 0 0 0 0 0 0 0 0 0 0 0 3.196645698192014 0
2459483.48 0 0 0 0 0 0 0 0 0 0 0 0 0 0 3.1973469989924204 0
2459483.52 0 0 0 0 0 0 0 0 0 0 0 0 0 0 3.1980482997928257 0
2459483.56 0 0 0 0 0 0 0 0 0 0 0 0 0 0 3.1987496005932314 0
2459483.60 0 0 0 0 0 0 0 0 0 0 0 0 0 0 3.199450901393637 0
2459483.65 0 0 0 0 0 0 0 0 0 0 0 0 0 0 3.2001522021940434 0
2459483.69 0 0 0 0 0 0 0 0 0 0 0 0 0 0 3.2008535029944487 0
2459483.73 0 0 0 0 0 0 0 0 0 0 0 0 0 0 3.201554803794854 0
2459483.77 0 0 0 0 0 0 0 0 0 0 0 0 0 0 3.2022561045952602 0
2459483.81 0 0 0 0 0 0 0 0 0 0 0 0 0 0 3.2029574053956655 0
2459483.85 0 0 0 0 0 0 0 0 0 0 0 0 0 0 3.2036587061960713 0
2459483.90 0 0 0 0 0 0 0 0 0 0 0 0 0 0 3.204360006996477 0
2459483.94 0 0 0 0 0 0 0 0 0 0 0 0 0 0 3.2050613077968833 0
2459483.98 0 0 0 0 0 0 0 0 0 0 0 0 0 0 3.205762608597289 0
2459484.02 0 0 0 0 0 0 0 0 0 0 0 0 0 0 3.2064639093976943 0
2459484.06 0 0 0 0 0 0 0 0 0 0 0 0 0 0 3.2071652101981 0
2459484.10 0 0 0 0 0 0 0 0 0 0 0 0 0 0 3.207866510998506 0
2459484.15 0 0 0 0 0 0 0 0 0 0 0 0 0 0 3.208567811798911 0
2459484.19 0 0 0 0 0 0 0 0 0 0 0 0 0 0 3.2092691125993174 0
2459484.23 0 0 0 0 0 0 0 0 0 0 0 0 0 0 3.209970413399723 0
2459484.27 0 0 0 0 0 0 0 0 0 0 0 0 0 0 3.210671714200129 0
2459484.31 0 0 0 0 0 0 0 0 0 0 0 0 0 0 3.211373015000534 0
2459484.35 0 0 0 0 0 0 0 0 0 0 0 0 0 0 3.21207431580094 0
2459484.40 0 0 0 0 0 0 0 0 0 0 0 0 0 0 3.212775616601346 0
2459484.44 0 0 0 0 0 0 0 0 0 0 0 0 0 0 3.213476917401751 0
2459484.48 0 0 0 0 0 0 0 0 0 0 0 0 0 0 3.214178218202157 0
2459484.52 0 0 0 0 0 0 0 0 0 0 0 0 0 0 3.214879519002563 0
2459484.56 0 0 0 0 0 0 0 0 0 0 0 0 0 0 3.2155808198029687 0
2459484.60 0 0 0 0 0 0 0 0 0 0 0 0 0 0 3.216282120603374 0
2459484.65 0 0 0 0 0 0 0 0 0 0 0 0 0 0 3.21698342140378 0
2459484.69 0 0 0 0 0 0 0 0 0 0 0 0 0 0 3.217684722204186 0
2459484.73 0 0 0 0 0 0 0 0 0 0 0 0 0 0 3.218386023004591 0
2459484.77 0 0 0 0 0 0 0 0 0 0 0 0 0 0 3.219087323804997 0
2459484.81 0 0 0 0 0 0 0 0 0 0 0 0 0 0 3.219788624605403 0
2459484.85 0 0 0 0 0 0 0 0 0 0 0 0 0 0 3.2204899254058086 0
2459484.90 0 0 0 0 0 0 0 0 0 0 0 0 0 0 3.221191226206215 0
2459484.94 0 0 0 0 0 0 0 0 0 0 0 0 0 0 3.2218925270066197 0
2459484.98 0 0 0 0 0 0 0 0 0 0 0 0 0 0 3.222593827807026 0
2459485.02 0 0 0 0 0 0 0 0 0 0 0 0 0 0 3.2232951286074316 0
2459485.06 0 0 0 0 0 0 0 0 0 0 0 0 0 0 3.2239964294078374 0
2459485.10 0 0 0 0 0 0 0 0 0 0 0 0 0 0 3.2246977302082427 0
2459485.15 0 0 0 0 0 0 0 0 0 0 0 0 0 0 3.225399031008649 0
2459485.19 0 0 0 0 0 0 0 0 0 0 0 0 0 0 3.2261003318090546 0
2459485.23 0 0 0 0 0 0 0 0 0 0 0 0 0 0 3.2268016326094595 0
2459485.27 0 0 0 0 0 0 0 0 0 0 0 0 0 0 3.2275029334098657 0
2459485.31 0 0 0 0 0 0 0 0 0 0 0 0 0 0 3.2282042342102715 0
2459485.35 0 0 0 0 0 0 0 0 0 0 0 0 0 0 3.2289055350106772 0
2459485.40 0 0 0 0 0 0 0 0 0 0 0 0 0 0 3.2296068358110825 0
2459485.44 0 0 0 0 0 0 0 0 0 0 0 0 0 0 3.2303081366114887 0
2459485.48 0 0 0 0 0 0 0 0 0 0 0 0 0 0 3.2310094374118945 0
2459485.52 0 0 0 0 0 0 0 0 0 0 0 0 0 0 3.2317107382122994 0
2459485.56 0 0 0 0 0 0 0 0 0 0 0 0 0 0 3.2324120390127056 0
2459485.60 0 0 0 0 0 0 0 0 0 0 0 0 0 0 3.2331133398131118 0
2459485.65 0 0 0 0 0 0 0 0 0 0 0 0 0 0 3.233814640613517 0
2459485.69 0 0 0 0 0 0 0 0 0 0 0 0 0 0 3.2345159414139224 0
2459485.73 0 0 0 0 0 0 0 0 0 0 0 0 0 0 3.2352172422143286 0
2459485.77 0 0 0 0 0 0 0 0 0 0 0 0 0 0 3.2359185430147344 0
2459485.81 0 0 0 0 0 0 0 0 0 0 0 0 0 0 3.23661984381514 0
2459485.86 0 0 0 0 0 0 0 0 0 0 0 0 0 0 3.2373211446155454 0
2459485.90 0 0 0 0 0 0 0 0 0 0 0 0 0 0 3.238022445415952 0
2459485.94 0 0 0 0 0 0 0 0 0 0 0 0 0 0 3.238723746216357 0
2459485.98 0 0 0 0 0 0 0 0 0 0 0 0 0 0 3.239425047016763 0
2459486.02 0 0 0 0 0 0 0 0 0 0 0 0 0 0 3.240126347817169 0
2459486.06 0 0 0 0 0 0 0 0 0 0 0 0 0 0 3.240827648617574 0
2459486.11 0 0 0 0 0 0 0 0 0 0 0 0 0 0 3.24152894941798 0
2459486.15 0 0 0 0 0 0 0 0 0 0 0 0 0 0 3.2422302502183857 0
2459486.19 0 0 0 0 0 0 0 0 0 0 0 0 0 0 3.242931551018792 0
2459486.23 0 0 0 0 0 0 0 0 0 0 0 0 0 0 3.243632851819197 0
2459486.27 0 0 0 0 0 0 0 0 0 0 0 0 0 0 3.244334152619603 0
2459486.31 0 0 0 0 0 0 0 0 0 0 0 0 0 0 3.2450354534200088 0
2459486.36 0 0 0 0 0 0 0 0 0 0 0 0 0 0 3.245736754220415 0
2459486.40 0 0 0 0 0 0 0 0 0 0 0 0 0 0 3.24643805502082 0
2459486.44 0 0 0 0 0 0 0 0 0 0 0 0 0 0 3.2471393558212256 0
2459486.48 0 0 0 0 0 0 0 0 0 0 0 0 0 0 3.247840656621632 0
2459486.52 0 0 0 0 0 0 0 0 0 0 0 0 0 0 3.248541957422037 0
2459486.56 0 0 0 0 0 0 0 0 0 0 0 0 0 0 3.249243258222443 0
2459486.61 0 0 0 0 0 0 0 0 0 0 0 0 0 0 3.2499445590228486 0
2459486.65 0 0 0 0 0 0 0 0 0 0 0 0 0 0 3.250645859823255 0
2459486.69 0 0 0 0 0 0 0 0 0 0 0 0 0 0 3.25134716062366 0
2459486.73 0 0 0 0 0 0 0 0 0 0 0 0 0 0 3.2520484614240655 0
2459486.77 0 0 0 0 0 0 0 0 0 0 0 0 0 0 3.2527497622244717 0
2459486.81 0 0 0 0 0 0 0 0 0 0 0 0 0 0 3.253451063024877 0
2459486.86 0 0 0 0 0 0 0 0 0 0 0 0 0 0 3.2541523638252827 0
2459486.90 0 0 0 0 0 0 0 0 0 0 0 0 0 0 3.2548536646256885 0
2459486.94 0 0 0 0 0 0 0 0 0 0 0 0 0 0 3.2555549654260947 0
2459486.98 0 0 0 0 0 0 0 0 0 0 0 0 0 0 3.2562562662265004 0
2459487.02 0 0 0 0 0 0 0 0 0 0 0 0 0 0 3.2569575670269053 0
2459487.06 0 0 0 0 0 0 0 0 0 0 0 0 0 0 3.2576588678273115 0
2459487.11 0 0 0 0 0 0 0 0 0 0 0 0 0 0 3.2583601686277177 0
2459487.15 0 0 0 0 0 0 0 0 0 0 0 0 0 0 3.2590614694281226 0
2459487.19 0 0 0 0 0 0 0 0 0 0 0 0 0 0 3.2597627702285283 0
2459487.23 0 0 0 0 0 0 0 0 0 0 0 0 0 0 3.2604640710289345 0
2459487.27 0 0 0 0 0 0 0 0 0 0 0 0 0 0 3.2611653718293403 0
2459487.31 0 0 0 0 0 0 0 0 0 0 0 0 0 0 3.2618666726297456 0
2459487.36 0 0 0 0 0 0 0 0 0 0 0 0 0 0 3.2625679734301514 0
2459487.40 0 0 0 0 0 0 0 0 0 0 0 0 0 0 3.2632692742305576 0
2459487.44 0 0 0 0 0 0 0 0 0 0 0 0 0 0 3.2639705750309624 0
2459487.48 0 0 0 0 0 0 0 0 0 0 0 0 0 0 3.2646718758313686 0
2459487.52 0 0 0 0 0 0 0 0 0 0 0 0 0 0 3.2653731766317744 0
2459487.56 0 0 0 0 0 0 0 0 0 0 0 0 0 0 3.26607447743218 0
2459487.61 0 0 0 0 0 0 0 0 0 0 0 0 0 0 3.2667757782325855 0
2459487.65 0 0 0 0 0 0 0 0 0 0 0 0 0 0 3.2674770790329912 0
2459487.69 0 0 0 0 0 0 0 0 0 0 0 0 0 0 3.2681783798333974 0
2459487.73 0 0 0 0 0 0 0 0 0 0 0 0 0 0 3.268879680633803 0
2459487.77 0 0 0 0 0 0 0 0 0 0 0 0 0 0 3.269580981434209 0
2459487.82 0 0 0 0 0 0 0 0 0 0 0 0 0 0 3.2702822822346143 0
2459487.86 0 0 0 0 0 0 0 0 0 0 0 0 0 0 3.2709835830350205 0
2459487.90 0 0 0 0 0 0 0 0 0 0 0 0 0 0 3.2716848838354258 0
2459487.94 0 0 0 0 0 0 0 0 0 0 0 0 0 0 3.272386184635831 0
2459487.98 0 0 0 0 0 0 0 0 0 0 0 0 0 0 3.2730874854362373 0
2459488.02 0 0 0 0 0 0 0 0 0 0 0 0 0 0 3.273788786236643 0
2459488.07 0 0 0 0 0 0 0 0 0 0 0 0 0 0 3.274490087037049 0
2459488.11 0 0 0 0 0 0 0 0 0 0 0 0 0 0 3.275191387837454 0
2459488.15 0 0 0 0 0 0 0 0 0 0 0 0 0 0 3.2758926886378603 0
2459488.19 0 0 0 0 0 0 0 0 0 0 0 0 0 0 3.276593989438266 0
2459488.23 0 0 0 0 0 0 0 0 0 0 0 0 0 0 3.277295290238671 0
2459488.27 0 0 0 0 0 0 0 0 0 0 0 0 0 0 3.277996591039077 0
2459488.32 0 0 0 0 0 0 0 0 0 0 0 0 0 0 3.278697891839483 0
2459488.36 0 0 0 0 0 0 0 0 0 0 0 0 0 0 3.2793991926398887 0
2459488.40 0 0 0 0 0 0 0 0 0 0 0 0 0 0 3.280100493440294 0
2459488.44 0 0 0 0 0 0 0 0 0 0 0 0 0 0 3.2808017942407 0
2459488.48 0 0 0 0 0 0 0 0 0 0 0 0 0 0 3.281503095041106 0
2459488.50 0 0 0 0 0 0 0 0 0 0 0 0 0 0 3.281800770166671 0
2459488.54 0 0 0 0 0 0 0 0 0 0 0 0 0 0 3.282532396062789 0
2459488.58 0 0 0 0 0 0 0 0 0 0 0 0 0 0 3.283264021958907 0
2459488.63 0 0 0 0 0 0 0 0 0 0 0 0 0 0 3.2839956478550247 0
2459488.67 0 0 0 0 0 0 0 0 0 0 0 0 0 0 3.284727273751143 0
2459488.71 0 0 0 0 0 0 0 0 0 0 0 0 0 0 3.285458899647261 0
2459488.75 0 0 0 0 0 0 0 0 0 0 0 0 0 0 3.286190525543379 0
2459488.79 0 0 0 0 0 0 0 0 0 0 0 0 0 0 3.286922151439496 0
2459488.83 0 0 0 0 0 0 0 0 0 0 0 0 0 0 3.2876537773356143 0
2459488.88 0 0 0 0 0 0 0 0 0 0 0 0 0 0 3.288385403231733 0
2459488.92 0 0 0 0 0 0 0 0 0 0 0 0 0 0 3.289117029127851 0
2459488.96 0 0 0 0 0 0 0 0 0 0 0 0 0 0 3.289848655023968 0
2459489.00 0 0 0 0 0 0 0 0 0 0 0 0 0 0 3.290580280920086 0
2459489.04 0 0 0 0 0 0 0 0 0 0 0 0 0 0 3.291311906816204 0
2459489.08 0 0 0 0 0 0 0 0 0 0 0 0 0 0 3.292043532712322 0
2459489.13 0 0 0 0 0 0 0 0 0 0 0 0 0 0 3.29277515860844 0
2459489.17 0 0 0 0 0 0 0 0 0 0 0 0 0 0 3.2935067845045576 0
2459489.21 0 0 0 0 0 0 0 0 0 0 0 0 0 0 3.2942384104006757 0
2459489.25 0 0 0 0 0 0 0 0 0 0 0 0 0 0 3.2949700362967937 0
2459489.29 0 0 0 0 0 0 0 0 0 0 0 0 0 0 3.295701662192912 0
2459489.33 0 0 0 0 0 0 0 0 0 0 0 0 0 0 3.29643328808903 0
2459489.38 0 0 0 0 0 0 0 0 0 0 0 0 0 0 3.297164913985147 0
2459489.42 0 0 0 0 0 0 0 0 0 0 0 0 0 0 3.297896539881265 0
2459489.46 0 0 0 0 0 0 0 0 0 0 0 0 0 0 3.2986281657773833 0
2459489.50 0 0 0 0 0 0 0 0 0 0 0 0 0 0 3.299359791673502 0
2459489.54 0 0 0 0 0 0 0 0 0 0 0 0 0 0 3.300091417569619 0
2459489.58 0 0 0 0 0 0 0 0 0 0 0 0 0 0 3.300823043465737 0
2459489.63 0 0 0 0 0 0 0 0 0 0 0 0 0 0 3.301554669361855 0
2459489.67 0 0 0 0 0 0 0 0 0 0 0 0 0 0 3.3022862952579732 0
2459489.71 0 0 0 0 0 0 0 0 0 0 0 0 0 0 3.3030179211540913 0
2459489.75 0 0 0 0 0 0 0 0 0 0 0 0 0 0 3.303749547050209 0
2459489.79 0 0 0 0 0 0 0 0 0 0 0 0 0 0 3.304481172946327 0
2459489.83 0 0 0 0 0 0 0 0 0 0 0 0 0 0 3.305212798842445 0
2459489.88 0 0 0 0 0 0 0 0 0 0 0 0 0 0 3.305944424738563 0
2459489.92 0 0 0 0 0 0 0 0 0 0 0 0 0 0 3.306676050634681 0
2459489.96 0 0 0 0 0 0 0 0 0 0 0 0 0 0 3.307407676530799 0
2459490.00 0 0 0 0 0 0 0 0 0 0 0 0 0 0 3.308139302426917 0
2459490.04 0 0 0 0 0 0 0 0 0 0 0 0 0 0 3.308870928323035 0
2459490.08 0 0 0 0 0 0 0 0 0 0 0 0 0 0 3.3096025542191523 0
2459490.13 0 0 0 0 0 0 0 0 0 0 0 0 0 0 3.3103341801152704 0
2459490.17 0 0 0 0 0 0 0 0 0 0 0 0 0 0 3.311065806011388 0
2459490.21 0 0 0 0 0 0 0 0 0 0 0 0 0 0 3.311797431907506 0
2459490.25 0 0 0 0 0 0 0 0 0 0 0 0 0 0 3.312529057803624 0
2459490.29 0 0 0 0 0 0 0 0 0 0 0 0 0 0 3.313260683699742 0
2459490.33 0 0 0 0 0 0 0 0 0 0 0 0 0 0 3.31399230959586 0
2459490.38 0 0 0 0 0 0 0 0 0 0 0 0 0 0 3.314723935491978 0
2459490.42 0 0 0 0 0 0 0 0 0 0 0 0 0 0 3.315455561388096 0
2459490.46 0 0 0 0 0 0 0 0 0 0 0 0 0 0 3.316187187284214 0
2459490.50 0 0 0 0 0 0 0 0 0 0 0 0 0 0 3.3169188131803318 0
2459490.54 0 0 0 0 0 0 0 0 0 0 0 0 0 0 3.31765043907645 0
2459490.58 0 0 0 0 0 0 0 0 0 0 0 0 0 0 3.318382064972568 0
2459490.63 0 0 0 0 0 0 0 0 0 0 0 0 0 0 3.319113690868686 0
2459490.67 0 0 0 0 0 0 0 0 0 0 0 0 0 0 3.319845316764803 0
2459490.71 0 0 0 0 0 0 0 0 0 0 0 0 0 0 3.3205769426609213 0
2459490.75 0 0 0 0 0 0 0 0 0 0 0 0 0 0 3.3213085685570394 0
2459490.79 0 0 0 0 0 0 0 0 0 0 0 0 0 0 3.322040194453158 0
2459490.84 0 0 0 0 0 0 0 0 0 0 0 0 0 0 3.322771820349275 0
2459490.88 0 0 0 0 0 0 0 0 0 0 0 0 0 0 3.323503446245393 0
2459490.92 0 0 0 0 0 0 0 0 0 0 0 0 0 0 3.3242350721415113 0
2459490.96 0 0 0 0 0 0 0 0 0 0 0 0 0 0 3.3249666980376293 0
2459491.00 0 0 0 0 0 0 0 0 0 0 0 0 0 0 3.3256983239337474 0
2459491.04 0 0 0 0 0 0 0 0 0 0 0 0 0 0 3.326429949829865 0
2459491.09 0 0 0 0 0 0 0 0 0 0 0 0 0 0 3.327161575725983 0
2459491.13 0 0 0 0 0 0 0 0 0 0 0 0 0 0 3.3278932016221012 0
2459491.17 0 0 0 0 0 0 0 0 0 0 0 0 0 0 3.3286248275182193 0
2459491.21 0 0 0 0 0 0 0 0 0 0 0 0 0 0 3.329356453414337 0
2459491.25 0 0 0 0 0 0 0 0 0 0 0 0 0 0 3.330088079310455 0
2459491.29 0 0 0 0 0 0 0 0 0 0 0 0 0 0 3.3308197052065722 0
2459491.34 0 0 0 0 0 0 0 0 0 0 0 0 0 0 3.3315513311026903 0
2459491.38 0 0 0 0 0 0 0 0 0 0 0 0 0 0 3.3322829569988084 0
2459491.42 0 0 0 0 0 0 0 0 0 0 0 0 0 0 3.333014582894926 0
2459491.46 0 0 0 0 0 0 0 0 0 0 0 0 0 0 3.333746208791044 0
2459491.50 0 0 0 0 0 0 0 0 0 0 0 0 0 0 3.334477834687162 0
2459491.54 0 0 0 0 0 0 0 0 0 0 0 0 0 0 3.3352094605832803 0
2459491.59 0 0 0 0 0 0 0 0 0 0 0 0 0 0 3.335941086479398 0
2459491.63 0 0 0 0 0 0 0 0 0 0 0 0 0 0 3.336672712375516 0
2459491.67 0 0 0 0 0 0 0 0 0 0 0 0 0 0 3.337404338271634 0
2459491.71 0 0 0 0 0 0 0 0 0 0 0 0 0 0 3.338135964167752 0
2459491.75 0 0 0 0 0 0 0 0 0 0 0 0 0 0 3.3388675900638702 0
2459491.79 0 0 0 0 0 0 0 0 0 0 0 0 0 0 3.339599215959988 0
2459491.84 0 0 0 0 0 0 0 0 0 0 0 0 0 0 3.340330841856106 0
2459491.88 0 0 0 0 0 0 0 0 0 0 0 0 0 0 3.341062467752224 0
2459491.92 0 0 0 0 0 0 0 0 0 0 0 0 0 0 3.341794093648342 0
2459491.96 0 0 0 0 0 0 0 0 0 0 0 0 0 0 3.3425257195444593 0
2459492.00 0 0 0 0 0 0 0 0 0 0 0 0 0 0 3.3432573454405774 0
2459492.04 0 0 0 0 0 0 0 0 0 0 0 0 0 0 3.3439889713366955 0
2459492.09 0 0 0 0 0 0 0 0 0 0 0 0 0 0 3.344720597232814 0
2459492.13 0 0 0 0 0 0 0 0 0 0 0 0 0 0 3.345452223128932 0
2459492.17 0 0 0 0 0 0 0 0 0 0 0 0 0 0 3.3461838490250493 0
2459492.21 0 0 0 0 0 0 0 0 0 0 0 0 0 0 3.3469154749211674 0
2459492.25 0 0 0 0 0 0 0 0 0 0 0 0 0 0 3.3476471008172854 0
2459492.29 0 0 0 0 0 0 0 0 0 0 0 0 0 0 3.3483787267134035 0
2459492.34 0 0 0 0 0 0 0 0 0 0 0 0 0 0 3.349110352609521 0
2459492.38 0 0 0 0 0 0 0 0 0 0 0 0 0 0 3.3498419785056393 0
2459492.42 0 0 0 0 0 0 0 0 0 0 0 0 0 0 3.350573604401757 0
2459492.46 0 0 0 0 0 0 0 0 0 0 0 0 0 0 3.351305230297875 0
2459492.50 0 0 0 0 0 0 0 0 0 0 0 0 0 0 3.352036856193993 0
2459492.54 0 0 0 0 0 0 0 0 0 0 0 0 0 0 3.3527684820901102 0
2459492.59 0 0 0 0 0 0 0 0 0 0 0 0 0 0 3.3535001079862283 0
2459492.63 0 0 0 0 0 0 0 0 0 0 0 0 0 0 3.3542317338823464 0
2459492.67 0 0 0 0 0 0 0 0 0 0 0 0 0 0 3.3549633597784645 0
2459492.71 0 0 0 0 0 0 0 0 0 0 0 0 0 0 3.355694985674582 0
2459492.75 0 0 0 0 0 0 0 0 0 0 0 0 0 0 3.3564266115707 0
2459492.80 0 0 0 0 0 0 0 0 0 0 0 0 0 0 3.3571582374668183 0
2459492.84 0 0 0 0 0 0 0 0 0 0 0 0 0 0 3.3578898633629364 0
2459492.88 0 0 0 0 0 0 0 0 0 0 0 0 0 0 3.3586214892590545 0
2459492.92 0 0 0 0 0 0 0 0 0 0 0 0 0 0 3.359353115155172 0
2459492.96 0 0 0 0 0 0 0 0 0 0 0 0 0 0 3.36008474105129 0
2459493.00 0 0 0 0 0 0 0 0 0 0 0 0 0 0 3.3608163669474083 0
2459493.05 0 0 0 0 0 0 0 0 0 0 0 0 0 0 3.3615479928435263 0
2459493.09 0 0 0 0 0 0 0 0 0 0 0 0 0 0 3.362279618739644 0
2459493.13 0 0 0 0 0 0 0 0 0 0 0 0 0 0 3.363011244635762 0
2459493.17 0 0 0 0 0 0 0 0 0 0 0 0 0 0 3.36374287053188 0
2459493.21 0 0 0 0 0 0 0 0 0 0 0 0 0 0 3.3644744964279982 0
2459493.25 0 0 0 0 0 0 0 0 0 0 0 0 0 0 3.3652061223241163 0
2459493.30 0 0 0 0 0 0 0 0 0 0 0 0 0 0 3.3659377482202335 0
2459493.34 0 0 0 0 0 0 0 0 0 0 0 0 0 0 3.3666693741163516 0
2459493.38 0 0 0 0 0 0 0 0 0 0 0 0 0 0 3.36740100001247 0
2459493.42 0 0 0 0 0 0 0 0 0 0 0 0 0 0 3.368132625908588 0
2459493.46 0 0 0 0 0 0 0 0 0 0 0 0 0 0 3.3688642518047054 0
2459493.50 0 0 0 0 0 0 0 0 0 0 0 0 0 0 3.3695958777008235 0
2459493.55 0 0 0 0 0 0 0 0 0 0 0 0 0 0 3.370327503596941 0
2459493.59 0 0 0 0 0 0 0 0 0 0 0 0 0 0 3.371059129493059 0
2459493.63 0 0 0 0 0 0 0 0 0 0 0 0 0 0 3.3717907553891773 0
2459493.67 0 0 0 0 0 0 0 0 0 0 0 0 0 0 3.372522381285295 0
2459493.71 0 0 0 0 0 0 0 0 0 0 0 0 0 0 3.373254007181413 0
2459493.75 0 0 0 0 0 0 0 0 0 0 0 0 0 0 3.373985633077531 0
2459493.80 0 0 0 0 0 0 0 0 0 0 0 0 0 0 3.374717258973649 0
2459493.84 0 0 0 0 0 0 0 0 0 0 0 0 0 0 3.3754488848697664 0
2459493.88 0 0 0 0 0 0 0 0 0 0 0 0 0 0 3.3761805107658844 0
2459493.92 0 0 0 0 0 0 0 0 0 0 0 0 0 0 3.3769121366620025 0
2459493.96 0 0 0 0 0 0 0 0 0 0 0 0 0 0 3.3776437625581206 0
2459494.00 0 0 0 0 0 0 0 0 0 0 0 0 0 0 3.3783753884542387 0
2459494.05 0 0 0 0 0 0 0 0 0 0 0 0 0 0 3.3791070143503563 0
2459494.09 0 0 0 0 0 0 0 0 0 0 0 0 0 0 3.3798386402464744 0
2459494.13 0 0 0 0 0 0 0 0 0 0 0 0 0 0 3.3805702661425925 0
2459494.17 0 0 0 0 0 0 0 0 0 0 0 0 0 0 3.3813018920387106 0
2459494.21 0 0 0 0 0 0 0 0 0 0 0 0 0 0 3.382033517934828 0
2459494.25 0 0 0 0 0 0 0 0 0 0 0 0 0 0 3.3827651438309463 0
2459494.30 0 0 0 0 0 0 0 0 0 0 0 0 0 0 3.3834967697270644 0
2459494.34 0 0 0 0 0 0 0 0 0 0 0 0 0 0 3.3842283956231825 0
2459494.38 0 0 0 0 0 0 0 0 0 0 0 0 0 0 3.3849600215193 0
2459494.42 0 0 0 0 0 0 0 0 0 0 0 0 0 0 3.385691647415418 0
2459494.46 0 0 0 0 0 0 0 0 0 0 0 0 0 0 3.3864232733115363 0
2459494.50 0 0 0 0 0 0 0 0 0 0 0 0 0 0 3.3871548992076543 0
2459494.55 0 0 0 0 0 0 0 0 0 0 0 0 0 0 3.3878865251037724 0
2459494.59 0 0 0 0 0 0 0 0 0 0 0 0 0 0 3.3886181509998896 0
2459494.63 0 0 0 0 0 0 0 0 0 0 0 0 0 0 3.3893497768960077 0
2459494.67 0 0 0 0 0 0 0 0 0 0 0 0 0 0 3.3900814027921253 0
2459494.71 0 0 0 0 0 0 0 0 0 0 0 0 0 0 3.3908130286882434 0
2459494.75 0 0 0 0 0 0 0 0 0 0 0 0 0 0 3.3915446545843615 0
2459494.80 0 0 0 0 0 0 0 0 0 0 0 0 0 0 3.392276280480479 0
2459494.84 0 0 0 0 0 0 0 0 0 0 0 0 0 0 3.393007906376597 0
2459494.88 0 0 0 0 0 0 0 0 0 0 0 0 0 0 3.3937395322727153 0
2459494.92 0 0 0 0 0 0 0 0 0 0 0 0 0 0 3.3944711581688334 0
2459494.96 0 0 0 0 0 0 0 0 0 0 0 0 0 0 3.395202784064951 0
2459495.01 0 0 0 0 0 0 0 0 0 0 0 0 0 0 3.395934409961069 0
2459495.05 0 0 0 0 0 0 0 0 0 0 0 0 0 0 3.396666035857187 0
2459495.09 0 0 0 0 0 0 0 0 0 0 0 0 0 0 3.3973976617533053 0
2459495.13 0 0 0 0 0 0 0 0 0 0 0 0 0 0 3.3981292876494225 0
2459495.17 0 0 0 0 0 0 0 0 0 0 0 0 0 0 3.3988609135455405 0
2459495.21 0 0 0 0 0 0 0 0 0 0 0 0 0 0 3.3995925394416586 0
2459495.26 0 0 0 0 0 0 0 0 0 0 0 0 0 0 3.4003241653377767 0
2459495.30 0 0 0 0 0 0 0 0 0 0 0 0 0 0 3.401055791233895 0
2459495.34 0 0 0 0 0 0 0 0 0 0 0 0 0 0 3.4017874171300124 0
2459495.38 0 0 0 0 0 0 0 0 0 0 0 0 0 0 3.4025190430261305 0
2459495.42 0 0 0 0 0 0 0 0 0 0 0 0 0 0 3.4032506689222486 0
2459495.46 0 0 0 0 0 0 0 0 0 0 0 0 0 0 3.4039822948183667 0
2459495.51 0 0 0 0 0 0 0 0 0 0 0 0 0 0 3.4047139207144843 0
2459495.55 0 0 0 0 0 0 0 0 0 0 0 0 0 0 3.4054455466106024 0
2459495.59 0 0 0 0 0 0 0 0 0 0 0 0 0 0 3.4061771725067205 0
2459495.63 0 0 0 0 0 0 0 0 0 0 0 0 0 0 3.4069087984028386 0
2459495.67 0 0 0 0 0 0 0 0 0 0 0 0 0 0 3.4076404242989566 0
2459495.71 0 0 0 0 0 0 0 0 0 0 0 0 0 0 3.4083720501950743 0
2459495.76 0 0 0 0 0 0 0 0 0 0 0 0 0 0 3.4091036760911924 0
2459495.80 0 0 0 0 0 0 0 0 0 0 0 0 0 0 3.4098353019873096 0
2459495.84 0 0 0 0 0 0 0 0 0 0 0 0 0 0 3.4105669278834276 0
2459495.88 0 0 0 0 0 0 0 0 0 0 0 0 0 0 3.4112985537795457 0
2459495.92 0 0 0 0 0 0 0 0 0 0 0 0 0 0 3.4120301796756634 0
2459495.96 0 0 0 0 0 0 0 0 0 0 0 0 0 0 3.4127618055717814 0
2459496.01 0 0 0 0 0 0 0 0 0 0 0 0 0 0 3.4134934314678995 0
2459496.05 0 0 0 0 0 0 0 0 0 0 0 0 0 0 3.4142250573640176 0
2459496.09 0 0 0 0 0 0 0 0 0 0 0 0 0 0 3.4149566832601352 0
2459496.13 0 0 0 0 0 0 0 0 0 0 0 0 0 0 3.4156883091562533 0
2459496.17 0 0 0 0 0 0 0 0 0 0 0 0 0 0 3.4164199350523714 0
2459496.21 0 0 0 0 0 0 0 0 0 0 0 0 0 0 3.4171515609484895 0
2459496.26 0 0 0 0 0 0 0 0 0 0 0 0 0 0 3.417883186844607 0
2459496.30 0 0 0 0 0 0 0 0 0 0 0 0 0 0 3.418614812740725 0
2459496.34 0 0 0 0 0 0 0 0 0 0 0 0 0 0 3.4193464386368433 0
2459496.38 0 0 0 0 0 0 0 0 0 0 0 0 0 0 3.4200780645329614 0
2459496.42 0 0 0 0 0 0 0 0 0 0 0 0 0 0 3.4208096904290795 0
2459496.46 0 0 0 0 0 0 0 0 0 0 0 0 0 0 3.4215413163251966 0
2459496.51 0 0 0 0 0 0 0 0 0 0 0 0 0 0 3.4222729422213147 0
2459496.55 0 0 0 0 0 0 0 0 0 0 0 0 0 0 3.423004568117433 0
2459496.59 0 0 0 0 0 0 0 0 0 0 0 0 0 0 3.423736194013551 0
2459496.63 0 0 0 0 0 0 0 0 0 0 0 0 0 0 3.4244678199096685 0
2459496.67 0 0 0 0 0 0 0 0 0 0 0 0 0 0 3.4251994458057866 0
2459496.71 0 0 0 0 0 0 0 0 0 0 0 0 0 0 3.4259310717019047 0
2459496.76 0 0 0 0 0 0 0 0 0 0 0 0 0 0 3.4266626975980228 0
2459496.80 0 0 0 0 0 0 0 0 0 0 0 0 0 0 3.427394323494141 0
2459496.84 0 0 0 0 0 0 0 0 0 0 0 0 0 0 3.4281259493902585 0
2459496.88 0 0 0 0 0 0 0 0 0 0 0 0 0 0 3.4288575752863766 0
2459496.92 0 0 0 0 0 0 0 0 0 0 0 0 0 0 3.429589201182494 0
2459496.97 0 0 0 0 0 0 0 0 0 0 0 0 0 0 3.4303208270786123 0
2459497.01 0 0 0 0 0 0 0 0 0 0 0 0 0 0 3.4310524529747304 0
2459497.05 0 0 0 0 0 0 0 0 0 0 0 0 0 0 3.4317840788708476 0
2459497.09 0 0 0 0 0 0 0 0 0 0 0 0 0 0 3.4325157047669657 0
2459497.13 0 0 0 0 0 0 0 0 0 0 0 0 0 0 3.4332473306630837 0
2459497.17 0 0 0 0 0 0 0 0 0 0 0 0 0 0 3.4339789565592014 0
2459497.22 0 0 0 0 0 0 0 0 0 0 0 0 0 0 3.4347105824553195 0
2459497.26 0 0 0 0 0 0 0 0 0 0 0 0 0 0 3.4354422083514375 0
2459497.30 0 0 0 0 0 0 0 0 0 0 0 0 0 0 3.4361738342475556 0
2459497.34 0 0 0 0 0 0 0 0 0 0 0 0 0 0 3.4369054601436737 0
2459497.38 0 0 0 0 0 0 0 0 0 0 0 0 0 0 3.4376370860397913 0
2459497.42 0 0 0 0 0 0 0 0 0 0 0 0 0 0 3.4383687119359094 0
2459497.47 0 0 0 0 0 0 0 0 0 0 0 0 0 0 3.4391003378320275 0
2459497.51 0 0 0 0 0 0 0 0 0 0 0 0 0 0 3.4398319637281456 0
2459497.55 0 0 0 0 0 0 0 0 0 0 0 0 0 0 3.4405635896242637 0
2459497.59 0 0 0 0 0 0 0 0 0 0 0 0 0 0 3.4412952155203813 0
2459497.63 0 0 0 0 0 0 0 0 0 0 0 0 0 0 3.4420268414164994 0
2459497.67 0 0 0 0 0 0 0 0 0 0 0 0 0 0 3.4427584673126175 0
2459497.72 0 0 0 0 0 0 0 0 0 0 0 0 0 0 3.4434900932087356 0
2459497.76 0 0 0 0 0 0 0 0 0 0 0 0 0 0 3.4442217191048528 0
2459497.80 0 0 0 0 0 0 0 0 0 0 0 0 0 0 3.444953345000971 0
2459497.84 0 0 0 0 0 0 0 0 0 0 0 0 0 0 3.445684970897089 0
2459497.88 0 0 0 0 0 0 0 0 0 0 0 0 0 0 3.446416596793207 0
2459497.92 0 0 0 0 0 0 0 0 0 0 0 0 0 0 3.4471482226893246 0
2459497.97 0 0 0 0 0 0 0 0 0 0 0 0 0 0 3.4478798485854427 0
2459498.01 0 0 0 0 0 0 0 0 0 0 0 0 0 0 3.448611474481561 0
2459498.05 0 0 0 0 0 0 0 0 0 0 0 0 0 0 3.4493431003776784 0
2459498.09 0 0 0 0 0 0 0 0 0 0 0 0 0 0 3.4500747262737965 0
2459498.13 0 0 0 0 0 0 0 0 0 0 0 0 0 0 3.4508063521699146 0
2459498.17 0 0 0 0 0 0 0 0 0 0 0 0 0 0 3.4515379780660322 0
2459498.22 0 0 0 0 0 0 0 0 0 0 0 0 0 0 3.4522696039621503 0
2459498.26 0 0 0 0 0 0 0 0 0 0 0 0 0 0 3.4530012298582684 0
2459498.30 0 0 0 0 0 0 0 0 0 0 0 0 0 0 3.4537328557543865 0
2459498.34 0 0 0 0 0 0 0 0 0 0 0 0 0 0 3.4544644816505037 0
2459498.38 0 0 0 0 0 0 0 0 0 0 0 0 0 0 3.4551961075466218 0
2459498.42 0 0 0 0 0 0 0 0 0 0 0 0 0 0 3.45592773344274 0
2459498.47 0 0 0 0 0 0 0 0 0 0 0 0 0 0 3.456659359338858 0
2459498.51 0 0 0 0 0 0 0 0 0 0 0 0 0 0 3.4573909852349756 0
2459498.55 0 0 0 0 0 0 0 0 0 0 0 0 0 0 3.4581226111310936 0
2459498.59 0 0 0 0 0 0 0 0 0 0 0 0 0 0 3.4588542370272117 0
2459498.63 0 0 0 0 0 0 0 0 0 0 0 0 0 0 3.45958586292333 0
2459498.67 0 0 0 0 0 0 0 0 0 0 0 0 0 0 3.4603174888194475 0
2459498.72 0 0 0 0 0 0 0 0 0 0 0 0 0 0 3.4610491147155655 0
2459498.76 0 0 0 0 0 0 0 0 0 0 0 0 0 0 3.4617807406116836 0
2459498.80 0 0 0 0 0 0 0 0 0 0 0 0 0 0 3.4625123665078017 0
2459498.84 0 0 0 0 0 0 0 0 0 0 0 0 0 0 3.46324399240392 0
2459498.88 0 0 0 0 0 0 0 0 0 0 0 0 0 0 3.4639756183000374 0
2459498.92 0 0 0 0 0 0 0 0 0 0 0 0 0 0 3.4647072441961555 0
2459498.97 0 0 0 0 0 0 0 0 0 0 0 0 0 0 3.4654388700922736 0
2459499.01 0 0 0 0 0 0 0 0 0 0 0 0 0 0 3.4661704959883917 0
2459499.05 0 0 0 0 0 0 0 0 0 0 0 0 0 0 3.4669021218845097 0
2459499.09 0 0 0 0 0 0 0 0 0 0 0 0 0 0 3.467633747780627 0
2459499.13 0 0 0 0 0 0 0 0 0 0 0 0 0 0 3.468365373676745 0
2459499.18 0 0 0 0 0 0 0 0 0 0 0 0 0 0 3.4690969995728627 0
2459499.22 0 0 0 0 0 0 0 0 0 0 0 0 0 0 3.4698286254689807 0
2459499.26 0 0 0 0 0 0 0 0 0 0 0 0 0 0 3.470560251365099 0
2459499.30 0 0 0 0 0 0 0 0 0 0 0 0 0 0 3.4712918772612165 0
2459499.34 0 0 0 0 0 0 0 0 0 0 0 0 0 0 3.4720235031573345 0
2459499.38 0 0 0 0 0 0 0 0 0 0 0 0 0 0 3.4727551290534526 0
2459499.43 0 0 0 0 0 0 0 0 0 0 0 0 0 0 3.47348675494957 0
2459499.47 0 0 0 0 0 0 0 0 0 0 0 0 0 0 3.4742183808456883 0
2459499.51 0 0 0 0 0 0 0 0 0 0 0 0 0 0 3.4749500067418064 0
2459499.55 0 0 0 0 0 0 0 0 0 0 0 0 0 0 3.4756816326379245 0
2459499.59 0 0 0 0 0 0 0 0 0 0 0 0 0 0 3.4764132585340426 0
2459499.63 0 0 0 0 0 0 0 0 0 0 0 0 0 0 3.47714488443016 0
2459499.68 0 0 0 0 0 0 0 0 0 0 0 0 0 0 3.477876510326278 0
2459499.72 0 0 0 0 0 0 0 0 0 0 0 0 0 0 3.478608136222396 0
2459499.76 0 0 0 0 0 0 0 0 0 0 0 0 0 0 3.479339762118514 0
2459499.80 0 0 0 0 0 0 0 0 0 0 0 0 0 0 3.4800713880146317 0
2459499.84 0 0 0 0 0 0 0 0 0 0 0 0 0 0 3.4808030139107498 0
2459499.88 0 0 0 0 0 0 0 0 0 0 0 0 0 0 3.481534639806868 0
2459499.93 0 0 0 0 0 0 0 0 0 0 0 0 0 0 3.482266265702986 0
2459499.97 0 0 0 0 0 0 0 0 0 0 0 0 0 0 3.482997891599104 0
2459500.01 0 0 0 0 0 0 0 0 0 0 0 0 0 0 3.4837295174952216 0
2459500.05 0 0 0 0 0 0 0 0 0 0 0 0 0 0 3.4844611433913397 0
2459500.09 0 0 0 0 0 0 0 0 0 0 0 0 0 0 3.485192769287458 0
2459500.13 0 0 0 0 0 0 0 0 0 0 0 0 0 0 3.485924395183576 0
2459500.18 0 0 0 0 0 0 0 0 0 0 0 0 0 0 3.4866560210796935 0
2459500.22 0 0 0 0 0 0 0 0 0 0 0 0 0 0 3.4873876469758116 0
2459500.26 0 0 0 0 0 0 0 0 0 0 0 0 0 0 3.4881192728719297 0
2459500.30 0 0 0 0 0 0 0 0 0 0 0 0 0 0 3.488850898768047 0
2459500.34 0 0 0 0 0 0 0 0 0 0 0 0 0 0 3.489582524664165 0
2459500.38 0 0 0 0 0 0 0 0 0 0 0 0 0 0 3.490314150560283 0
2459500.43 0 0 0 0 0 0 0 0 0 0 0 0 0 0 3.4910457764564007 0
2459500.47 0 0 0 0 0 0 0 0 0 0 0 0 0 0 3.4917774023525188 0
2459500.51 0 0 0 0 0 0 0 0 0 0 0 0 0 0 3.492509028248637 0
2459500.55 0 0 0 0 0 0 0 0 0 0 0 0 0 0 3.4932406541447545 0
2459500.59 0 0 0 0 0 0 0 0 0 0 0 0 0 0 3.4939722800408726 0
2459500.63 0 0 0 0 0 0 0 0 0 0 0 0 0 0 3.4947039059369907 0
2459500.68 0 0 0 0 0 0 0 0 0 0 0 0 0 0 3.4954355318331087 0
2459500.72 0 0 0 0 0 0 0 0 0 0 0 0 0 0 3.496167157729227 0
2459500.76 0 0 0 0 0 0 0 0 0 0 0 0 0 0 3.4968987836253445 0
2459500.80 0 0 0 0 0 0 0 0 0 0 0 0 0 0 3.4976304095214625 0
2459500.84 0 0 0 0 0 0 0 0 0 0 0 0 0 0 3.4983620354175806 0
2459500.88 0 0 0 0 0 0 0 0 0 0 0 0 0 0 3.4990936613136987 0
2459500.93 0 0 0 0 0 0 0 0 0 0 0 0 0 0 3.499825287209816 0
2459500.97 0 0 0 0 0 0 0 0 0 0 0 0 0 0 3.500556913105934 0
2459501.01 0 0 0 0 0 0 0 0 0 0 0 0 0 0 3.501288539002052 0
2459501.05 0 0 0 0 0 0 0 0 0 0 0 0 0 0 3.50202016489817 0
2459501.09 0 0 0 0 0 0 0 0 0 0 0 0 0 0 3.5027517907942882 0
2459501.14 0 0 0 0 0 0 0 0 0 0 0 0 0 0 3.503483416690406 0
2459501.18 0 0 0 0 0 0 0 0 0 0 0 0 0 0 3.504215042586524 0
2459501.22 0 0 0 0 0 0 0 0 0 0 0 0 0 0 3.504946668482642 0
2459501.26 0 0 0 0 0 0 0 0 0 0 0 0 0 0 3.50567829437876 0
2459501.30 0 0 0 0 0 0 0 0 0 0 0 0 0 0 3.5064099202748777 0
2459501.34 0 0 0 0 0 0 0 0 0 0 0 0 0 0 3.507141546170996 0
2459501.39 0 0 0 0 0 0 0 0 0 0 0 0 0 0 3.507873172067114 0
2459501.43 0 0 0 0 0 0 0 0 0 0 0 0 0 0 3.5086047979632315 0
2459501.47 0 0 0 0 0 0 0 0 0 0 0 0 0 0 3.5093364238593496 0
2459501.51 0 0 0 0 0 0 0 0 0 0 0 0 0 0 3.5100680497554677 0
2459501.55 0 0 0 0 0 0 0 0 0 0 0 0 0 0 3.510799675651585 0
2459501.59 0 0 0 0 0 0 0 0 0 0 0 0 0 0 3.511531301547703 0
2459501.64 0 0 0 0 0 0 0 0 0 0 0 0 0 0 3.512262927443821 0
2459501.68 0 0 0 0 0 0 0 0 0 0 0 0 0 0 3.5129945533399387 0
2459501.72 0 0 0 0 0 0 0 0 0 0 0 0 0 0 3.513726179236057 0
2459501.76 0 0 0 0 0 0 0 0 0 0 0 0 0 0 3.514457805132175 0
2459501.80 0 0 0 0 0 0 0 0 0 0 0 0 0 0 3.515189431028293 0
2459501.84 0 0 0 0 0 0 0 0 0 0 0 0 0 0 3.515921056924411 0
2459501.89 0 0 0 0 0 0 0 0 0 0 0 0 0 0 3.5166526828205287 0
2459501.93 0 0 0 0 0 0 0 0 0 0 0 0 0 0 3.5173843087166468 0
2459501.97 0 0 0 0 0 0 0 0 0 0 0 0 0 0 3.518115934612765 0
2459502.01 0 0 0 0 0 0 0 0 0 0 0 0 0 0 3.518847560508883 0
2459502.05 0 0 0 0 0 0 0 0 0 0 0 0 0 0 3.5195791864050006 0
2459502.09 0 0 0 0 0 0 0 0 0 0 0 0 0 0 3.5203108123011186 0
2459502.14 0 0 0 0 0 0 0 0 0 0 0 0 0 0 3.5210424381972367 0
2459502.18 0 0 0 0 0 0 0 0 0 0 0 0 0 0 3.521774064093355 0
2459502.22 0 0 0 0 0 0 0 0 0 0 0 0 0 0 3.522505689989473 0
2459502.26 0 0 0 0 0 0 0 0 0 0 0 0 0 0 3.52323731588559 0
2459502.30 0 0 0 0 0 0 0 0 0 0 0 0 0 0 3.523968941781708 0
2459502.34 0 0 0 0 0 0 0 0 0 0 0 0 0 0 3.5247005676778262 0
2459502.39 0 0 0 0 0 0 0 0 0 0 0 0 0 0 3.5254321935739443 0
2459502.43 0 0 0 0 0 0 0 0 0 0 0 0 0 0 3.526163819470062 0
2459502.47 0 0 0 0 0 0 0 0 0 0 0 0 0 0 3.52689544536618 0
2459502.51 0 0 0 0 0 0 0 0 0 0 0 0 0 0 3.527627071262298 0
2459502.55 0 0 0 0 0 0 0 0 0 0 0 0 0 0 3.5283586971584158 0
2459502.59 0 0 0 0 0 0 0 0 0 0 0 0 0 0 3.529090323054534 0
2459502.64 0 0 0 0 0 0 0 0 0 0 0 0 0 0 3.529821948950652 0
2459502.68 0 0 0 0 0 0 0 0 0 0 0 0 0 0 3.5305535748467696 0
2459502.72 0 0 0 0 0 0 0 0 0 0 0 0 0 0 3.5312852007428877 0
2459502.76 0 0 0 0 0 0 0 0 0 0 0 0 0 0 3.5320168266390057 0
2459502.80 0 0 0 0 0 0 0 0 0 0 0 0 0 0 3.532748452535123 0
2459502.84 0 0 0 0 0 0 0 0 0 0 0 0 0 0 3.533480078431241 0
2459502.89 0 0 0 0 0 0 0 0 0 0 0 0 0 0 3.534211704327359 0
2459502.93 0 0 0 0 0 0 0 0 0 0 0 0 0 0 3.534943330223477 0
2459502.97 0 0 0 0 0 0 0 0 0 0 0 0 0 0 3.535674956119595 0
2459503.01 0 0 0 0 0 0 0 0 0 0 0 0 0 0 3.536406582015713 0
2459503.05 0 0 0 0 0 0 0 0 0 0 0 0 0 0 3.537138207911831 0
2459503.09 0 0 0 0 0 0 0 0 0 0 0 0 0 0 3.537869833807949 0
2459503.14 0 0 0 0 0 0 0 0 0 0 0 0 0 0 3.538601459704067 0
2459503.18 0 0 0 0 0 0 0 0 0 0 0 0 0 0 3.539333085600185 0
2459503.22 0 0 0 0 0 0 0 0 0 0 0 0 0 0 3.540064711496303 0
2459503.26 0 0 0 0 0 0 0 0 0 0 0 0 0 0 3.540796337392421 0
2459503.30 0 0 0 0 0 0 0 0 0 0 0 0 0 0 3.541527963288539 0
2459503.35 0 0 0 0 0 0 0 0 0 0 0 0 0 0 3.5422595891846567 0
2459503.39 0 0 0 0 0 0 0 0 0 0 0 0 0 0 3.5429912150807747 0
2459503.43 0 0 0 0 0 0 0 0 0 0 0 0 0 0 3.543722840976893 0
2459503.47 0 0 0 0 0 0 0 0 0 0 0 0 0 0 3.544454466873011 0
2459503.51 0 0 0 0 0 0 0 0 0 0 0 0 0 0 3.545186092769129 0
2459503.55 0 0 0 0 0 0 0 0 0 0 0 0 0 0 3.545917718665246 0
2459503.60 0 0 0 0 0 0 0 0 0 0 0 0 0 0 3.5466493445613643 0
2459503.64 0 0 0 0 0 0 0 0 0 0 0 0 0 0 3.5473809704574824 0
2459503.68 0 0 0 0 0 0 0 0 0 0 0 0 0 0 3.5481125963536 0
2459503.72 0 0 0 0 0 0 0 0 0 0 0 0 0 0 3.548844222249718 0
2459503.76 0 0 0 0 0 0 0 0 0 0 0 0 0 0 3.549575848145836 0
2459503.80 0 0 0 0 0 0 0 0 0 0 0 0 0 0 3.550307474041954 0
2459503.85 0 0 0 0 0 0 0 0 0 0 0 0 0 0 3.551039099938072 0
2459503.89 0 0 0 0 0 0 0 0 0 0 0 0 0 0 3.55177072583419 0
2459503.93 0 0 0 0 0 0 0 0 0 0 0 0 0 0 3.552502351730307 0
2459503.97 0 0 0 0 0 0 0 0 0 0 0 0 0 0 3.5532339776264257 0
2459504.01 0 0 0 0 0 0 0 0 0 0 0 0 0 0 3.5539656035225438 0
2459504.05 0 0 0 0 0 0 0 0 0 0 0 0 0 0 3.554697229418662 0
2459504.10 0 0 0 0 0 0 0 0 0 0 0 0 0 0 3.555428855314779 0
2459504.14 0 0 0 0 0 0 0 0 0 0 0 0 0 0 3.556160481210897 0
2459504.18 0 0 0 0 0 0 0 0 0 0 0 0 0 0 3.556892107107015 0
2459504.22 0 0 0 0 0 0 0 0 0 0 0 0 0 0 3.5576237330031333 0
2459504.26 0 0 0 0 0 0 0 0 0 0 0 0 0 0 3.5583553588992514 0
2459504.30 0 0 0 0 0 0 0 0 0 0 0 0 0 0 3.559086984795369 0
2459504.35 0 0 0 0 0 0 0 0 0 0 0 0 0 0 3.559818610691487 0
2459504.39 0 0 0 0 0 0 0 0 0 0 0 0 0 0 3.560550236587605 0
2459504.43 0 0 0 0 0 0 0 0 0 0 0 0 0 0 3.5612818624837232 0
2459504.47 0 0 0 0 0 0 0 0 0 0 0 0 0 0 3.562013488379841 0
2459504.51 0 0 0 0 0 0 0 0 0 0 0 0 0 0 3.562745114275959 0
2459504.55 0 0 0 0 0 0 0 0 0 0 0 0 0 0 3.563476740172077 0
2459504.60 0 0 0 0 0 0 0 0 0 0 0 0 0 0 3.564208366068195 0
2459504.64 0 0 0 0 0 0 0 0 0 0 0 0 0 0 3.564939991964313 0
2459504.68 0 0 0 0 0 0 0 0 0 0 0 0 0 0 3.565671617860431 0
2459504.72 0 0 0 0 0 0 0 0 0 0 0 0 0 0 3.566403243756549 0
2459504.76 0 0 0 0 0 0 0 0 0 0 0 0 0 0 3.567134869652667 0
2459504.80 0 0 0 0 0 0 0 0 0 0 0 0 0 0 3.567866495548784 0
2459504.85 0 0 0 0 0 0 0 0 0 0 0 0 0 0 3.5685981214449023 0
2459504.89 0 0 0 0 0 0 0 0 0 0 0 0 0 0 3.56932974734102 0
2459504.93 0 0 0 0 0 0 0 0 0 0 0 0 0 0 3.570061373237138 0
2459504.97 0 0 0 0 0 0 0 0 0 0 0 0 0 0 3.570792999133256 0
2459505.01 0 0 0 0 0 0 0 0 0 0 0 0 0 0 3.5715246250293737 0
2459505.05 0 0 0 0 0 0 0 0 0 0 0 0 0 0 3.572256250925492 0
2459505.10 0 0 0 0 0 0 0 0 0 0 0 0 0 0 3.57298787682161 0
2459505.14 0 0 0 0 0 0 0 0 0 0 0 0 0 0 3.573719502717728 0
2459505.18 0 0 0 0 0 0 0 0 0 0 0 0 0 0 3.574451128613846 0
2459505.22 0 0 0 0 0 0 0 0 0 0 0 0 0 0 3.5751827545099633 0
2459505.26 0 0 0 0 0 0 0 0 0 0 0 0 0 0 3.575914380406082 0
2459505.31 0 0 0 0 0 0 0 0 0 0 0 0 0 0 3.5766460063022 0
2459505.35 0 0 0 0 0 0 0 0 0 0 0 0 0 0 3.577377632198318 0
2459505.39 0 0 0 0 0 0 0 0 0 0 0 0 0 0 3.578109258094436 0
2459505.43 0 0 0 0 0 0 0 0 0 0 0 0 0 0 3.5788408839905532 0
2459505.47 0 0 0 0 0 0 0 0 0 0 0 0 0 0 3.5795725098866713 0
2459505.51 0 0 0 0 0 0 0 0 0 0 0 0 0 0 3.5803041357827894 0
2459505.56 0 0 0 0 0 0 0 0 0 0 0 0 0 0 3.5810357616789075 0
2459505.60 0 0 0 0 0 0 0 0 0 0 0 0 0 0 3.581767387575025 0
2459505.64 0 0 0 0 0 0 0 0 0 0 0 0 0 0 3.582499013471143 0
2459505.68 0 0 0 0 0 0 0 0 0 0 0 0 0 0 3.5832306393672613 0
2459505.72 0 0 0 0 0 0 0 0 0 0 0 0 0 0 3.5839622652633794 0
2459505.76 0 0 0 0 0 0 0 0 0 0 0 0 0 0 3.584693891159497 0
2459505.81 0 0 0 0 0 0 0 0 0 0 0 0 0 0 3.585425517055615 0
2459505.85 0 0 0 0 0 0 0 0 0 0 0 0 0 0 3.586157142951733 0
2459505.89 0 0 0 0 0 0 0 0 0 0 0 0 0 0 3.5868887688478512 0
2459505.93 0 0 0 0 0 0 0 0 0 0 0 0 0 0 3.587620394743969 0
2459505.97 0 0 0 0 0 0 0 0 0 0 0 0 0 0 3.588352020640087 0
2459506.01 0 0 0 0 0 0 0 0 0 0 0 0 0 0 3.589083646536204 0
2459506.06 0 0 0 0 0 0 0 0 0 0 0 0 0 0 3.5898152724323222 0
2459506.10 0 0 0 0 0 0 0 0 0 0 0 0 0 0 3.5905468983284403 0
2459506.14 0 0 0 0 0 0 0 0 0 0 0 0 0 0 3.5912785242245584 0
2459506.18 0 0 0 0 0 0 0 0 0 0 0 0 0 0 3.592010150120676 0
2459506.22 0 0 0 0 0 0 0 0 0 0 0 0 0 0 3.592741776016794 0
2459506.26 0 0 0 0 0 0 0 0 0 0 0 0 0 0 3.593473401912912 0
2459506.31 0 0 0 0 0 0 0 0 0 0 0 0 0 0 3.5942050278090303 0
2459506.35 0 0 0 0 0 0 0 0 0 0 0 0 0 0 3.594936653705148 0
2459506.39 0 0 0 0 0 0 0 0 0 0 0 0 0 0 3.595668279601266 0
2459506.43 0 0 0 0 0 0 0 0 0 0 0 0 0 0 3.596399905497384 0
2459506.47 0 0 0 0 0 0 0 0 0 0 0 0 0 0 3.597131531393502 0
2459506.51 0 0 0 0 0 0 0 0 0 0 0 0 0 0 3.5978631572896194 0
2459506.56 0 0 0 0 0 0 0 0 0 0 0 0 0 0 3.598594783185738 0
2459506.60 0 0 0 0 0 0 0 0 0 0 0 0 0 0 3.599326409081856 0
2459506.64 0 0 0 0 0 0 0 0 0 0 0 0 0 0 3.600058034977974 0
2459506.68 0 0 0 0 0 0 0 0 0 0 0 0 0 0 3.600789660874092 0
2459506.72 0 0 0 0 0 0 0 0 0 0 0 0 0 0 3.6015212867702093 0
2459506.76 0 0 0 0 0 0 0 0 0 0 0 0 0 0 3.6022529126663274 0
2459506.81 0 0 0 0 0 0 0 0 0 0 0 0 0 0 3.6029845385624455 0
2459506.85 0 0 0 0 0 0 0 0 0 0 0 0 0 0 3.6037161644585636 0
2459506.89 0 0 0 0 0 0 0 0 0 0 0 0 0 0 3.6044477903546817 0
2459506.93 0 0 0 0 0 0 0 0 0 0 0 0 0 0 3.6051794162507993 0
2459506.97 0 0 0 0 0 0 0 0 0 0 0 0 0 0 3.6059110421469174 0
2459507.01 0 0 0 0 0 0 0 0 0 0 0 0 0 0 3.6066426680430355 0
2459507.06 0 0 0 0 0 0 0 0 0 0 0 0 0 0 3.607374293939153 0
2459507.10 0 0 0 0 0 0 0 0 0 0 0 0 0 0 3.608105919835271 0
2459507.14 0 0 0 0 0 0 0 0 0 0 0 0 0 0 3.6088375457313884 0
2459507.18 0 0 0 0 0 0 0 0 0 0 0 0 0 0 3.6095691716275065 0
2459507.22 0 0 0 0 0 0 0 0 0 0 0 0 0 0 3.610300797523625 0
2459507.26 0 0 0 0 0 0 0 0 0 0 0 0 0 0 3.611032423419742 0
2459507.31 0 0 0 0 0 0 0 0 0 0 0 0 0 0 3.6117640493158603 0
2459507.35 0 0 0 0 0 0 0 0 0 0 0 0 0 0 3.6124956752119783 0
2459507.39 0 0 0 0 0 0 0 0 0 0 0 0 0 0 3.6132273011080964 0
2459507.43 0 0 0 0 0 0 0 0 0 0 0 0 0 0 3.6139589270042145 0
2459507.47 0 0 0 0 0 0 0 0 0 0 0 0 0 0 3.614690552900332 0
2459507.52 0 0 0 0 0 0 0 0 0 0 0 0 0 0 3.6154221787964502 0
2459507.56 0 0 0 0 0 0 0 0 0 0 0 0 0 0 3.6161538046925683 0
2459507.60 0 0 0 0 0 0 0 0 0 0 0 0 0 0 3.6168854305886864 0
2459507.64 0 0 0 0 0 0 0 0 0 0 0 0 0 0 3.6176170564848045 0
2459507.68 0 0 0 0 0 0 0 0 0 0 0 0 0 0 3.618348682380922 0
2459507.72 0 0 0 0 0 0 0 0 0 0 0 0 0 0 3.61908030827704 0
2459507.77 0 0 0 0 0 0 0 0 0 0 0 0 0 0 3.6198119341731583 0
2459507.81 0 0 0 0 0 0 0 0 0 0 0 0 0 0 3.6205435600692764 0
2459507.85 0 0 0 0 0 0 0 0 0 0 0 0 0 0 3.621275185965394 0
2459507.89 0 0 0 0 0 0 0 0 0 0 0 0 0 0 3.622006811861512 0
2459507.93 0 0 0 0 0 0 0 0 0 0 0 0 0 0 3.62273843775763 0
2459507.97 0 0 0 0 0 0 0 0 0 0 0 0 0 0 3.6234700636537482 0
2459508.02 0 0 0 0 0 0 0 0 0 0 0 0 0 0 3.6242016895498654 0
2459508.06 0 0 0 0 0 0 0 0 0 0 0 0 0 0 3.6249333154459835 0
2459508.10 0 0 0 0 0 0 0 0 0 0 0 0 0 0 3.6256649413421016 0
2459508.14 0 0 0 0 0 0 0 0 0 0 0 0 0 0 3.6263965672382197 0
2459508.18 0 0 0 0 0 0 0 0 0 0 0 0 0 0 3.6271281931343373 0
2459508.22 0 0 0 0 0 0 0 0 0 0 0 0 0 0 3.6278598190304554 0
2459508.27 0 0 0 0 0 0 0 0 0 0 0 0 0 0 3.628591444926573 0
2459508.31 0 0 0 0 0 0 0 0 0 0 0 0 0 0 3.629323070822691 0
2459508.35 0 0 0 0 0 0 0 0 0 0 0 0 0 0 3.630054696718809 0
2459508.39 0 0 0 0 0 0 0 0 0 0 0 0 0 0 3.6307863226149273 0
2459508.43 0 0 0 0 0 0 0 0 0 0 0 0 0 0 3.6315179485110445 0
2459508.47 0 0 0 0 0 0 0 0 0 0 0 0 0 0 3.6322495744071626 0
2459508.52 0 0 0 0 0 0 0 0 0 0 0 0 0 0 3.632981200303281 0
2459508.56 0 0 0 0 0 0 0 0 0 0 0 0 0 0 3.633712826199399 0
2459508.60 0 0 0 0 0 0 0 0 0 0 0 0 0 0 3.6344444520955164 0
2459508.64 0 0 0 0 0 0 0 0 0 0 0 0 0 0 3.6351760779916344 0
2459508.68 0 0 0 0 0 0 0 0 0 0 0 0 0 0 3.6359077038877525 0
2459508.72 0 0 0 0 0 0 0 0 0 0 0 0 0 0 3.6366393297838706 0
2459508.77 0 0 0 0 0 0 0 0 0 0 0 0 0 0 3.6373709556799882 0
2459508.81 0 0 0 0 0 0 0 0 0 0 0 0 0 0 3.6381025815761063 0
2459508.85 0 0 0 0 0 0 0 0 0 0 0 0 0 0 3.6388342074722244 0
2459508.89 0 0 0 0 0 0 0 0 0 0 0 0 0 0 3.6395658333683425 0
2459508.93 0 0 0 0 0 0 0 0 0 0 0 0 0 0 3.6402974592644606 0
2459508.97 0 0 0 0 0 0 0 0 0 0 0 0 0 0 3.641029085160578 0
2459509.02 0 0 0 0 0 0 0 0 0 0 0 0 0 0 3.6417607110566963 0
2459509.06 0 0 0 0 0 0 0 0 0 0 0 0 0 0 3.6424923369528144 0
2459509.10 0 0 0 0 0 0 0 0 0 0 0 0 0 0 3.6432239628489325 0
2459509.14 0 0 0 0 0 0 0 0 0 0 0 0 0 0 3.6439555887450505 0
2459509.18 0 0 0 0 0 0 0 0 0 0 0 0 0 0 3.644687214641168 0
2459509.22 0 0 0 0 0 0 0 0 0 0 0 0 0 0 3.6454188405372863 0
2459509.27 0 0 0 0 0 0 0 0 0 0 0 0 0 0 3.6461504664334043 0
2459509.31 0 0 0 0 0 0 0 0 0 0 0 0 0 0 3.6468820923295215 0
2459509.35 0 0 0 0 0 0 0 0 0 0 0 0 0 0 3.6476137182256396 0
2459509.39 0 0 0 0 0 0 0 0 0 0 0 0 0 0 3.6483453441217573 0
2459509.43 0 0 0 0 0 0 0 0 0 0 0 0 0 0 3.6490769700178753 0
2459509.48 0 0 0 0 0 0 0 0 0 0 0 0 0 0 3.6498085959139934 0
2459509.52 0 0 0 0 0 0 0 0 0 0 0 0 0 0 3.650540221810111 0
2459509.56 0 0 0 0 0 0 0 0 0 0 0 0 0 0 3.651271847706229 0
2459509.60 0 0 0 0 0 0 0 0 0 0 0 0 0 0 3.6520034736023472 0
2459509.64 0 0 0 0 0 0 0 0 0 0 0 0 0 0 3.6527350994984653 0
2459509.68 0 0 0 0 0 0 0 0 0 0 0 0 0 0 3.6534667253945834 0
2459509.73 0 0 0 0 0 0 0 0 0 0 0 0 0 0 3.6541983512907006 0
2459509.77 0 0 0 0 0 0 0 0 0 0 0 0 0 0 3.6549299771868187 0
2459509.81 0 0 0 0 0 0 0 0 0 0 0 0 0 0 3.655661603082937 0
2459509.85 0 0 0 0 0 0 0 0 0 0 0 0 0 0 3.6563932289790553 0
2459509.89 0 0 0 0 0 0 0 0 0 0 0 0 0 0 3.6571248548751734 0
2459509.93 0 0 0 0 0 0 0 0 0 0 0 0 0 0 3.6578564807712906 0
2459509.98 0 0 0 0 0 0 0 0 0 0 0 0 0 0 3.6585881066674086 0
2459510.02 0 0 0 0 0 0 0 0 0 0 0 0 0 0 3.6593197325635267 0
2459510.06 0 0 0 0 0 0 0 0 0 0 0 0 0 0 3.6600513584596444 0
2459510.10 0 0 0 0 0 0 0 0 0 0 0 0 0 0 3.6607829843557624 0
2459510.14 0 0 0 0 0 0 0 0 0 0 0 0 0 0 3.6615146102518805 0
2459510.18 0 0 0 0 0 0 0 0 0 0 0 0 0 0 3.6622462361479986 0
2459510.23 0 0 0 0 0 0 0 0 0 0 0 0 0 0 3.6629778620441167 0
2459510.27 0 0 0 0 0 0 0 0 0 0 0 0 0 0 3.6637094879402343 0
2459510.31 0 0 0 0 0 0 0 0 0 0 0 0 0 0 3.6644411138363524 0
2459510.35 0 0 0 0 0 0 0 0 0 0 0 0 0 0 3.6651727397324705 0
2459510.39 0 0 0 0 0 0 0 0 0 0 0 0 0 0 3.6659043656285886 0
2459510.43 0 0 0 0 0 0 0 0 0 0 0 0 0 0 3.666635991524706 0
2459510.48 0 0 0 0 0 0 0 0 0 0 0 0 0 0 3.6673676174208243 0
2459510.52 0 0 0 0 0 0 0 0 0 0 0 0 0 0 3.6680992433169415 0
2459510.56 0 0 0 0 0 0 0 0 0 0 0 0 0 0 3.6688308692130596 0
2459510.60 0 0 0 0 0 0 0 0 0 0 0 0 0 0 3.6695624951091776 0
2459510.64 0 0 0 0 0 0 0 0 0 0 0 0 0 0 3.6702941210052953 0
2459510.68 0 0 0 0 0 0 0 0 0 0 0 0 0 0 3.6710257469014134 0
2459510.73 0 0 0 0 0 0 0 0 0 0 0 0 0 0 3.6717573727975314 0
2459510.77 0 0 0 0 0 0 0 0 0 0 0 0 0 0 3.6724889986936495 0
2459510.81 0 0 0 0 0 0 0 0 0 0 0 0 0 0 3.673220624589767 0
2459510.85 0 0 0 0 0 0 0 0 0 0 0 0 0 0 3.6739522504858853 0
2459510.89 0 0 0 0 0 0 0 0 0 0 0 0 0 0 3.6746838763820033 0
2459510.93 0 0 0 0 0 0 0 0 0 0 0 0 0 0 3.6754155022781214 0
2459510.98 0 0 0 0 0 0 0 0 0 0 0 0 0 0 3.6761471281742395 0
2459511.02 0 0 0 0 0 0 0 0 0 0 0 0 0 0 3.6768787540703567 0
2459511.06 0 0 0 0 0 0 0 0 0 0 0 0 0 0 3.6776103799664748 0
2459511.10 0 0 0 0 0 0 0 0 0 0 0 0 0 0 3.6783420058625933 0
2459511.14 0 0 0 0 0 0 0 0 0 0 0 0 0 0 3.6790736317587114 0
2459511.18 0 0 0 0 0 0 0 0 0 0 0 0 0 0 3.6798052576548295 0
2459511.23 0 0 0 0 0 0 0 0 0 0 0 0 0 0 3.6805368835509467 0
2459511.27 0 0 0 0 0 0 0 0 0 0 0 0 0 0 3.6812685094470647 0
2459511.31 0 0 0 0 0 0 0 0 0 0 0 0 0 0 3.682000135343183 0
2459511.35 0 0 0 0 0 0 0 0 0 0 0 0 0 0 3.682731761239301 0
2459511.39 0 0 0 0 0 0 0 0 0 0 0 0 0 0 3.6834633871354185 0
2459511.43 0 0 0 0 0 0 0 0 0 0 0 0 0 0 3.6841950130315366 0
2459511.48 0 0 0 0 0 0 0 0 0 0 0 0 0 0 3.6849266389276547 0
2459511.52 0 0 0 0 0 0 0 0 0 0 0 0 0 0 3.685658264823773 0
2459511.56 0 0 0 0 0 0 0 0 0 0 0 0 0 0 3.6863898907198904 0
2459511.60 0 0 0 0 0 0 0 0 0 0 0 0 0 0 3.6871215166160085 0
2459511.64 0 0 0 0 0 0 0 0 0 0 0 0 0 0 3.6878531425121257 0
2459511.69 0 0 0 0 0 0 0 0 0 0 0 0 0 0 3.688584768408244 0
2459511.73 0 0 0 0 0 0 0 0 0 0 0 0 0 0 3.6893163943043623 0
2459511.77 0 0 0 0 0 0 0 0 0 0 0 0 0 0 3.6900480202004795 0
2459511.81 0 0 0 0 0 0 0 0 0 0 0 0 0 0 3.6907796460965976 0
2459511.85 0 0 0 0 0 0 0 0 0 0 0 0 0 0 3.6915112719927157 0
2459511.89 0 0 0 0 0 0 0 0 0 0 0 0 0 0 3.6922428978888338 0
2459511.94 0 0 0 0 0 0 0 0 0 0 0 0 0 0 3.6929745237849514 0
2459511.98 0 0 0 0 0 0 0 0 0 0 0 0 0 0 3.6937061496810695 0
2459512.02 0 0 0 0 0 0 0 0 0 0 0 0 0 0 3.6944377755771876 0
2459512.06 0 0 0 0 0 0 0 0 0 0 0 0 0 0 3.6951694014733056 0
2459512.10 0 0 0 0 0 0 0 0 0 0 0 0 0 0 3.6959010273694237 0
2459512.14 0 0 0 0 0 0 0 0 0 0 0 0 0 0 3.6966326532655414 0
2459512.19 0 0 0 0 0 0 0 0 0 0 0 0 0 0 3.6973642791616594 0
2459512.23 0 0 0 0 0 0 0 0 0 0 0 0 0 0 3.6980959050577775 0
2459512.27 0 0 0 0 0 0 0 0 0 0 0 0 0 0 3.6988275309538956 0
2459512.31 0 0 0 0 0 0 0 0 0 0 0 0 0 0 3.699559156850013 0
2459512.35 0 0 0 0 0 0 0 0 0 0 0 0 0 0 3.700290782746131 0
2459512.39 0 0 0 0 0 0 0 0 0 0 0 0 0 0 3.7010224086422494 0
2459512.44 0 0 0 0 0 0 0 0 0 0 0 0 0 0 3.7017540345383675 0
2459512.48 0 0 0 0 0 0 0 0 0 0 0 0 0 0 3.7024856604344856 0
2459512.52 0 0 0 0 0 0 0 0 0 0 0 0 0 0 3.7032172863306028 0
2459512.56 0 0 0 0 0 0 0 0 0 0 0 0 0 0 3.703948912226721 0
2459512.60 0 0 0 0 0 0 0 0 0 0 0 0 0 0 3.704680538122839 0
2459512.64 0 0 0 0 0 0 0 0 0 0 0 0 0 0 3.705412164018957 0
2459512.69 0 0 0 0 0 0 0 0 0 0 0 0 0 0 3.7061437899150746 0
2459512.73 0 0 0 0 0 0 0 0 0 0 0 0 0 0 3.7068754158111927 0
2459512.77 0 0 0 0 0 0 0 0 0 0 0 0 0 0 3.7076070417073104 0
2459512.81 0 0 0 0 0 0 0 0 0 0 0 0 0 0 3.7083386676034285 0
2459512.85 0 0 0 0 0 0 0 0 0 0 0 0 0 0 3.7090702934995465 0
2459512.89 0 0 0 0 0 0 0 0 0 0 0 0 0 0 3.7098019193956637 0
2459512.94 0 0 0 0 0 0 0 0 0 0 0 0 0 0 3.710533545291782 0
2459512.98 0 0 0 0 0 0 0 0 0 0 0 0 0 0 3.7112651711879 0
2459513.02 0 0 0 0 0 0 0 0 0 0 0 0 0 0 3.7119967970840184 0
2459513.06 0 0 0 0 0 0 0 0 0 0 0 0 0 0 3.7127284229801356 0
2459513.10 0 0 0 0 0 0 0 0 0 0 0 0 0 0 3.7134600488762537 0
2459513.14 0 0 0 0 0 0 0 0 0 0 0 0 0 0 3.7141916747723718 0
2459513.19 0 0 0 0 0 0 0 0 0 0 0 0 0 0 3.71492330066849 0
2459513.23 0 0 0 0 0 0 0 0 0 0 0 0 0 0 3.715654926564608 0
2459513.27 0 0 0 0 0 0 0 0 0 0 0 0 0 0 3.7163865524607256 0
2459513.31 0 0 0 0 0 0 0 0 0 0 0 0 0 0 3.7171181783568437 0
2459513.35 0 0 0 0 0 0 0 0 0 0 0 0 0 0 3.7178498042529617 0
2459513.39 0 0 0 0 0 0 0 0 0 0 0 0 0 0 3.7185814301490794 0
2459513.44 0 0 0 0 0 0 0 0 0 0 0 0 0 0 3.7193130560451975 0
2459513.48 0 0 0 0 0 0 0 0 0 0 0 0 0 0 3.7200446819413155 0
2459513.52 0 0 0 0 0 0 0 0 0 0 0 0 0 0 3.7207763078374336 0
2459513.56 0 0 0 0 0 0 0 0 0 0 0 0 0 0 3.7215079337335517 0
2459513.60 0 0 0 0 0 0 0 0 0 0 0 0 0 0 3.722239559629669 0
2459513.65 0 0 0 0 0 0 0 0 0 0 0 0 0 0 3.722971185525787 0
2459513.69 0 0 0 0 0 0 0 0 0 0 0 0 0 0 3.7237028114219055 0
2459513.73 0 0 0 0 0 0 0 0 0 0 0 0 0 0 3.7244344373180236 0
2459513.77 0 0 0 0 0 0 0 0 0 0 0 0 0 0 3.7251660632141417 0
2459513.81 0 0 0 0 0 0 0 0 0 0 0 0 0 0 3.725897689110259 0
2459513.85 0 0 0 0 0 0 0 0 0 0 0 0 0 0 3.726629315006377 0
2459513.90 0 0 0 0 0 0 0 0 0 0 0 0 0 0 3.7273609409024946 0
2459513.94 0 0 0 0 0 0 0 0 0 0 0 0 0 0 3.7280925667986127 0
2459513.98 0 0 0 0 0 0 0 0 0 0 0 0 0 0 3.7288241926947308 0
2459514.02 0 0 0 0 0 0 0 0 0 0 0 0 0 0 3.7295558185908484 0
2459514.06 0 0 0 0 0 0 0 0 0 0 0 0 0 0 3.7302874444869665 0
2459514.10 0 0 0 0 0 0 0 0 0 0 0 0 0 0 3.7310190703830846 0
2459514.15 0 0 0 0 0 0 0 0 0 0 0 0 0 0 3.7317506962792018 0
2459514.19 0 0 0 0 0 0 0 0 0 0 0 0 0 0 3.73248232217532 0
2459514.23 0 0 0 0 0 0 0 0 0 0 0 0 0 0 3.733213948071438 0
2459514.27 0 0 0 0 0 0 0 0 0 0 0 0 0 0 3.733945573967556 0
2459514.31 0 0 0 0 0 0 0 0 0 0 0 0 0 0 3.7346771998636745 0
2459514.35 0 0 0 0 0 0 0 0 0 0 0 0 0 0 3.7354088257597917 0
2459514.40 0 0 0 0 0 0 0 0 0 0 0 0 0 0 3.73614045165591 0
2459514.44 0 0 0 0 0 0 0 0 0 0 0 0 0 0 3.736872077552028 0
2459514.48 0 0 0 0 0 0 0 0 0 0 0 0 0 0 3.737603703448146 0
2459514.52 0 0 0 0 0 0 0 0 0 0 0 0 0 0 3.738335329344264 0
2459514.56 0 0 0 0 0 0 0 0 0 0 0 0 0 0 3.7390669552403817 0
2459514.60 0 0 0 0 0 0 0 0 0 0 0 0 0 0 3.7397985811364998 0
2459514.65 0 0 0 0 0 0 0 0 0 0 0 0 0 0 3.740530207032618 0
2459514.69 0 0 0 0 0 0 0 0 0 0 0 0 0 0 3.741261832928736 0
2459514.73 0 0 0 0 0 0 0 0 0 0 0 0 0 0 3.741993458824854 0
2459514.77 0 0 0 0 0 0 0 0 0 0 0 0 0 0 3.7427250847209717 0
2459514.81 0 0 0 0 0 0 0 0 0 0 0 0 0 0 3.7434567106170897 0
2459514.85 0 0 0 0 0 0 0 0 0 0 0 0 0 0 3.744188336513208 0
2459514.90 0 0 0 0 0 0 0 0 0 0 0 0 0 0 3.744919962409325 0
2459514.94 0 0 0 0 0 0 0 0 0 0 0 0 0 0 3.745651588305443 0
2459514.98 0 0 0 0 0 0 0 0 0 0 0 0 0 0 3.7463832142015616 0
2459515.02 0 0 0 0 0 0 0 0 0 0 0 0 0 0 3.747114840097679 0
2459515.06 0 0 0 0 0 0 0 0 0 0 0 0 0 0 3.747846465993797 0
2459515.10 0 0 0 0 0 0 0 0 0 0 0 0 0 0 3.748578091889915 0
2459515.15 0 0 0 0 0 0 0 0 0 0 0 0 0 0 3.7493097177860326 0
2459515.19 0 0 0 0 0 0 0 0 0 0 0 0 0 0 3.7500413436821507 0
2459515.23 0 0 0 0 0 0 0 0 0 0 0 0 0 0 3.750772969578269 0
2459515.27 0 0 0 0 0 0 0 0 0 0 0 0 0 0 3.751504595474387 0
2459515.31 0 0 0 0 0 0 0 0 0 0 0 0 0 0 3.7522362213705045 0
2459515.35 0 0 0 0 0 0 0 0 0 0 0 0 0 0 3.7529678472666226 0
2459515.40 0 0 0 0 0 0 0 0 0 0 0 0 0 0 3.7536994731627407 0
2459515.44 0 0 0 0 0 0 0 0 0 0 0 0 0 0 3.7544310990588587 0
2459515.48 0 0 0 0 0 0 0 0 0 0 0 0 0 0 3.755162724954977 0
2459515.52 0 0 0 0 0 0 0 0 0 0 0 0 0 0 3.755894350851094 0
2459515.56 0 0 0 0 0 0 0 0 0 0 0 0 0 0 3.756625976747212 0
2459515.60 0 0 0 0 0 0 0 0 0 0 0 0 0 0 3.7573576026433306 0
2459515.65 0 0 0 0 0 0 0 0 0 0 0 0 0 0 3.758089228539448 0
2459515.69 0 0 0 0 0 0 0 0 0 0 0 0 0 0 3.758820854435566 0
2459515.73 0 0 0 0 0 0 0 0 0 0 0 0 0 0 3.759552480331684 0
2459515.77 0 0 0 0 0 0 0 0 0 0 0 0 0 0 3.760284106227802 0
2459515.81 0 0 0 0 0 0 0 0 0 0 0 0 0 0 3.76101573212392 0
2459515.86 0 0 0 0 0 0 0 0 0 0 0 0 0 0 3.761747358020038 0
2459515.90 0 0 0 0 0 0 0 0 0 0 0 0 0 0 3.762478983916156 0
2459515.94 0 0 0 0 0 0 0 0 0 0 0 0 0 0 3.763210609812274 0
2459515.98 0 0 0 0 0 0 0 0 0 0 0 0 0 0 3.763942235708392 0
2459516.02 0 0 0 0 0 0 0 0 0 0 0 0 0 0 3.76467386160451 0
2459516.06 0 0 0 0 0 0 0 0 0 0 0 0 0 0 3.7654054875006278 0
2459516.11 0 0 0 0 0 0 0 0 0 0 0 0 0 0 3.766137113396746 0
2459516.15 0 0 0 0 0 0 0 0 0 0 0 0 0 0 3.766868739292863 0
2459516.19 0 0 0 0 0 0 0 0 0 0 0 0 0 0 3.767600365188981 0
2459516.23 0 0 0 0 0 0 0 0 0 0 0 0 0 0 3.768331991085099 0
2459516.27 0 0 0 0 0 0 0 0 0 0 0 0 0 0 3.769063616981217 0
2459516.31 0 0 0 0 0 0 0 0 0 0 0 0 0 0 3.769795242877335 0
2459516.36 0 0 0 0 0 0 0 0 0 0 0 0 0 0 3.770526868773453 0
2459516.40 0 0 0 0 0 0 0 0 0 0 0 0 0 0 3.7712584946695706 0
2459516.44 0 0 0 0 0 0 0 0 0 0 0 0 0 0 3.7719901205656887 0
2459516.48 0 0 0 0 0 0 0 0 0 0 0 0 0 0 3.772721746461807 0
2459516.52 0 0 0 0 0 0 0 0 0 0 0 0 0 0 3.773453372357925 0
2459516.56 0 0 0 0 0 0 0 0 0 0 0 0 0 0 3.774184998254043 0
2459516.61 0 0 0 0 0 0 0 0 0 0 0 0 0 0 3.7749166241501606 0
2459516.65 0 0 0 0 0 0 0 0 0 0 0 0 0 0 3.7756482500462787 0
2459516.69 0 0 0 0 0 0 0 0 0 0 0 0 0 0 3.7763798759423968 0
2459516.73 0 0 0 0 0 0 0 0 0 0 0 0 0 0 3.777111501838515 0
2459516.77 0 0 0 0 0 0 0 0 0 0 0 0 0 0 3.777843127734633 0
2459516.81 0 0 0 0 0 0 0 0 0 0 0 0 0 0 3.77857475363075 0
2459516.86 0 0 0 0 0 0 0 0 0 0 0 0 0 0 3.779306379526868 0
2459516.90 0 0 0 0 0 0 0 0 0 0 0 0 0 0 3.7800380054229867 0
2459516.94 0 0 0 0 0 0 0 0 0 0 0 0 0 0 3.780769631319105 0
2459516.98 0 0 0 0 0 0 0 0 0 0 0 0 0 0 3.781501257215223 0
2459517.02 0 0 0 0 0 0 0 0 0 0 0 0 0 0 3.78223288311134 0
2459517.06 0 0 0 0 0 0 0 0 0 0 0 0 0 0 3.782964509007458 0
2459517.11 0 0 0 0 0 0 0 0 0 0 0 0 0 0 3.7836961349035763 0
2459517.15 0 0 0 0 0 0 0 0 0 0 0 0 0 0 3.784427760799694 0
2459517.19 0 0 0 0 0 0 0 0 0 0 0 0 0 0 3.785159386695812 0
2459517.23 0 0 0 0 0 0 0 0 0 0 0 0 0 0 3.78589101259193 0
2459517.27 0 0 0 0 0 0 0 0 0 0 0 0 0 0 3.7866226384880477 0
2459517.31 0 0 0 0 0 0 0 0 0 0 0 0 0 0 3.787354264384166 0
2459517.36 0 0 0 0 0 0 0 0 0 0 0 0 0 0 3.788085890280284 0
2459517.40 0 0 0 0 0 0 0 0 0 0 0 0 0 0 3.788817516176401 0
2459517.44 0 0 0 0 0 0 0 0 0 0 0 0 0 0 3.789549142072519 0
2459517.48 0 0 0 0 0 0 0 0 0 0 0 0 0 0 3.790280767968637 0
2459517.52 0 0 0 0 0 0 0 0 0 0 0 0 0 0 3.7910123938647553 0
2459517.56 0 0 0 0 0 0 0 0 0 0 0 0 0 0 3.791744019760873 0
2459517.61 0 0 0 0 0 0 0 0 0 0 0 0 0 0 3.792475645656991 0
2459517.65 0 0 0 0 0 0 0 0 0 0 0 0 0 0 3.793207271553109 0
2459517.69 0 0 0 0 0 0 0 0 0 0 0 0 0 0 3.793938897449227 0
2459517.73 0 0 0 0 0 0 0 0 0 0 0 0 0 0 3.7946705233453453 0
2459517.77 0 0 0 0 0 0 0 0 0 0 0 0 0 0 3.795402149241463 0
2459517.82 0 0 0 0 0 0 0 0 0 0 0 0 0 0 3.796133775137581 0
2459517.86 0 0 0 0 0 0 0 0 0 0 0 0 0 0 3.796865401033699 0
2459517.90 0 0 0 0 0 0 0 0 0 0 0 0 0 0 3.7975970269298167 0
2459517.94 0 0 0 0 0 0 0 0 0 0 0 0 0 0 3.798328652825935 0
2459517.98 0 0 0 0 0 0 0 0 0 0 0 0 0 0 3.799060278722053 0
2459518.02 0 0 0 0 0 0 0 0 0 0 0 0 0 0 3.799791904618171 0
2459518.07 0 0 0 0 0 0 0 0 0 0 0 0 0 0 3.800523530514289 0
2459518.11 0 0 0 0 0 0 0 0 0 0 0 0 0 0 3.8012551564104062 0
2459518.15 0 0 0 0 0 0 0 0 0 0 0 0 0 0 3.8019867823065243 0
2459518.19 0 0 0 0 0 0 0 0 0 0 0 0 0 0 3.802718408202643 0
2459518.23 0 0 0 0 0 0 0 0 0 0 0 0 0 0 3.803450034098761 0
2459518.27 0 0 0 0 0 0 0 0 0 0 0 0 0 0 3.804181659994879 0
2459518.32 0 0 0 0 0 0 0 0 0 0 0 0 0 0 3.804913285890996 0
2459518.36 0 0 0 0 0 0 0 0 0 0 0 0 0 0 3.8056449117871143 0
2459518.40 0 0 0 0 0 0 0 0 0 0 0 0 0 0 3.806376537683232 0
2459518.44 0 0 0 0 0 0 0 0 0 0 0 0 0 0 3.80710816357935 0
2459518.48 0 0 0 0 0 0 0 0 0 0 0 0 0 0 3.807839789475468 0
2459518.52 0 0 0 0 0 0 0 0 0 0 0 0 0 0 3.8085714153715857 0
2459518.57 0 0 0 0 0 0 0 0 0 0 0 0 0 0 3.809303041267704 0
2459518.61 0 0 0 0 0 0 0 0 0 0 0 0 0 0 3.810034667163822 0
2459518.65 0 0 0 0 0 0 0 0 0 0 0 0 0 0 3.810766293059939 0
2459518.69 0 0 0 0 0 0 0 0 0 0 0 0 0 0 3.811497918956057 0
2459518.73 0 0 0 0 0 0 0 0 0 0 0 0 0 0 3.8122295448521752 0
2459518.77 0 0 0 0 0 0 0 0 0 0 0 0 0 0 3.8129611707482933 0
2459518.82 0 0 0 0 0 0 0 0 0 0 0 0 0 0 3.8136927966444114 0
2459518.86 0 0 0 0 0 0 0 0 0 0 0 0 0 0 3.814424422540529 0
2459518.90 0 0 0 0 0 0 0 0 0 0 0 0 0 0 3.815156048436647 0
2459518.94 0 0 0 0 0 0 0 0 0 0 0 0 0 0 3.815887674332765 0
2459518.98 0 0 0 0 0 0 0 0 0 0 0 0 0 0 3.8166193002288833 0
2459519.02 0 0 0 0 0 0 0 0 0 0 0 0 0 0 3.8173509261250014 0
2459519.07 0 0 0 0 0 0 0 0 0 0 0 0 0 0 3.818082552021119 0
2459519.11 0 0 0 0 0 0 0 0 0 0 0 0 0 0 3.818814177917237 0
2459519.15 0 0 0 0 0 0 0 0 0 0 0 0 0 0 3.819545803813355 0
2459519.19 0 0 0 0 0 0 0 0 0 0 0 0 0 0 3.8202774297094733 0
2459519.23 0 0 0 0 0 0 0 0 0 0 0 0 0 0 3.821009055605591 0
2459519.27 0 0 0 0 0 0 0 0 0 0 0 0 0 0 3.821740681501709 0
2459519.32 0 0 0 0 0 0 0 0 0 0 0 0 0 0 3.822472307397827 0
2459519.36 0 0 0 0 0 0 0 0 0 0 0 0 0 0 3.823203933293945 0
2459519.40 0 0 0 0 0 0 0 0 0 0 0 0 0 0 3.8239355591900623 0
2459519.44 0 0 0 0 0 0 0 0 0 0 0 0 0 0 3.8246671850861804 0
2459519.48 0 0 0 0 0 0 0 0 0 0 0 0 0 0 3.825398810982299 0
2459519.50 0 0 0 0 0 0 0 0 0 0 0 0 0 0 3.825695321976114 0
2459519.54 0 0 0 0 0 0 0 0 0 0 0 0 0 0 3.826426947872232 0
2459519.58 0 0 0 0 0 0 0 0 0 0 0 0 0 0 3.8271585737683496 0
2459519.63 0 0 0 0 0 0 0 0 0 0 0 0 0 0 3.8278901996644676 0
2459519.67 0 0 0 0 0 0 0 0 0 0 0 0 0 0 3.8286218255605857 0
2459519.71 0 0 0 0 0 0 0 0 0 0 0 0 0 0 3.829353451456704 0
2459519.75 0 0 0 0 0 0 0 0 0 0 0 0 0 0 3.8300850773528214 0
2459519.79 0 0 0 0 0 0 0 0 0 0 0 0 0 0 3.8308167032489395 0
2459519.83 0 0 0 0 0 0 0 0 0 0 0 0 0 0 3.8315483291450576 0
2459519.88 0 0 0 0 0 0 0 0 0 0 0 0 0 0 3.8322799550411757 0
2459519.92 0 0 0 0 0 0 0 0 0 0 0 0 0 0 3.8330115809372938 0
2459519.96 0 0 0 0 0 0 0 0 0 0 0 0 0 0 3.833743206833411 0
2459520.00 0 0 0 0 0 0 0 0 0 0 0 0 0 0 3.834474832729529 0
2459520.04 0 0 0 0 0 0 0 0 0 0 0 0 0 0 3.835206458625647 0
2459520.08 0 0 0 0 0 0 0 0 0 0 0 0 0 0 3.835938084521765 0
2459520.13 0 0 0 0 0 0 0 0 0 0 0 0 0 0 3.836669710417883 0
2459520.17 0 0 0 0 0 0 0 0 0 0 0 0 0 0 3.837401336314001 0
2459520.21 0 0 0 0 0 0 0 0 0 0 0 0 0 0 3.838132962210119 0
2459520.25 0 0 0 0 0 0 0 0 0 0 0 0 0 0 3.8388645881062367 0
2459520.29 0 0 0 0 0 0 0 0 0 0 0 0 0 0 3.8395962140023547 0
2459520.33 0 0 0 0 0 0 0 0 0 0 0 0 0 0 3.840327839898472 0
2459520.38 0 0 0 0 0 0 0 0 0 0 0 0 0 0 3.8410594657945905 0
2459520.42 0 0 0 0 0 0 0 0 0 0 0 0 0 0 3.8417910916907085 0
2459520.46 0 0 0 0 0 0 0 0 0 0 0 0 0 0 3.8425227175868266 0
2459520.50 0 0 0 0 0 0 0 0 0 0 0 0 0 0 3.843254343482944 0
2459520.54 0 0 0 0 0 0 0 0 0 0 0 0 0 0 3.843985969379062 0
2459520.58 0 0 0 0 0 0 0 0 0 0 0 0 0 0 3.84471759527518 0
2459520.63 0 0 0 0 0 0 0 0 0 0 0 0 0 0 3.845449221171298 0
2459520.67 0 0 0 0 0 0 0 0 0 0 0 0 0 0 3.846180847067416 0
2459520.71 0 0 0 0 0 0 0 0 0 0 0 0 0 0 3.846912472963534 0
2459520.75 0 0 0 0 0 0 0 0 0 0 0 0 0 0 3.847644098859652 0
2459520.79 0 0 0 0 0 0 0 0 0 0 0 0 0 0 3.84837572475577 0
2459520.83 0 0 0 0 0 0 0 0 0 0 0 0 0 0 3.849107350651888 0
2459520.88 0 0 0 0 0 0 0 0 0 0 0 0 0 0 3.849838976548006 0
2459520.92 0 0 0 0 0 0 0 0 0 0 0 0 0 0 3.8505706024441237 0
2459520.96 0 0 0 0 0 0 0 0 0 0 0 0 0 0 3.851302228340242 0
2459521.00 0 0 0 0 0 0 0 0 0 0 0 0 0 0 3.85203385423636 0
2459521.04 0 0 0 0 0 0 0 0 0 0 0 0 0 0 3.8527654801324775 0
2459521.08 0 0 0 0 0 0 0 0 0 0 0 0 0 0 3.8534971060285956 0
2459521.13 0 0 0 0 0 0 0 0 0 0 0 0 0 0 3.8542287319247137 0
2459521.17 0 0 0 0 0 0 0 0 0 0 0 0 0 0 3.854960357820832 0
2459521.21 0 0 0 0 0 0 0 0 0 0 0 0 0 0 3.85569198371695 0
2459521.25 0 0 0 0 0 0 0 0 0 0 0 0 0 0 3.856423609613067 0
2459521.29 0 0 0 0 0 0 0 0 0 0 0 0 0 0 3.857155235509185 0
2459521.33 0 0 0 0 0 0 0 0 0 0 0 0 0 0 3.8578868614053032 0
2459521.38 0 0 0 0 0 0 0 0 0 0 0 0 0 0 3.858618487301421 0
2459521.42 0 0 0 0 0 0 0 0 0 0 0 0 0 0 3.859350113197539 0
2459521.46 0 0 0 0 0 0 0 0 0 0 0 0 0 0 3.8600817390936566 0
2459521.50 0 0 0 0 0 0 0 0 0 0 0 0 0 0 3.8608133649897747 0
2459521.54 0 0 0 0 0 0 0 0 0 0 0 0 0 0 3.8615449908858928 0
2459521.58 0 0 0 0 0 0 0 0 0 0 0 0 0 0 3.86227661678201 0
2459521.63 0 0 0 0 0 0 0 0 0 0 0 0 0 0 3.863008242678129 0
2459521.67 0 0 0 0 0 0 0 0 0 0 0 0 0 0 3.8637398685742466 0
2459521.71 0 0 0 0 0 0 0 0 0 0 0 0 0 0 3.8644714944703646 0
2459521.75 0 0 0 0 0 0 0 0 0 0 0 0 0 0 3.8652031203664827 0
2459521.79 0 0 0 0 0 0 0 0 0 0 0 0 0 0 3.8659347462626 0
2459521.84 0 0 0 0 0 0 0 0 0 0 0 0 0 0 3.866666372158718 0
2459521.88 0 0 0 0 0 0 0 0 0 0 0 0 0 0 3.867397998054836 0
2459521.92 0 0 0 0 0 0 0 0 0 0 0 0 0 0 3.868129623950954 0
2459521.96 0 0 0 0 0 0 0 0 0 0 0 0 0 0 3.8688612498470722 0
2459522.00 0 0 0 0 0 0 0 0 0 0 0 0 0 0 3.86959287574319 0
2459522.04 0 0 0 0 0 0 0 0 0 0 0 0 0 0 3.870324501639308 0
2459522.09 0 0 0 0 0 0 0 0 0 0 0 0 0 0 3.871056127535426 0
2459522.13 0 0 0 0 0 0 0 0 0 0 0 0 0 0 3.871787753431544 0
2459522.17 0 0 0 0 0 0 0 0 0 0 0 0 0 0 3.872519379327662 0
2459522.21 0 0 0 0 0 0 0 0 0 0 0 0 0 0 3.87325100522378 0
2459522.25 0 0 0 0 0 0 0 0 0 0 0 0 0 0 3.873982631119898 0
2459522.29 0 0 0 0 0 0 0 0 0 0 0 0 0 0 3.874714257016016 0
2459522.34 0 0 0 0 0 0 0 0 0 0 0 0 0 0 3.8754458829121337 0
2459522.38 0 0 0 0 0 0 0 0 0 0 0 0 0 0 3.8761775088082517 0
2459522.42 0 0 0 0 0 0 0 0 0 0 0 0 0 0 3.87690913470437 0
2459522.46 0 0 0 0 0 0 0 0 0 0 0 0 0 0 3.877640760600488 0
2459522.50 0 0 0 0 0 0 0 0 0 0 0 0 0 0 3.878372386496605 0
2459522.54 0 0 0 0 0 0 0 0 0 0 0 0 0 0 3.879104012392723 0
2459522.59 0 0 0 0 0 0 0 0 0 0 0 0 0 0 3.879835638288841 0
2459522.63 0 0 0 0 0 0 0 0 0 0 0 0 0 0 3.880567264184959 0
2459522.67 0 0 0 0 0 0 0 0 0 0 0 0 0 0 3.881298890081077 0
2459522.71 0 0 0 0 0 0 0 0 0 0 0 0 0 0 3.882030515977195 0
2459522.75 0 0 0 0 0 0 0 0 0 0 0 0 0 0 3.8827621418733127 0
2459522.79 0 0 0 0 0 0 0 0 0 0 0 0 0 0 3.883493767769431 0
2459522.84 0 0 0 0 0 0 0 0 0 0 0 0 0 0 3.884225393665549 0
2459522.88 0 0 0 0 0 0 0 0 0 0 0 0 0 0 3.884957019561667 0
2459522.92 0 0 0 0 0 0 0 0 0 0 0 0 0 0 3.885688645457785 0
2459522.96 0 0 0 0 0 0 0 0 0 0 0 0 0 0 3.8864202713539027 0
2459523.00 0 0 0 0 0 0 0 0 0 0 0 0 0 0 3.8871518972500207 0
2459523.04 0 0 0 0 0 0 0 0 0 0 0 0 0 0 3.887883523146139 0
2459523.09 0 0 0 0 0 0 0 0 0 0 0 0 0 0 3.888615149042256 0
2459523.13 0 0 0 0 0 0 0 0 0 0 0 0 0 0 3.889346774938374 0
2459523.17 0 0 0 0 0 0 0 0 0 0 0 0 0 0 3.890078400834492 0
2459523.21 0 0 0 0 0 0 0 0 0 0 0 0 0 0 3.8908100267306103 0
2459523.25 0 0 0 0 0 0 0 0 0 0 0 0 0 0 3.8915416526267284 0
2459523.29 0 0 0 0 0 0 0 0 0 0 0 0 0 0 3.892273278522846 0
2459523.34 0 0 0 0 0 0 0 0 0 0 0 0 0 0 3.893004904418964 0
2459523.38 0 0 0 0 0 0 0 0 0 0 0 0 0 0 3.893736530315082 0
2459523.42 0 0 0 0 0 0 0 0 0 0 0 0 0 0 3.8944681562112002 0
2459523.46 0 0 0 0 0 0 0 0 0 0 0 0 0 0 3.8951997821073183 0
2459523.50 0 0 0 0 0 0 0 0 0 0 0 0 0 0 3.895931408003436 0
2459523.54 0 0 0 0 0 0 0 0 0 0 0 0 0 0 3.896663033899554 0
2459523.59 0 0 0 0 0 0 0 0 0 0 0 0 0 0 3.897394659795672 0
2459523.63 0 0 0 0 0 0 0 0 0 0 0 0 0 0 3.8981262856917898 0
2459523.67 0 0 0 0 0 0 0 0 0 0 0 0 0 0 3.898857911587908 0
2459523.71 0 0 0 0 0 0 0 0 0 0 0 0 0 0 3.899589537484025 0
2459523.75 0 0 0 0 0 0 0 0 0 0 0 0 0 0 3.900321163380143 0
2459523.80 0 0 0 0 0 0 0 0 0 0 0 0 0 0 3.901052789276261 0
2459523.84 0 0 0 0 0 0 0 0 0 0 0 0 0 0 3.901784415172379 0
2459523.88 0 0 0 0 0 0 0 0 0 0 0 0 0 0 3.902516041068497 0
2459523.92 0 0 0 0 0 0 0 0 0 0 0 0 0 0 3.903247666964615 0
2459523.96 0 0 0 0 0 0 0 0 0 0 0 0 0 0 3.903979292860733 0
2459524.00 0 0 0 0 0 0 0 0 0 0 0 0 0 0 3.904710918756851 0
2459524.05 0 0 0 0 0 0 0 0 0 0 0 0 0 0 3.905442544652969 0
2459524.09 0 0 0 0 0 0 0 0 0 0 0 0 0 0 3.906174170549087 0
2459524.13 0 0 0 0 0 0 0 0 0 0 0 0 0 0 3.906905796445205 0
2459524.17 0 0 0 0 0 0 0 0 0 0 0 0 0 0 3.907637422341323 0
2459524.21 0 0 0 0 0 0 0 0 0 0 0 0 0 0 3.908369048237441 0
2459524.25 0 0 0 0 0 0 0 0 0 0 0 0 0 0 3.9091006741335588 0
2459524.30 0 0 0 0 0 0 0 0 0 0 0 0 0 0 3.909832300029677 0
2459524.34 0 0 0 0 0 0 0 0 0 0 0 0 0 0 3.910563925925795 0
2459524.38 0 0 0 0 0 0 0 0 0 0 0 0 0 0 3.911295551821912 0
2459524.42 0 0 0 0 0 0 0 0 0 0 0 0 0 0 3.912027177718031 0
2459524.46 0 0 0 0 0 0 0 0 0 0 0 0 0 0 3.9127588036141483 0
2459524.50 0 0 0 0 0 0 0 0 0 0 0 0 0 0 3.9134904295102664 0
2459524.55 0 0 0 0 0 0 0 0 0 0 0 0 0 0 3.9142220554063845 0
2459524.59 0 0 0 0 0 0 0 0 0 0 0 0 0 0 3.914953681302502 0
2459524.63 0 0 0 0 0 0 0 0 0 0 0 0 0 0 3.91568530719862 0
2459524.67 0 0 0 0 0 0 0 0 0 0 0 0 0 0 3.9164169330947383 0
2459524.71 0 0 0 0 0 0 0 0 0 0 0 0 0 0 3.9171485589908563 0
2459524.75 0 0 0 0 0 0 0 0 0 0 0 0 0 0 3.917880184886974 0
2459524.80 0 0 0 0 0 0 0 0 0 0 0 0 0 0 3.918611810783092 0
2459524.84 0 0 0 0 0 0 0 0 0 0 0 0 0 0 3.9193434366792093 0
2459524.88 0 0 0 0 0 0 0 0 0 0 0 0 0 0 3.920075062575328 0
2459524.92 0 0 0 0 0 0 0 0 0 0 0 0 0 0 3.920806688471446 0
2459524.96 0 0 0 0 0 0 0 0 0 0 0 0 0 0 3.921538314367564 0
2459525.00 0 0 0 0 0 0 0 0 0 0 0 0 0 0 3.922269940263681 0
2459525.05 0 0 0 0 0 0 0 0 0 0 0 0 0 0 3.9230015661597992 0
2459525.09 0 0 0 0 0 0 0 0 0 0 0 0 0 0 3.9237331920559173 0
2459525.13 0 0 0 0 0 0 0 0 0 0 0 0 0 0 3.924464817952035 0
2459525.17 0 0 0 0 0 0 0 0 0 0 0 0 0 0 3.9251964438481535 0
2459525.21 0 0 0 0 0 0 0 0 0 0 0 0 0 0 3.925928069744271 0
2459525.25 0 0 0 0 0 0 0 0 0 0 0 0 0 0 3.926659695640389 0
2459525.30 0 0 0 0 0 0 0 0 0 0 0 0 0 0 3.9273913215365073 0
2459525.34 0 0 0 0 0 0 0 0 0 0 0 0 0 0 3.928122947432625 0
2459525.38 0 0 0 0 0 0 0 0 0 0 0 0 0 0 3.928854573328743 0
2459525.42 0 0 0 0 0 0 0 0 0 0 0 0 0 0 3.929586199224861 0
2459525.46 0 0 0 0 0 0 0 0 0 0 0 0 0 0 3.930317825120979 0
2459525.50 0 0 0 0 0 0 0 0 0 0 0 0 0 0 3.9310494510170972 0
2459525.55 0 0 0 0 0 0 0 0 0 0 0 0 0 0 3.931781076913215 0
2459525.59 0 0 0 0 0 0 0 0 0 0 0 0 0 0 3.932512702809333 0
2459525.63 0 0 0 0 0 0 0 0 0 0 0 0 0 0 3.933244328705451 0
2459525.67 0 0 0 0 0 0 0 0 0 0 0 0 0 0 3.933975954601569 0
2459525.71 0 0 0 0 0 0 0 0 0 0 0 0 0 0 3.934707580497687 0
2459525.75 0 0 0 0 0 0 0 0 0 0 0 0 0 0 3.9354392063938044 0
2459525.80 0 0 0 0 0 0 0 0 0 0 0 0 0 0 3.9361708322899225 0
2459525.84 0 0 0 0 0 0 0 0 0 0 0 0 0 0 3.9369024581860406 0
2459525.88 0 0 0 0 0 0 0 0 0 0 0 0 0 0 3.937634084082158 0
2459525.92 0 0 0 0 0 0 0 0 0 0 0 0 0 0 3.9383657099782763 0
2459525.96 0 0 0 0 0 0 0 0 0 0 0 0 0 0 3.939097335874394 0
2459526.01 0 0 0 0 0 0 0 0 0 0 0 0 0 0 3.939828961770512 0
2459526.05 0 0 0 0 0 0 0 0 0 0 0 0 0 0 3.94056058766663 0
2459526.09 0 0 0 0 0 0 0 0 0 0 0 0 0 0 3.9412922135627473 0
2459526.13 0 0 0 0 0 0 0 0 0 0 0 0 0 0 3.9420238394588654 0
2459526.17 0 0 0 0 0 0 0 0 0 0 0 0 0 0 3.942755465354984 0
2459526.21 0 0 0 0 0 0 0 0 0 0 0 0 0 0 3.943487091251102 0
2459526.26 0 0 0 0 0 0 0 0 0 0 0 0 0 0 3.94421871714722 0
2459526.30 0 0 0 0 0 0 0 0 0 0 0 0 0 0 3.9449503430433372 0
2459526.34 0 0 0 0 0 0 0 0 0 0 0 0 0 0 3.9456819689394553 0
2459526.38 0 0 0 0 0 0 0 0 0 0 0 0 0 0 3.9464135948355734 0
2459526.42 0 0 0 0 0 0 0 0 0 0 0 0 0 0 3.9471452207316915 0
2459526.46 0 0 0 0 0 0 0 0 0 0 0 0 0 0 3.9478768466278096 0
2459526.51 0 0 0 0 0 0 0 0 0 0 0 0 0 0 3.948608472523927 0
2459526.55 0 0 0 0 0 0 0 0 0 0 0 0 0 0 3.9493400984200453 0
2459526.59 0 0 0 0 0 0 0 0 0 0 0 0 0 0 3.9500717243161634 0
2459526.63 0 0 0 0 0 0 0 0 0 0 0 0 0 0 3.950803350212281 0
2459526.67 0 0 0 0 0 0 0 0 0 0 0 0 0 0 3.9515349761083995 0
2459526.71 0 0 0 0 0 0 0 0 0 0 0 0 0 0 3.952266602004517 0
2459526.76 0 0 0 0 0 0 0 0 0 0 0 0 0 0 3.9529982279006353 0
2459526.80 0 0 0 0 0 0 0 0 0 0 0 0 0 0 3.9537298537967533 0
2459526.84 0 0 0 0 0 0 0 0 0 0 0 0 0 0 3.954461479692871 0
2459526.88 0 0 0 0 0 0 0 0 0 0 0 0 0 0 3.955193105588989 0
2459526.92 0 0 0 0 0 0 0 0 0 0 0 0 0 0 3.955924731485107 0
2459526.96 0 0 0 0 0 0 0 0 0 0 0 0 0 0 3.9566563573812252 0
2459527.01 0 0 0 0 0 0 0 0 0 0 0 0 0 0 3.9573879832773424 0
2459527.05 0 0 0 0 0 0 0 0 0 0 0 0 0 0 3.9581196091734605 0
2459527.09 0 0 0 0 0 0 0 0 0 0 0 0 0 0 3.958851235069578 0
2459527.13 0 0 0 0 0 0 0 0 0 0 0 0 0 0 3.9595828609656962 0
2459527.17 0 0 0 0 0 0 0 0 0 0 0 0 0 0 3.9603144868618143 0
2459527.21 0 0 0 0 0 0 0 0 0 0 0 0 0 0 3.9610461127579324 0
2459527.26 0 0 0 0 0 0 0 0 0 0 0 0 0 0 3.96177773865405 0
2459527.30 0 0 0 0 0 0 0 0 0 0 0 0 0 0 3.962509364550168 0
2459527.34 0 0 0 0 0 0 0 0 0 0 0 0 0 0 3.963240990446286 0
2459527.38 0 0 0 0 0 0 0 0 0 0 0 0 0 0 3.9639726163424034 0
2459527.42 0 0 0 0 0 0 0 0 0 0 0 0 0 0 3.9647042422385224 0
2459527.46 0 0 0 0 0 0 0 0 0 0 0 0 0 0 3.96543586813464 0
2459527.51 0 0 0 0 0 0 0 0 0 0 0 0 0 0 3.966167494030758 0
2459527.55 0 0 0 0 0 0 0 0 0 0 0 0 0 0 3.966899119926876 0
2459527.59 0 0 0 0 0 0 0 0 0 0 0 0 0 0 3.9676307458229934 0
2459527.63 0 0 0 0 0 0 0 0 0 0 0 0 0 0 3.9683623717191114 0
2459527.67 0 0 0 0 0 0 0 0 0 0 0 0 0 0 3.9690939976152295 0
2459527.71 0 0 0 0 0 0 0 0 0 0 0 0 0 0 3.9698256235113476 0
2459527.76 0 0 0 0 0 0 0 0 0 0 0 0 0 0 3.9705572494074657 0
2459527.80 0 0 0 0 0 0 0 0 0 0 0 0 0 0 3.9712888753035833 0
2459527.84 0 0 0 0 0 0 0 0 0 0 0 0 0 0 3.9720205011997014 0
2459527.88 0 0 0 0 0 0 0 0 0 0 0 0 0 0 3.9727521270958195 0
2459527.92 0 0 0 0 0 0 0 0 0 0 0 0 0 0 3.9734837529919376 0
2459527.97 0 0 0 0 0 0 0 0 0 0 0 0 0 0 3.9742153788880556 0
2459528.01 0 0 0 0 0 0 0 0 0 0 0 0 0 0 3.9749470047841733 0
2459528.05 0 0 0 0 0 0 0 0 0 0 0 0 0 0 3.9756786306802914 0
2459528.09 0 0 0 0 0 0 0 0 0 0 0 0 0 0 3.9764102565764095 0
2459528.13 0 0 0 0 0 0 0 0 0 0 0 0 0 0 3.977141882472527 0
2459528.17 0 0 0 0 0 0 0 0 0 0 0 0 0 0 3.977873508368645 0
2459528.22 0 0 0 0 0 0 0 0 0 0 0 0 0 0 3.9786051342647624 0
2459528.26 0 0 0 0 0 0 0 0 0 0 0 0 0 0 3.9793367601608804 0
2459528.30 0 0 0 0 0 0 0 0 0 0 0 0 0 0 3.9800683860569985 0
2459528.34 0 0 0 0 0 0 0 0 0 0 0 0 0 0 3.980800011953116 0
2459528.38 0 0 0 0 0 0 0 0 0 0 0 0 0 0 3.9815316378492343 0
2459528.42 0 0 0 0 0 0 0 0 0 0 0 0 0 0 3.9822632637453523 0
2459528.47 0 0 0 0 0 0 0 0 0 0 0 0 0 0 3.9829948896414704 0
2459528.51 0 0 0 0 0 0 0 0 0 0 0 0 0 0 3.9837265155375885 0
2459528.55 0 0 0 0 0 0 0 0 0 0 0 0 0 0 3.984458141433706 0
2459528.59 0 0 0 0 0 0 0 0 0 0 0 0 0 0 3.985189767329824 0
2459528.63 0 0 0 0 0 0 0 0 0 0 0 0 0 0 3.9859213932259423 0
2459528.67 0 0 0 0 0 0 0 0 0 0 0 0 0 0 3.9866530191220604 0
2459528.72 0 0 0 0 0 0 0 0 0 0 0 0 0 0 3.9873846450181785 0
2459528.76 0 0 0 0 0 0 0 0 0 0 0 0 0 0 3.988116270914296 0
2459528.80 0 0 0 0 0 0 0 0 0 0 0 0 0 0 3.988847896810414 0
2459528.84 0 0 0 0 0 0 0 0 0 0 0 0 0 0 3.9895795227065323 0
2459528.88 0 0 0 0 0 0 0 0 0 0 0 0 0 0 3.9903111486026495 0
2459528.92 0 0 0 0 0 0 0 0 0 0 0 0 0 0 3.9910427744987684 0
2459528.97 0 0 0 0 0 0 0 0 0 0 0 0 0 0 3.9917744003948856 0
2459529.01 0 0 0 0 0 0 0 0 0 0 0 0 0 0 3.9925060262910037 0
2459529.05 0 0 0 0 0 0 0 0 0 0 0 0 0 0 3.993237652187122 0
2459529.09 0 0 0 0 0 0 0 0 0 0 0 0 0 0 3.9939692780832394 0
2459529.13 0 0 0 0 0 0 0 0 0 0 0 0 0 0 3.9947009039793575 0
2459529.17 0 0 0 0 0 0 0 0 0 0 0 0 0 0 3.9954325298754756 0
2459529.22 0 0 0 0 0 0 0 0 0 0 0 0 0 0 3.9961641557715937 0
2459529.26 0 0 0 0 0 0 0 0 0 0 0 0 0 0 3.9968957816677113 0
2459529.30 0 0 0 0 0 0 0 0 0 0 0 0 0 0 3.9976274075638294 0
2459529.34 0 0 0 0 0 0 0 0 0 0 0 0 0 0 3.9983590334599466 0
2459529.38 0 0 0 0 0 0 0 0 0 0 0 0 0 0 3.9990906593560647 0
2459529.42 0 0 0 0 0 0 0 0 0 0 0 0 0 0 3.999822285252183 0
2459529.47 0 0 0 0 0 0 0 0 0 0 0 0 0 0 4.000553911148301 0
2459529.51 0 0 0 0 0 0 0 0 0 0 0 0 0 0 4.001285537044419 0
2459529.55 0 0 0 0 0 0 0 0 0 0 0 0 0 0 4.002017162940537 0
2459529.59 0 0 0 0 0 0 0 0 0 0 0 0 0 0 4.002748788836655 0
2459529.63 0 0 0 0 0 0 0 0 0 0 0 0 0 0 4.003480414732772 0
2459529.67 0 0 0 0 0 0 0 0 0 0 0 0 0 0 4.00421204062889 0
2459529.72 0 0 0 0 0 0 0 0 0 0 0 0 0 0 4.004943666525008 0
2459529.76 0 0 0 0 0 0 0 0 0 0 0 0 0 0 4.0056752924211265 0
2459529.80 0 0 0 0 0 0 0 0 0 0 0 0 0 0 4.006406918317245 0
2459529.84 0 0 0 0 0 0 0 0 0 0 0 0 0 0 4.007138544213362 0
2459529.88 0 0 0 0 0 0 0 0 0 0 0 0 0 0 4.00787017010948 0
2459529.92 0 0 0 0 0 0 0 0 0 0 0 0 0 0 4.008601796005598 0
2459529.97 0 0 0 0 0 0 0 0 0 0 0 0 0 0 4.009333421901716 0
2459530.01 0 0 0 0 0 0 0 0 0 0 0 0 0 0 4.010065047797834 0
2459530.05 0 0 0 0 0 0 0 0 0 0 0 0 0 0 4.010796673693952 0
2459530.09 0 0 0 0 0 0 0 0 0 0 0 0 0 0 4.01152829959007 0
2459530.13 0 0 0 0 0 0 0 0 0 0 0 0 0 0 4.012259925486188 0
2459530.18 0 0 0 0 0 0 0 0 0 0 0 0 0 0 4.0129915513823065 0
2459530.22 0 0 0 0 0 0 0 0 0 0 0 0 0 0 4.013723177278424 0
2459530.26 0 0 0 0 0 0 0 0 0 0 0 0 0 0 4.014454803174542 0
2459530.30 0 0 0 0 0 0 0 0 0 0 0 0 0 0 4.01518642907066 0
2459530.34 0 0 0 0 0 0 0 0 0 0 0 0 0 0 4.015918054966778 0
2459530.38 0 0 0 0 0 0 0 0 0 0 0 0 0 0 4.016649680862896 0
2459530.43 0 0 0 0 0 0 0 0 0 0 0 0 0 0 4.017381306759014 0
2459530.47 0 0 0 0 0 0 0 0 0 0 0 0 0 0 4.018112932655131 0
2459530.51 0 0 0 0 0 0 0 0 0 0 0 0 0 0 4.018844558551249 0
2459530.55 0 0 0 0 0 0 0 0 0 0 0 0 0 0 4.019576184447367 0
2459530.59 0 0 0 0 0 0 0 0 0 0 0 0 0 0 4.020307810343485 0
2459530.63 0 0 0 0 0 0 0 0 0 0 0 0 0 0 4.021039436239603 0
2459530.68 0 0 0 0 0 0 0 0 0 0 0 0 0 0 4.021771062135721 0
2459530.72 0 0 0 0 0 0 0 0 0 0 0 0 0 0 4.022502688031839 0
2459530.76 0 0 0 0 0 0 0 0 0 0 0 0 0 0 4.023234313927957 0
2459530.80 0 0 0 0 0 0 0 0 0 0 0 0 0 0 4.023965939824075 0
2459530.84 0 0 0 0 0 0 0 0 0 0 0 0 0 0 4.024697565720193 0
2459530.88 0 0 0 0 0 0 0 0 0 0 0 0 0 0 4.025429191616311 0
2459530.93 0 0 0 0 0 0 0 0 0 0 0 0 0 0 4.026160817512428 0
2459530.97 0 0 0 0 0 0 0 0 0 0 0 0 0 0 4.0268924434085465 0
2459531.01 0 0 0 0 0 0 0 0 0 0 0 0 0 0 4.0276240693046645 0
2459531.05 0 0 0 0 0 0 0 0 0 0 0 0 0 0 4.028355695200783 0
2459531.09 0 0 0 0 0 0 0 0 0 0 0 0 0 0 4.029087321096901 0
2459531.13 0 0 0 0 0 0 0 0 0 0 0 0 0 0 4.029818946993018 0
2459531.18 0 0 0 0 0 0 0 0 0 0 0 0 0 0 4.030550572889136 0
2459531.22 0 0 0 0 0 0 0 0 0 0 0 0 0 0 4.031282198785254 0
2459531.26 0 0 0 0 0 0 0 0 0 0 0 0 0 0 4.032013824681372 0
2459531.30 0 0 0 0 0 0 0 0 0 0 0 0 0 0 4.03274545057749 0
2459531.34 0 0 0 0 0 0 0 0 0 0 0 0 0 0 4.033477076473608 0
2459531.38 0 0 0 0 0 0 0 0 0 0 0 0 0 0 4.034208702369726 0
2459531.43 0 0 0 0 0 0 0 0 0 0 0 0 0 0 4.0349403282658445 0
2459531.47 0 0 0 0 0 0 0 0 0 0 0 0 0 0 4.035671954161963 0
2459531.51 0 0 0 0 0 0 0 0 0 0 0 0 0 0 4.03640358005808 0
2459531.55 0 0 0 0 0 0 0 0 0 0 0 0 0 0 4.037135205954198 0
2459531.59 0 0 0 0 0 0 0 0 0 0 0 0 0 0 4.037866831850315 0
2459531.63 0 0 0 0 0 0 0 0 0 0 0 0 0 0 4.038598457746433 0
2459531.68 0 0 0 0 0 0 0 0 0 0 0 0 0 0 4.039330083642552 0
2459531.72 0 0 0 0 0 0 0 0 0 0 0 0 0 0 4.040061709538669 0
2459531.76 0 0 0 0 0 0 0 0 0 0 0 0 0 0 4.040793335434787 0
2459531.80 0 0 0 0 0 0 0 0 0 0 0 0 0 0 4.041524961330905 0
2459531.84 0 0 0 0 0 0 0 0 0 0 0 0 0 0 4.0422565872270235 0
2459531.88 0 0 0 0 0 0 0 0 0 0 0 0 0 0 4.042988213123141 0
2459531.93 0 0 0 0 0 0 0 0 0 0 0 0 0 0 4.043719839019259 0
2459531.97 0 0 0 0 0 0 0 0 0 0 0 0 0 0 4.044451464915377 0
2459532.01 0 0 0 0 0 0 0 0 0 0 0 0 0 0 4.045183090811495 0
2459532.05 0 0 0 0 0 0 0 0 0 0 0 0 0 0 4.045914716707613 0
2459532.09 0 0 0 0 0 0 0 0 0 0 0 0 0 0 4.046646342603731 0
2459532.14 0 0 0 0 0 0 0 0 0 0 0 0 0 0 4.047377968499849 0
2459532.18 0 0 0 0 0 0 0 0 0 0 0 0 0 0 4.048109594395967 0
2459532.22 0 0 0 0 0 0 0 0 0 0 0 0 0 0 4.048841220292085 0
2459532.26 0 0 0 0 0 0 0 0 0 0 0 0 0 0 4.0495728461882035 0
2459532.30 0 0 0 0 0 0 0 0 0 0 0 0 0 0 4.050304472084321 0
2459532.34 0 0 0 0 0 0 0 0 0 0 0 0 0 0 4.051036097980439 0
2459532.39 0 0 0 0 0 0 0 0 0 0 0 0 0 0 4.051767723876557 0
2459532.43 0 0 0 0 0 0 0 0 0 0 0 0 0 0 4.052499349772674 0
2459532.47 0 0 0 0 0 0 0 0 0 0 0 0 0 0 4.053230975668792 0
2459532.51 0 0 0 0 0 0 0 0 0 0 0 0 0 0 4.05396260156491 0
2459532.55 0 0 0 0 0 0 0 0 0 0 0 0 0 0 4.054694227461028 0
2459532.59 0 0 0 0 0 0 0 0 0 0 0 0 0 0 4.055425853357146 0
2459532.64 0 0 0 0 0 0 0 0 0 0 0 0 0 0 4.056157479253264 0
2459532.68 0 0 0 0 0 0 0 0 0 0 0 0 0 0 4.0568891051493825 0
2459532.72 0 0 0 0 0 0 0 0 0 0 0 0 0 0 4.0576207310455 0
2459532.76 0 0 0 0 0 0 0 0 0 0 0 0 0 0 4.058352356941618 0
2459532.80 0 0 0 0 0 0 0 0 0 0 0 0 0 0 4.059083982837736 0
2459532.84 0 0 0 0 0 0 0 0 0 0 0 0 0 0 4.059815608733853 0
2459532.89 0 0 0 0 0 0 0 0 0 0 0 0 0 0 4.060547234629971 0
2459532.93 0 0 0 0 0 0 0 0 0 0 0 0 0 0 4.061278860526089 0
2459532.97 0 0 0 0 0 0 0 0 0 0 0 0 0 0 4.062010486422208 0
2459533.01 0 0 0 0 0 0 0 0 0 0 0 0 0 0 4.062742112318325 0
2459533.05 0 0 0 0 0 0 0 0 0 0 0 0 0 0 4.0634737382144435 0
2459533.09 0 0 0 0 0 0 0 0 0 0 0 0 0 0 4.0642053641105615 0
2459533.14 0 0 0 0 0 0 0 0 0 0 0 0 0 0 4.06493699000668 0
2459533.18 0 0 0 0 0 0 0 0 0 0 0 0 0 0 4.065668615902797 0
2459533.22 0 0 0 0 0 0 0 0 0 0 0 0 0 0 4.066400241798915 0
2459533.26 0 0 0 0 0 0 0 0 0 0 0 0 0 0 4.067131867695033 0
2459533.30 0 0 0 0 0 0 0 0 0 0 0 0 0 0 4.067863493591151 0
2459533.34 0 0 0 0 0 0 0 0 0 0 0 0 0 0 4.068595119487269 0
2459533.39 0 0 0 0 0 0 0 0 0 0 0 0 0 0 4.069326745383387 0
2459533.43 0 0 0 0 0 0 0 0 0 0 0 0 0 0 4.070058371279505 0
2459533.47 0 0 0 0 0 0 0 0 0 0 0 0 0 0 4.070789997175623 0
2459533.51 0 0 0 0 0 0 0 0 0 0 0 0 0 0 4.0715216230717415 0
2459533.55 0 0 0 0 0 0 0 0 0 0 0 0 0 0 4.07225324896786 0
2459533.59 0 0 0 0 0 0 0 0 0 0 0 0 0 0 4.072984874863977 0
2459533.64 0 0 0 0 0 0 0 0 0 0 0 0 0 0 4.073716500760095 0
2459533.68 0 0 0 0 0 0 0 0 0 0 0 0 0 0 4.074448126656213 0
2459533.72 0 0 0 0 0 0 0 0 0 0 0 0 0 0 4.075179752552331 0
2459533.76 0 0 0 0 0 0 0 0 0 0 0 0 0 0 4.075911378448448 0
2459533.80 0 0 0 0 0 0 0 0 0 0 0 0 0 0 4.076643004344566 0
2459533.84 0 0 0 0 0 0 0 0 0 0 0 0 0 0 4.077374630240684 0
2459533.89 0 0 0 0 0 0 0 0 0 0 0 0 0 0 4.078106256136802 0
2459533.93 0 0 0 0 0 0 0 0 0 0 0 0 0 0 4.0788378820329205 0
2459533.97 0 0 0 0 0 0 0 0 0 0 0 0 0 0 4.079569507929038 0
2459534.01 0 0 0 0 0 0 0 0 0 0 0 0 0 0 4.080301133825156 0
2459534.05 0 0 0 0 0 0 0 0 0 0 0 0 0 0 4.081032759721274 0
2459534.09 0 0 0 0 0 0 0 0 0 0 0 0 0 0 4.081764385617392 0
2459534.14 0 0 0 0 0 0 0 0 0 0 0 0 0 0 4.082496011513509 0
2459534.18 0 0 0 0 0 0 0 0 0 0 0 0 0 0 4.083227637409627 0
2459534.22 0 0 0 0 0 0 0 0 0 0 0 0 0 0 4.083959263305745 0
2459534.26 0 0 0 0 0 0 0 0 0 0 0 0 0 0 4.084690889201864 0
2459534.30 0 0 0 0 0 0 0 0 0 0 0 0 0 0 4.085422515097982 0
2459534.35 0 0 0 0 0 0 0 0 0 0 0 0 0 0 4.0861541409941 0
2459534.39 0 0 0 0 0 0 0 0 0 0 0 0 0 0 4.086885766890218 0
2459534.43 0 0 0 0 0 0 0 0 0 0 0 0 0 0 4.087617392786336 0
2459534.47 0 0 0 0 0 0 0 0 0 0 0 0 0 0 4.088349018682454 0
2459534.51 0 0 0 0 0 0 0 0 0 0 0 0 0 0 4.089080644578571 0
2459534.55 0 0 0 0 0 0 0 0 0 0 0 0 0 0 4.089812270474689 0
2459534.60 0 0 0 0 0 0 0 0 0 0 0 0 0 0 4.090543896370807 0
2459534.64 0 0 0 0 0 0 0 0 0 0 0 0 0 0 4.091275522266925 0
2459534.68 0 0 0 0 0 0 0 0 0 0 0 0 0 0 4.092007148163043 0
2459534.72 0 0 0 0 0 0 0 0 0 0 0 0 0 0 4.092738774059161 0
2459534.76 0 0 0 0 0 0 0 0 0 0 0 0 0 0 4.0934703999552795 0
2459534.80 0 0 0 0 0 0 0 0 0 0 0 0 0 0 4.094202025851398 0
2459534.85 0 0 0 0 0 0 0 0 0 0 0 0 0 0 4.094933651747516 0
2459534.89 0 0 0 0 0 0 0 0 0 0 0 0 0 0 4.095665277643633 0
2459534.93 0 0 0 0 0 0 0 0 0 0 0 0 0 0 4.096396903539751 0
2459534.97 0 0 0 0 0 0 0 0 0 0 0 0 0 0 4.097128529435868 0
2459535.01 0 0 0 0 0 0 0 0 0 0 0 0 0 0 4.097860155331986 0
2459535.05 0 0 0 0 0 0 0 0 0 0 0 0 0 0 4.098591781228104 0
2459535.10 0 0 0 0 0 0 0 0 0 0 0 0 0 0 4.099323407124222 0
2459535.14 0 0 0 0 0 0 0 0 0 0 0 0 0 0 4.1000550330203405 0
2459535.18 0 0 0 0 0 0 0 0 0 0 0 0 0 0 4.1007866589164585 0
2459535.22 0 0 0 0 0 0 0 0 0 0 0 0 0 0 4.101518284812576 0
2459535.26 0 0 0 0 0 0 0 0 0 0 0 0 0 0 4.102249910708695 0
2459535.30 0 0 0 0 0 0 0 0 0 0 0 0 0 0 4.102981536604812 0
2459535.35 0 0 0 0 0 0 0 0 0 0 0 0 0 0 4.10371316250093 0
2459535.39 0 0 0 0 0 0 0 0 0 0 0 0 0 0 4.104444788397048 0
2459535.43 0 0 0 0 0 0 0 0 0 0 0 0 0 0 4.105176414293165 0
2459535.47 0 0 0 0 0 0 0 0 0 0 0 0 0 0 4.105908040189283 0
2459535.51 0 0 0 0 0 0 0 0 0 0 0 0 0 0 4.106639666085401 0
2459535.55 0 0 0 0 0 0 0 0 0 0 0 0 0 0 4.10737129198152 0
2459535.60 0 0 0 0 0 0 0 0 0 0 0 0 0 0 4.1081029178776385 0
2459535.64 0 0 0 0 0 0 0 0 0 0 0 0 0 0 4.108834543773756 0
2459535.68 0 0 0 0 0 0 0 0 0 0 0 0 0 0 4.109566169669874 0
2459535.72 0 0 0 0 0 0 0 0 0 0 0 0 0 0 4.110297795565992 0
2459535.76 0 0 0 0 0 0 0 0 0 0 0 0 0 0 4.111029421462109 0
2459535.80 0 0 0 0 0 0 0 0 0 0 0 0 0 0 4.111761047358228 0
2459535.85 0 0 0 0 0 0 0 0 0 0 0 0 0 0 4.112492673254345 0
2459535.89 0 0 0 0 0 0 0 0 0 0 0 0 0 0 4.113224299150463 0
2459535.93 0 0 0 0 0 0 0 0 0 0 0 0 0 0 4.113955925046581 0
2459535.97 0 0 0 0 0 0 0 0 0 0 0 0 0 0 4.1146875509426994 0
2459536.01 0 0 0 0 0 0 0 0 0 0 0 0 0 0 4.1154191768388175 0
2459536.05 0 0 0 0 0 0 0 0 0 0 0 0 0 0 4.116150802734936 0
2459536.10 0 0 0 0 0 0 0 0 0 0 0 0 0 0 4.116882428631053 0
2459536.14 0 0 0 0 0 0 0 0 0 0 0 0 0 0 4.117614054527171 0
2459536.18 0 0 0 0 0 0 0 0 0 0 0 0 0 0 4.118345680423289 0
2459536.22 0 0 0 0 0 0 0 0 0 0 0 0 0 0 4.119077306319406 0
2459536.26 0 0 0 0 0 0 0 0 0 0 0 0 0 0 4.119808932215524 0
2459536.31 0 0 0 0 0 0 0 0 0 0 0 0 0 0 4.120540558111642 0
2459536.35 0 0 0 0 0 0 0 0 0 0 0 0 0 0 4.12127218400776 0
2459536.39 0 0 0 0 0 0 0 0 0 0 0 0 0 0 4.1220038099038785 0
2459536.43 0 0 0 0 0 0 0 0 0 0 0 0 0 0 4.122735435799997 0
2459536.47 0 0 0 0 0 0 0 0 0 0 0 0 0 0 4.123467061696115 0
2459536.51 0 0 0 0 0 0 0 0 0 0 0 0 0 0 4.124198687592233 0
2459536.56 0 0 0 0 0 0 0 0 0 0 0 0 0 0 4.124930313488351 0
2459536.60 0 0 0 0 0 0 0 0 0 0 0 0 0 0 4.125661939384468 0
2459536.64 0 0 0 0 0 0 0 0 0 0 0 0 0 0 4.126393565280586 0
2459536.68 0 0 0 0 0 0 0 0 0 0 0 0 0 0 4.127125191176704 0
2459536.72 0 0 0 0 0 0 0 0 0 0 0 0 0 0 4.127856817072821 0
2459536.76 0 0 0 0 0 0 0 0 0 0 0 0 0 0 4.12858844296894 0
2459536.81 0 0 0 0 0 0 0 0 0 0 0 0 0 0 4.1293200688650575 0
2459536.85 0 0 0 0 0 0 0 0 0 0 0 0 0 0 4.1300516947611765 0
2459536.89 0 0 0 0 0 0 0 0 0 0 0 0 0 0 4.130783320657295 0
2459536.93 0 0 0 0 0 0 0 0 0 0 0 0 0 0 4.131514946553412 0
2459536.97 0 0 0 0 0 0 0 0 0 0 0 0 0 0 4.13224657244953 0
2459537.01 0 0 0 0 0 0 0 0 0 0 0 0 0 0 4.132978198345648 0
2459537.06 0 0 0 0 0 0 0 0 0 0 0 0 0 0 4.133709824241766 0
2459537.10 0 0 0 0 0 0 0 0 0 0 0 0 0 0 4.134441450137883 0
2459537.14 0 0 0 0 0 0 0 0 0 0 0 0 0 0 4.135173076034001 0
2459537.18 0 0 0 0 0 0 0 0 0 0 0 0 0 0 4.135904701930119 0
2459537.22 0 0 0 0 0 0 0 0 0 0 0 0 0 0 4.1366363278262375 0
2459537.26 0 0 0 0 0 0 0 0 0 0 0 0 0 0 4.1373679537223556 0
2459537.31 0 0 0 0 0 0 0 0 0 0 0 0 0 0 4.138099579618474 0
2459537.35 0 0 0 0 0 0 0 0 0 0 0 0 0 0 4.138831205514591 0
2459537.39 0 0 0 0 0 0 0 0 0 0 0 0 0 0 4.139562831410709 0
2459537.43 0 0 0 0 0 0 0 0 0 0 0 0 0 0 4.140294457306827 0
2459537.47 0 0 0 0 0 0 0 0 0 0 0 0 0 0 4.141026083202944 0
2459537.51 0 0 0 0 0 0 0 0 0 0 0 0 0 0 4.141757709099062 0
2459537.56 0 0 0 0 0 0 0 0 0 0 0 0 0 0 4.14248933499518 0
2459537.60 0 0 0 0 0 0 0 0 0 0 0 0 0 0 4.143220960891298 0
2459537.64 0 0 0 0 0 0 0 0 0 0 0 0 0 0 4.1439525867874165 0
2459537.68 0 0 0 0 0 0 0 0 0 0 0 0 0 0 4.144684212683535 0
2459537.72 0 0 0 0 0 0 0 0 0 0 0 0 0 0 4.145415838579653 0
2459537.76 0 0 0 0 0 0 0 0 0 0 0 0 0 0 4.146147464475771 0
2459537.81 0 0 0 0 0 0 0 0 0 0 0 0 0 0 4.146879090371889 0
2459537.85 0 0 0 0 0 0 0 0 0 0 0 0 0 0 4.147610716268006 0
2459537.89 0 0 0 0 0 0 0 0 0 0 0 0 0 0 4.148342342164124 0
2459537.93 0 0 0 0 0 0 0 0 0 0 0 0 0 0 4.149073968060242 0
2459537.97 0 0 0 0 0 0 0 0 0 0 0 0 0 0 4.14980559395636 0
2459538.01 0 0 0 0 0 0 0 0 0 0 0 0 0 0 4.150537219852478 0
2459538.06 0 0 0 0 0 0 0 0 0 0 0 0 0 0 4.1512688457485964 0
2459538.10 0 0 0 0 0 0 0 0 0 0 0 0 0 0 4.152000471644714 0
2459538.14 0 0 0 0 0 0 0 0 0 0 0 0 0 0 4.152732097540833 0
2459538.18 0 0 0 0 0 0 0 0 0 0 0 0 0 0 4.153463723436951 0
2459538.22 0 0 0 0 0 0 0 0 0 0 0 0 0 0 4.154195349333068 0
2459538.26 0 0 0 0 0 0 0 0 0 0 0 0 0 0 4.154926975229186 0
2459538.31 0 0 0 0 0 0 0 0 0 0 0 0 0 0 4.155658601125304 0
2459538.35 0 0 0 0 0 0 0 0 0 0 0 0 0 0 4.156390227021421 0
2459538.39 0 0 0 0 0 0 0 0 0 0 0 0 0 0 4.157121852917539 0
2459538.43 0 0 0 0 0 0 0 0 0 0 0 0 0 0 4.157853478813657 0
2459538.47 0 0 0 0 0 0 0 0 0 0 0 0 0 0 4.1585851047097755 0
2459538.52 0 0 0 0 0 0 0 0 0 0 0 0 0 0 4.159316730605894 0
2459538.56 0 0 0 0 0 0 0 0 0 0 0 0 0 0 4.160048356502012 0
2459538.60 0 0 0 0 0 0 0 0 0 0 0 0 0 0 4.16077998239813 0
2459538.64 0 0 0 0 0 0 0 0 0 0 0 0 0 0 4.161511608294247 0
2459538.68 0 0 0 0 0 0 0 0 0 0 0 0 0 0 4.162243234190365 0
2459538.72 0 0 0 0 0 0 0 0 0 0 0 0 0 0 4.162974860086483 0
2459538.77 0 0 0 0 0 0 0 0 0 0 0 0 0 0 4.1637064859826 0
2459538.81 0 0 0 0 0 0 0 0 0 0 0 0 0 0 4.164438111878718 0
2459538.85 0 0 0 0 0 0 0 0 0 0 0 0 0 0 4.1651697377748365 0
2459538.89 0 0 0 0 0 0 0 0 0 0 0 0 0 0 4.1659013636709545 0
2459538.93 0 0 0 0 0 0 0 0 0 0 0 0 0 0 4.166632989567073 0
2459538.97 0 0 0 0 0 0 0 0 0 0 0 0 0 0 4.167364615463191 0
2459539.02 0 0 0 0 0 0 0 0 0 0 0 0 0 0 4.168096241359309 0
2459539.06 0 0 0 0 0 0 0 0 0 0 0 0 0 0 4.168827867255427 0
2459539.10 0 0 0 0 0 0 0 0 0 0 0 0 0 0 4.169559493151545 0
2459539.14 0 0 0 0 0 0 0 0 0 0 0 0 0 0 4.170291119047663 0
2459539.18 0 0 0 0 0 0 0 0 0 0 0 0 0 0 4.17102274494378 0
2459539.22 0 0 0 0 0 0 0 0 0 0 0 0 0 0 4.171754370839898 0
2459539.27 0 0 0 0 0 0 0 0 0 0 0 0 0 0 4.172485996736016 0
2459539.31 0 0 0 0 0 0 0 0 0 0 0 0 0 0 4.1732176226321345 0
2459539.35 0 0 0 0 0 0 0 0 0 0 0 0 0 0 4.173949248528252 0
2459539.39 0 0 0 0 0 0 0 0 0 0 0 0 0 0 4.17468087442437 0
2459539.43 0 0 0 0 0 0 0 0 0 0 0 0 0 0 4.175412500320489 0
2459539.47 0 0 0 0 0 0 0 0 0 0 0 0 0 0 4.176144126216606 0
2459539.52 0 0 0 0 0 0 0 0 0 0 0 0 0 0 4.176875752112724 0
2459539.56 0 0 0 0 0 0 0 0 0 0 0 0 0 0 4.177607378008841 0
2459539.60 0 0 0 0 0 0 0 0 0 0 0 0 0 0 4.178339003904959 0
2459539.64 0 0 0 0 0 0 0 0 0 0 0 0 0 0 4.179070629801077 0
2459539.68 0 0 0 0 0 0 0 0 0 0 0 0 0 0 4.179802255697195 0
2459539.72 0 0 0 0 0 0 0 0 0 0 0 0 0 0 4.1805338815933135 0
2459539.77 0 0 0 0 0 0 0 0 0 0 0 0 0 0 4.181265507489432 0
2459539.81 0 0 0 0 0 0 0 0 0 0 0 0 0 0 4.18199713338555 0
2459539.85 0 0 0 0 0 0 0 0 0 0 0 0 0 0 4.182728759281668 0
2459539.89 0 0 0 0 0 0 0 0 0 0 0 0 0 0 4.183460385177786 0
2459539.93 0 0 0 0 0 0 0 0 0 0 0 0 0 0 4.184192011073903 0
2459539.97 0 0 0 0 0 0 0 0 0 0 0 0 0 0 4.184923636970021 0
2459540.02 0 0 0 0 0 0 0 0 0 0 0 0 0 0 4.185655262866139 0
2459540.06 0 0 0 0 0 0 0 0 0 0 0 0 0 0 4.186386888762257 0
2459540.10 0 0 0 0 0 0 0 0 0 0 0 0 0 0 4.187118514658375 0
2459540.14 0 0 0 0 0 0 0 0 0 0 0 0 0 0 4.187850140554493 0
2459540.18 0 0 0 0 0 0 0 0 0 0 0 0 0 0 4.188581766450611 0
2459540.22 0 0 0 0 0 0 0 0 0 0 0 0 0 0 4.189313392346729 0
2459540.27 0 0 0 0 0 0 0 0 0 0 0 0 0 0 4.190045018242847 0
2459540.31 0 0 0 0 0 0 0 0 0 0 0 0 0 0 4.190776644138965 0
2459540.35 0 0 0 0 0 0 0 0 0 0 0 0 0 0 4.191508270035083 0
2459540.39 0 0 0 0 0 0 0 0 0 0 0 0 0 0 4.192239895931201 0
2459540.43 0 0 0 0 0 0 0 0 0 0 0 0 0 0 4.192971521827319 0
2459540.48 0 0 0 0 0 0 0 0 0 0 0 0 0 0 4.193703147723436 0
2459540.52 0 0 0 0 0 0 0 0 0 0 0 0 0 0 4.194434773619554 0
2459540.56 0 0 0 0 0 0 0 0 0 0 0 0 0 0 4.1951663995156725 0
2459540.60 0 0 0 0 0 0 0 0 0 0 0 0 0 0 4.19589802541179 0
2459540.64 0 0 0 0 0 0 0 0 0 0 0 0 0 0 4.196629651307908 0
2459540.68 0 0 0 0 0 0 0 0 0 0 0 0 0 0 4.197361277204026 0
2459540.73 0 0 0 0 0 0 0 0 0 0 0 0 0 0 4.198092903100144 0
2459540.77 0 0 0 0 0 0 0 0 0 0 0 0 0 0 4.198824528996262 0
2459540.81 0 0 0 0 0 0 0 0 0 0 0 0 0 0 4.199556154892379 0
2459540.85 0 0 0 0 0 0 0 0 0 0 0 0 0 0 4.200287780788497 0
2459540.89 0 0 0 0 0 0 0 0 0 0 0 0 0 0 4.201019406684615 0
2459540.93 0 0 0 0 0 0 0 0 0 0 0 0 0 0 4.2017510325807335 0
2459540.98 0 0 0 0 0 0 0 0 0 0 0 0 0 0 4.2024826584768515 0
2459541.02 0 0 0 0 0 0 0 0 0 0 0 0 0 0 4.20321428437297 0
2459541.06 0 0 0 0 0 0 0 0 0 0 0 0 0 0 4.203945910269088 0
2459541.10 0 0 0 0 0 0 0 0 0 0 0 0 0 0 4.204677536165206 0
2459541.14 0 0 0 0 0 0 0 0 0 0 0 0 0 0 4.205409162061324 0
2459541.18 0 0 0 0 0 0 0 0 0 0 0 0 0 0 4.206140787957442 0
2459541.23 0 0 0 0 0 0 0 0 0 0 0 0 0 0 4.206872413853559 0
2459541.27 0 0 0 0 0 0 0 0 0 0 0 0 0 0 4.207604039749677 0
2459541.31 0 0 0 0 0 0 0 0 0 0 0 0 0 0 4.208335665645795 0
2459541.35 0 0 0 0 0 0 0 0 0 0 0 0 0 0 4.209067291541913 0
2459541.39 0 0 0 0 0 0 0 0 0 0 0 0 0 0 4.2097989174380315 0
2459541.43 0 0 0 0 0 0 0 0 0 0 0 0 0 0 4.210530543334149 0
2459541.48 0 0 0 0 0 0 0 0 0 0 0 0 0 0 4.211262169230267 0
2459541.52 0 0 0 0 0 0 0 0 0 0 0 0 0 0 4.211993795126385 0
2459541.56 0 0 0 0 0 0 0 0 0 0 0 0 0 0 4.212725421022503 0
2459541.60 0 0 0 0 0 0 0 0 0 0 0 0 0 0 4.213457046918621 0
2459541.64 0 0 0 0 0 0 0 0 0 0 0 0 0 0 4.214188672814739 0
2459541.68 0 0 0 0 0 0 0 0 0 0 0 0 0 0 4.214920298710857 0
2459541.73 0 0 0 0 0 0 0 0 0 0 0 0 0 0 4.215651924606974 0
2459541.77 0 0 0 0 0 0 0 0 0 0 0 0 0 0 4.216383550503092 0
2459541.81 0 0 0 0 0 0 0 0 0 0 0 0 0 0 4.21711517639921 0
2459541.85 0 0 0 0 0 0 0 0 0 0 0 0 0 0 4.217846802295328 0
2459541.89 0 0 0 0 0 0 0 0 0 0 0 0 0 0 4.218578428191446 0
2459541.93 0 0 0 0 0 0 0 0 0 0 0 0 0 0 4.219310054087564 0
2459541.98 0 0 0 0 0 0 0 0 0 0 0 0 0 0 4.220041679983682 0
2459542.02 0 0 0 0 0 0 0 0 0 0 0 0 0 0 4.2207733058798 0
2459542.06 0 0 0 0 0 0 0 0 0 0 0 0 0 0 4.221504931775918 0
2459542.10 0 0 0 0 0 0 0 0 0 0 0 0 0 0 4.222236557672035 0
2459542.14 0 0 0 0 0 0 0 0 0 0 0 0 0 0 4.222968183568154 0
2459542.18 0 0 0 0 0 0 0 0 0 0 0 0 0 0 4.2236998094642715 0
2459542.23 0 0 0 0 0 0 0 0 0 0 0 0 0 0 4.22443143536039 0
2459542.27 0 0 0 0 0 0 0 0 0 0 0 0 0 0 4.225163061256508 0
2459542.31 0 0 0 0 0 0 0 0 0 0 0 0 0 0 4.225894687152626 0
2459542.35 0 0 0 0 0 0 0 0 0 0 0 0 0 0 4.226626313048744 0
2459542.39 0 0 0 0 0 0 0 0 0 0 0 0 0 0 4.227357938944862 0
2459542.43 0 0 0 0 0 0 0 0 0 0 0 0 0 0 4.22808956484098 0
2459542.48 0 0 0 0 0 0 0 0 0 0 0 0 0 0 4.228821190737098 0
2459542.52 0 0 0 0 0 0 0 0 0 0 0 0 0 0 4.229552816633216 0
2459542.56 0 0 0 0 0 0 0 0 0 0 0 0 0 0 4.230284442529333 0
2459542.60 0 0 0 0 0 0 0 0 0 0 0 0 0 0 4.231016068425451 0
2459542.64 0 0 0 0 0 0 0 0 0 0 0 0 0 0 4.2317476943215695 0
2459542.69 0 0 0 0 0 0 0 0 0 0 0 0 0 0 4.232479320217688 0
2459542.73 0 0 0 0 0 0 0 0 0 0 0 0 0 0 4.233210946113805 0
2459542.77 0 0 0 0 0 0 0 0 0 0 0 0 0 0 4.233942572009923 0
2459542.81 0 0 0 0 0 0 0 0 0 0 0 0 0 0 4.234674197906041 0
2459542.85 0 0 0 0 0 0 0 0 0 0 0 0 0 0 4.235405823802159 0
2459542.89 0 0 0 0 0 0 0 0 0 0 0 0 0 0 4.236137449698277 0
2459542.94 0 0 0 0 0 0 0 0 0 0 0 0 0 0 4.236869075594394 0
2459542.98 0 0 0 0 0 0 0 0 0 0 0 0 0 0 4.237600701490512 0
2459543.02 0 0 0 0 0 0 0 0 0 0 0 0 0 0 4.2383323273866305 0
2459543.06 0 0 0 0 0 0 0 0 0 0 0 0 0 0 4.239063953282748 0
2459543.10 0 0 0 0 0 0 0 0 0 0 0 0 0 0 4.239795579178867 0
2459543.14 0 0 0 0 0 0 0 0 0 0 0 0 0 0 4.240527205074984 0
2459543.19 0 0 0 0 0 0 0 0 0 0 0 0 0 0 4.241258830971102 0
2459543.23 0 0 0 0 0 0 0 0 0 0 0 0 0 0 4.24199045686722 0
2459543.27 0 0 0 0 0 0 0 0 0 0 0 0 0 0 4.242722082763338 0
2459543.31 0 0 0 0 0 0 0 0 0 0 0 0 0 0 4.243453708659456 0
2459543.35 0 0 0 0 0 0 0 0 0 0 0 0 0 0 4.244185334555574 0
2459543.39 0 0 0 0 0 0 0 0 0 0 0 0 0 0 4.244916960451692 0
2459543.44 0 0 0 0 0 0 0 0 0 0 0 0 0 0 4.24564858634781 0
2459543.48 0 0 0 0 0 0 0 0 0 0 0 0 0 0 4.246380212243928 0
2459543.52 0 0 0 0 0 0 0 0 0 0 0 0 0 0 4.247111838140046 0
2459543.56 0 0 0 0 0 0 0 0 0 0 0 0 0 0 4.247843464036164 0
2459543.60 0 0 0 0 0 0 0 0 0 0 0 0 0 0 4.248575089932282 0
2459543.64 0 0 0 0 0 0 0 0 0 0 0 0 0 0 4.2493067158284 0
2459543.69 0 0 0 0 0 0 0 0 0 0 0 0 0 0 4.250038341724518 0
2459543.73 0 0 0 0 0 0 0 0 0 0 0 0 0 0 4.250769967620636 0
2459543.77 0 0 0 0 0 0 0 0 0 0 0 0 0 0 4.251501593516754 0
2459543.81 0 0 0 0 0 0 0 0 0 0 0 0 0 0 4.252233219412871 0
2459543.85 0 0 0 0 0 0 0 0 0 0 0 0 0 0 4.252964845308989 0
2459543.89 0 0 0 0 0 0 0 0 0 0 0 0 0 0 4.2536964712051075 0
2459543.94 0 0 0 0 0 0 0 0 0 0 0 0 0 0 4.254428097101226 0
2459543.98 0 0 0 0 0 0 0 0 0 0 0 0 0 0 4.255159722997343 0
2459544.02 0 0 0 0 0 0 0 0 0 0 0 0 0 0 4.255891348893461 0
2459544.06 0 0 0 0 0 0 0 0 0 0 0 0 0 0 4.256622974789579 0
2459544.10 0 0 0 0 0 0 0 0 0 0 0 0 0 0 4.257354600685697 0
2459544.14 0 0 0 0 0 0 0 0 0 0 0 0 0 0 4.258086226581815 0
2459544.19 0 0 0 0 0 0 0 0 0 0 0 0 0 0 4.258817852477933 0
2459544.23 0 0 0 0 0 0 0 0 0 0 0 0 0 0 4.25954947837405 0
2459544.27 0 0 0 0 0 0 0 0 0 0 0 0 0 0 4.2602811042701685 0
2459544.31 0 0 0 0 0 0 0 0 0 0 0 0 0 0 4.261012730166287 0
2459544.35 0 0 0 0 0 0 0 0 0 0 0 0 0 0 4.261744356062405 0
2459544.39 0 0 0 0 0 0 0 0 0 0 0 0 0 0 4.262475981958522 0
2459544.44 0 0 0 0 0 0 0 0 0 0 0 0 0 0 4.26320760785464 0
2459544.48 0 0 0 0 0 0 0 0 0 0 0 0 0 0 4.263939233750758 0
2459544.52 0 0 0 0 0 0 0 0 0 0 0 0 0 0 4.264670859646876 0
2459544.56 0 0 0 0 0 0 0 0 0 0 0 0 0 0 4.265402485542994 0
2459544.60 0 0 0 0 0 0 0 0 0 0 0 0 0 0 4.266134111439113 0
2459544.65 0 0 0 0 0 0 0 0 0 0 0 0 0 0 4.26686573733523 0
2459544.69 0 0 0 0 0 0 0 0 0 0 0 0 0 0 4.267597363231348 0
2459544.73 0 0 0 0 0 0 0 0 0 0 0 0 0 0 4.2683289891274665 0
2459544.77 0 0 0 0 0 0 0 0 0 0 0 0 0 0 4.269060615023584 0
2459544.81 0 0 0 0 0 0 0 0 0 0 0 0 0 0 4.269792240919702 0
2459544.85 0 0 0 0 0 0 0 0 0 0 0 0 0 0 4.27052386681582 0
2459544.90 0 0 0 0 0 0 0 0 0 0 0 0 0 0 4.271255492711938 0
2459544.94 0 0 0 0 0 0 0 0 0 0 0 0 0 0 4.271987118608056 0
2459544.98 0 0 0 0 0 0 0 0 0 0 0 0 0 0 4.272718744504174 0
2459545.02 0 0 0 0 0 0 0 0 0 0 0 0 0 0 4.273450370400292 0
2459545.06 0 0 0 0 0 0 0 0 0 0 0 0 0 0 4.27418199629641 0
2459545.10 0 0 0 0 0 0 0 0 0 0 0 0 0 0 4.2749136221925275 0
2459545.15 0 0 0 0 0 0 0 0 0 0 0 0 0 0 4.2756452480886455 0
2459545.19 0 0 0 0 0 0 0 0 0 0 0 0 0 0 4.276376873984763 0
2459545.23 0 0 0 0 0 0 0 0 0 0 0 0 0 0 4.277108499880881 0
2459545.27 0 0 0 0 0 0 0 0 0 0 0 0 0 0 4.277840125776999 0
2459545.31 0 0 0 0 0 0 0 0 0 0 0 0 0 0 4.278571751673117 0
2459545.35 0 0 0 0 0 0 0 0 0 0 0 0 0 0 4.279303377569235 0
2459545.40 0 0 0 0 0 0 0 0 0 0 0 0 0 0 4.280035003465353 0
2459545.44 0 0 0 0 0 0 0 0 0 0 0 0 0 0 4.280766629361471 0
2459545.48 0 0 0 0 0 0 0 0 0 0 0 0 0 0 4.281498255257589 0
2459545.52 0 0 0 0 0 0 0 0 0 0 0 0 0 0 4.2822298811537065 0
2459545.56 0 0 0 0 0 0 0 0 0 0 0 0 0 0 4.282961507049825 0
2459545.60 0 0 0 0 0 0 0 0 0 0 0 0 0 0 4.283693132945943 0
2459545.65 0 0 0 0 0 0 0 0 0 0 0 0 0 0 4.28442475884206 0
2459545.69 0 0 0 0 0 0 0 0 0 0 0 0 0 0 4.285156384738179 0
2459545.73 0 0 0 0 0 0 0 0 0 0 0 0 0 0 4.285888010634296 0
2459545.77 0 0 0 0 0 0 0 0 0 0 0 0 0 0 4.286619636530414 0
2459545.81 0 0 0 0 0 0 0 0 0 0 0 0 0 0 4.287351262426532 0
2459545.85 0 0 0 0 0 0 0 0 0 0 0 0 0 0 4.28808288832265 0
2459545.90 0 0 0 0 0 0 0 0 0 0 0 0 0 0 4.288814514218768 0
2459545.94 0 0 0 0 0 0 0 0 0 0 0 0 0 0 4.289546140114886 0
2459545.98 0 0 0 0 0 0 0 0 0 0 0 0 0 0 4.2902777660110045 0
2459546.02 0 0 0 0 0 0 0 0 0 0 0 0 0 0 4.291009391907123 0
2459546.06 0 0 0 0 0 0 0 0 0 0 0 0 0 0 4.29174101780324 0
2459546.10 0 0 0 0 0 0 0 0 0 0 0 0 0 0 4.292472643699358 0
2459546.15 0 0 0 0 0 0 0 0 0 0 0 0 0 0 4.293204269595476 0
2459546.19 0 0 0 0 0 0 0 0 0 0 0 0 0 0 4.293935895491594 0
2459546.23 0 0 0 0 0 0 0 0 0 0 0 0 0 0 4.294667521387712 0
2459546.27 0 0 0 0 0 0 0 0 0 0 0 0 0 0 4.29539914728383 0
2459546.31 0 0 0 0 0 0 0 0 0 0 0 0 0 0 4.296130773179947 0
2459546.35 0 0 0 0 0 0 0 0 0 0 0 0 0 0 4.2968623990760655 0
2459546.40 0 0 0 0 0 0 0 0 0 0 0 0 0 0 4.297594024972184 0
2459546.44 0 0 0 0 0 0 0 0 0 0 0 0 0 0 4.298325650868302 0
2459546.48 0 0 0 0 0 0 0 0 0 0 0 0 0 0 4.299057276764419 0
2459546.52 0 0 0 0 0 0 0 0 0 0 0 0 0 0 4.299788902660537 0
2459546.56 0 0 0 0 0 0 0 0 0 0 0 0 0 0 4.300520528556655 0
2459546.60 0 0 0 0 0 0 0 0 0 0 0 0 0 0 4.301252154452773 0
2459546.65 0 0 0 0 0 0 0 0 0 0 0 0 0 0 4.301983780348891 0
2459546.69 0 0 0 0 0 0 0 0 0 0 0 0 0 0 4.302715406245009 0
2459546.73 0 0 0 0 0 0 0 0 0 0 0 0 0 0 4.303447032141127 0
2459546.77 0 0 0 0 0 0 0 0 0 0 0 0 0 0 4.304178658037245 0
2459546.81 0 0 0 0 0 0 0 0 0 0 0 0 0 0 4.304910283933363 0
2459546.86 0 0 0 0 0 0 0 0 0 0 0 0 0 0 4.305641909829481 0
2459546.90 0 0 0 0 0 0 0 0 0 0 0 0 0 0 4.306373535725599 0
2459546.94 0 0 0 0 0 0 0 0 0 0 0 0 0 0 4.307105161621717 0
2459546.98 0 0 0 0 0 0 0 0 0 0 0 0 0 0 4.307836787517835 0
2459547.02 0 0 0 0 0 0 0 0 0 0 0 0 0 0 4.308568413413952 0
2459547.06 0 0 0 0 0 0 0 0 0 0 0 0 0 0 4.30930003931007 0
2459547.11 0 0 0 0 0 0 0 0 0 0 0 0 0 0 4.310031665206188 0
2459547.15 0 0 0 0 0 0 0 0 0 0 0 0 0 0 4.310763291102306 0
2459547.19 0 0 0 0 0 0 0 0 0 0 0 0 0 0 4.311494916998425 0
2459547.23 0 0 0 0 0 0 0 0 0 0 0 0 0 0 4.3122265428945425 0
2459547.27 0 0 0 0 0 0 0 0 0 0 0 0 0 0 4.312958168790661 0
2459547.31 0 0 0 0 0 0 0 0 0 0 0 0 0 0 4.313689794686779 0
2459547.36 0 0 0 0 0 0 0 0 0 0 0 0 0 0 4.314421420582896 0
2459547.40 0 0 0 0 0 0 0 0 0 0 0 0 0 0 4.315153046479014 0
2459547.44 0 0 0 0 0 0 0 0 0 0 0 0 0 0 4.315884672375132 0
2459547.48 0 0 0 0 0 0 0 0 0 0 0 0 0 0 4.31661629827125 0
2459547.52 0 0 0 0 0 0 0 0 0 0 0 0 0 0 4.317347924167368 0
2459547.56 0 0 0 0 0 0 0 0 0 0 0 0 0 0 4.318079550063485 0
2459547.61 0 0 0 0 0 0 0 0 0 0 0 0 0 0 4.3188111759596035 0
2459547.65 0 0 0 0 0 0 0 0 0 0 0 0 0 0 4.319542801855722 0
2459547.69 0 0 0 0 0 0 0 0 0 0 0 0 0 0 4.32027442775184 0
2459547.73 0 0 0 0 0 0 0 0 0 0 0 0 0 0 4.321006053647958 0
2459547.77 0 0 0 0 0 0 0 0 0 0 0 0 0 0 4.321737679544075 0
2459547.81 0 0 0 0 0 0 0 0 0 0 0 0 0 0 4.322469305440193 0
2459547.86 0 0 0 0 0 0 0 0 0 0 0 0 0 0 4.323200931336311 0
2459547.90 0 0 0 0 0 0 0 0 0 0 0 0 0 0 4.323932557232429 0
2459547.94 0 0 0 0 0 0 0 0 0 0 0 0 0 0 4.324664183128547 0
2459547.98 0 0 0 0 0 0 0 0 0 0 0 0 0 0 4.325395809024665 0
2459548.02 0 0 0 0 0 0 0 0 0 0 0 0 0 0 4.326127434920783 0
2459548.06 0 0 0 0 0 0 0 0 0 0 0 0 0 0 4.3268590608169015 0
2459548.11 0 0 0 0 0 0 0 0 0 0 0 0 0 0 4.327590686713019 0
2459548.15 0 0 0 0 0 0 0 0 0 0 0 0 0 0 4.328322312609138 0
2459548.19 0 0 0 0 0 0 0 0 0 0 0 0 0 0 4.329053938505255 0
2459548.23 0 0 0 0 0 0 0 0 0 0 0 0 0 0 4.329785564401373 0
2459548.27 0 0 0 0 0 0 0 0 0 0 0 0 0 0 4.330517190297491 0
2459548.31 0 0 0 0 0 0 0 0 0 0 0 0 0 0 4.331248816193608 0
2459548.36 0 0 0 0 0 0 0 0 0 0 0 0 0 0 4.331980442089726 0
2459548.40 0 0 0 0 0 0 0 0 0 0 0 0 0 0 4.332712067985844 0
2459548.44 0 0 0 0 0 0 0 0 0 0 0 0 0 0 4.3334436938819625 0
2459548.48 0 0 0 0 0 0 0 0 0 0 0 0 0 0 4.334175319778081 0
2459548.52 0 0 0 0 0 0 0 0 0 0 0 0 0 0 4.334906945674199 0
2459548.56 0 0 0 0 0 0 0 0 0 0 0 0 0 0 4.335638571570316 0
2459548.61 0 0 0 0 0 0 0 0 0 0 0 0 0 0 4.336370197466434 0
2459548.65 0 0 0 0 0 0 0 0 0 0 0 0 0 0 4.337101823362552 0
2459548.69 0 0 0 0 0 0 0 0 0 0 0 0 0 0 4.33783344925867 0
2459548.73 0 0 0 0 0 0 0 0 0 0 0 0 0 0 4.338565075154788 0
2459548.77 0 0 0 0 0 0 0 0 0 0 0 0 0 0 4.339296701050906 0
2459548.82 0 0 0 0 0 0 0 0 0 0 0 0 0 0 4.340028326947024 0
2459548.86 0 0 0 0 0 0 0 0 0 0 0 0 0 0 4.3407599528431415 0
2459548.90 0 0 0 0 0 0 0 0 0 0 0 0 0 0 4.34149157873926 0
2459548.94 0 0 0 0 0 0 0 0 0 0 0 0 0 0 4.342223204635378 0
2459548.98 0 0 0 0 0 0 0 0 0 0 0 0 0 0 4.342954830531496 0
2459549.02 0 0 0 0 0 0 0 0 0 0 0 0 0 0 4.343686456427614 0
2459549.07 0 0 0 0 0 0 0 0 0 0 0 0 0 0 4.344418082323731 0
2459549.11 0 0 0 0 0 0 0 0 0 0 0 0 0 0 4.345149708219849 0
2459549.15 0 0 0 0 0 0 0 0 0 0 0 0 0 0 4.345881334115967 0
2459549.19 0 0 0 0 0 0 0 0 0 0 0 0 0 0 4.346612960012085 0
2459549.23 0 0 0 0 0 0 0 0 0 0 0 0 0 0 4.347344585908203 0
2459549.27 0 0 0 0 0 0 0 0 0 0 0 0 0 0 4.3480762118043215 0
2459549.32 0 0 0 0 0 0 0 0 0 0 0 0 0 0 4.3488078377004395 0
2459549.36 0 0 0 0 0 0 0 0 0 0 0 0 0 0 4.349539463596558 0
2459549.40 0 0 0 0 0 0 0 0 0 0 0 0 0 0 4.350271089492676 0
2459549.44 0 0 0 0 0 0 0 0 0 0 0 0 0 0 4.351002715388794 0
2459549.48 0 0 0 0 0 0 0 0 0 0 0 0 0 0 4.351734341284911 0
2459549.50 0 0 0 0 0 0 0 0 0 0 0 0 0 0 4.3520448882433165 0
2459549.54 0 0 0 0 0 0 0 0 0 0 0 0 0 0 4.352776514139435 0
2459549.58 0 0 0 0 0 0 0 0 0 0 0 0 0 0 4.353508140035553 0
2459549.63 0 0 0 0 0 0 0 0 0 0 0 0 0 0 4.354239765931671 0
2459549.67 0 0 0 0 0 0 0 0 0 0 0 0 0 0 4.354971391827789 0
2459549.71 0 0 0 0 0 0 0 0 0 0 0 0 0 0 4.355703017723907 0
2459549.75 0 0 0 0 0 0 0 0 0 0 0 0 0 0 4.356434643620025 0
2459549.79 0 0 0 0 0 0 0 0 0 0 0 0 0 0 4.357166269516143 0
2459549.83 0 0 0 0 0 0 0 0 0 0 0 0 0 0 4.35789789541226 0
2459549.88 0 0 0 0 0 0 0 0 0 0 0 0 0 0 4.358629521308378 0
2459549.92 0 0 0 0 0 0 0 0 0 0 0 0 0 0 4.3593611472044955 0
2459549.96 0 0 0 0 0 0 0 0 0 0 0 0 0 0 4.360092773100614 0
2459550.00 0 0 0 0 0 0 0 0 0 0 0 0 0 0 4.360824398996732 0
2459550.04 0 0 0 0 0 0 0 0 0 0 0 0 0 0 4.36155602489285 0
2459550.08 0 0 0 0 0 0 0 0 0 0 0 0 0 0 4.362287650788968 0
2459550.13 0 0 0 0 0 0 0 0 0 0 0 0 0 0 4.363019276685086 0
2459550.17 0 0 0 0 0 0 0 0 0 0 0 0 0 0 4.363750902581204 0
2459550.21 0 0 0 0 0 0 0 0 0 0 0 0 0 0 4.364482528477321 0
2459550.25 0 0 0 0 0 0 0 0 0 0 0 0 0 0 4.365214154373439 0
2459550.29 0 0 0 0 0 0 0 0 0 0 0 0 0 0 4.365945780269557 0
2459550.33 0 0 0 0 0 0 0 0 0 0 0 0 0 0 4.3666774061656755 0
2459550.38 0 0 0 0 0 0 0 0 0 0 0 0 0 0 4.3674090320617935 0
2459550.42 0 0 0 0 0 0 0 0 0 0 0 0 0 0 4.368140657957911 0
2459550.46 0 0 0 0 0 0 0 0 0 0 0 0 0 0 4.36887228385403 0
2459550.50 0 0 0 0 0 0 0 0 0 0 0 0 0 0 4.369603909750148 0
2459550.54 0 0 0 0 0 0 0 0 0 0 0 0 0 0 4.370335535646265 0
2459550.58 0 0 0 0 0 0 0 0 0 0 0 0 0 0 4.371067161542383 0
2459550.63 0 0 0 0 0 0 0 0 0 0 0 0 0 0 4.371798787438501 0
2459550.67 0 0 0 0 0 0 0 0 0 0 0 0 0 0 4.372530413334619 0
2459550.71 0 0 0 0 0 0 0 0 0 0 0 0 0 0 4.373262039230737 0
2459550.75 0 0 0 0 0 0 0 0 0 0 0 0 0 0 4.373993665126855 0
2459550.79 0 0 0 0 0 0 0 0 0 0 0 0 0 0 4.374725291022973 0
2459550.83 0 0 0 0 0 0 0 0 0 0 0 0 0 0 4.375456916919091 0
2459550.88 0 0 0 0 0 0 0 0 0 0 0 0 0 0 4.376188542815209 0
2459550.92 0 0 0 0 0 0 0 0 0 0 0 0 0 0 4.376920168711327 0
2459550.96 0 0 0 0 0 0 0 0 0 0 0 0 0 0 4.377651794607445 0
2459551.00 0 0 0 0 0 0 0 0 0 0 0 0 0 0 4.378383420503563 0
2459551.04 0 0 0 0 0 0 0 0 0 0 0 0 0 0 4.37911504639968 0
2459551.08 0 0 0 0 0 0 0 0 0 0 0 0 0 0 4.379846672295798 0
2459551.13 0 0 0 0 0 0 0 0 0 0 0 0 0 0 4.380578298191916 0
2459551.17 0 0 0 0 0 0 0 0 0 0 0 0 0 0 4.3813099240880335 0
2459551.21 0 0 0 0 0 0 0 0 0 0 0 0 0 0 4.382041549984152 0
2459551.25 0 0 0 0 0 0 0 0 0 0 0 0 0 0 4.38277317588027 0
2459551.29 0 0 0 0 0 0 0 0 0 0 0 0 0 0 4.383504801776388 0
2459551.33 0 0 0 0 0 0 0 0 0 0 0 0 0 0 4.384236427672506 0
2459551.38 0 0 0 0 0 0 0 0 0 0 0 0 0 0 4.384968053568624 0
2459551.42 0 0 0 0 0 0 0 0 0 0 0 0 0 0 4.385699679464742 0
2459551.46 0 0 0 0 0 0 0 0 0 0 0 0 0 0 4.38643130536086 0
2459551.50 0 0 0 0 0 0 0 0 0 0 0 0 0 0 4.387162931256977 0
2459551.54 0 0 0 0 0 0 0 0 0 0 0 0 0 0 4.387894557153095 0
2459551.58 0 0 0 0 0 0 0 0 0 0 0 0 0 0 4.3886261830492135 0
2459551.63 0 0 0 0 0 0 0 0 0 0 0 0 0 0 4.389357808945332 0
2459551.67 0 0 0 0 0 0 0 0 0 0 0 0 0 0 4.39008943484145 0
2459551.71 0 0 0 0 0 0 0 0 0 0 0 0 0 0 4.390821060737567 0
2459551.75 0 0 0 0 0 0 0 0 0 0 0 0 0 0 4.391552686633686 0
2459551.79 0 0 0 0 0 0 0 0 0 0 0 0 0 0 4.392284312529804 0
2459551.84 0 0 0 0 0 0 0 0 0 0 0 0 0 0 4.393015938425922 0
2459551.88 0 0 0 0 0 0 0 0 0 0 0 0 0 0 4.39374756432204 0
2459551.92 0 0 0 0 0 0 0 0 0 0 0 0 0 0 4.394479190218157 0
2459551.96 0 0 0 0 0 0 0 0 0 0 0 0 0 0 4.395210816114275 0
2459552.00 0 0 0 0 0 0 0 0 0 0 0 0 0 0 4.395942442010393 0
2459552.04 0 0 0 0 0 0 0 0 0 0 0 0 0 0 4.396674067906511 0
2459552.09 0 0 0 0 0 0 0 0 0 0 0 0 0 0 4.397405693802629 0
2459552.13 0 0 0 0 0 0 0 0 0 0 0 0 0 0 4.398137319698747 0
2459552.17 0 0 0 0 0 0 0 0 0 0 0 0 0 0 4.398868945594865 0
2459552.21 0 0 0 0 0 0 0 0 0 0 0 0 0 0 4.399600571490983 0
2459552.25 0 0 0 0 0 0 0 0 0 0 0 0 0 0 4.400332197387101 0
2459552.29 0 0 0 0 0 0 0 0 0 0 0 0 0 0 4.401063823283219 0
2459552.34 0 0 0 0 0 0 0 0 0 0 0 0 0 0 4.401795449179336 0
2459552.38 0 0 0 0 0 0 0 0 0 0 0 0 0 0 4.4025270750754535 0
2459552.42 0 0 0 0 0 0 0 0 0 0 0 0 0 0 4.4032587009715725 0
2459552.46 0 0 0 0 0 0 0 0 0 0 0 0 0 0 4.40399032686769 0
2459552.50 0 0 0 0 0 0 0 0 0 0 0 0 0 0 4.404721952763808 0
2459552.54 0 0 0 0 0 0 0 0 0 0 0 0 0 0 4.405453578659926 0
2459552.59 0 0 0 0 0 0 0 0 0 0 0 0 0 0 4.406185204556044 0
2459552.63 0 0 0 0 0 0 0 0 0 0 0 0 0 0 4.406916830452162 0
2459552.67 0 0 0 0 0 0 0 0 0 0 0 0 0 0 4.40764845634828 0
2459552.71 0 0 0 0 0 0 0 0 0 0 0 0 0 0 4.408380082244398 0
2459552.75 0 0 0 0 0 0 0 0 0 0 0 0 0 0 4.409111708140516 0
2459552.79 0 0 0 0 0 0 0 0 0 0 0 0 0 0 4.409843334036633 0
2459552.84 0 0 0 0 0 0 0 0 0 0 0 0 0 0 4.410574959932752 0
2459552.88 0 0 0 0 0 0 0 0 0 0 0 0 0 0 4.41130658582887 0
2459552.92 0 0 0 0 0 0 0 0 0 0 0 0 0 0 4.412038211724987 0
2459552.96 0 0 0 0 0 0 0 0 0 0 0 0 0 0 4.412769837621106 0
2459553.00 0 0 0 0 0 0 0 0 0 0 0 0 0 0 4.413501463517223 0
2459553.04 0 0 0 0 0 0 0 0 0 0 0 0 0 0 4.414233089413342 0
2459553.09 0 0 0 0 0 0 0 0 0 0 0 0 0 0 4.41496471530946 0
2459553.13 0 0 0 0 0 0 0 0 0 0 0 0 0 0 4.415696341205578 0
2459553.17 0 0 0 0 0 0 0 0 0 0 0 0 0 0 4.416427967101696 0
2459553.21 0 0 0 0 0 0 0 0 0 0 0 0 0 0 4.417159592997813 0
2459553.25 0 0 0 0 0 0 0 0 0 0 0 0 0 0 4.417891218893931 0
2459553.29 0 0 0 0 0 0 0 0 0 0 0 0 0 0 4.418622844790049 0
2459553.34 0 0 0 0 0 0 0 0 0 0 0 0 0 0 4.419354470686167 0
2459553.38 0 0 0 0 0 0 0 0 0 0 0 0 0 0 4.420086096582285 0
2459553.42 0 0 0 0 0 0 0 0 0 0 0 0 0 0 4.420817722478403 0
2459553.46 0 0 0 0 0 0 0 0 0 0 0 0 0 0 4.421549348374521 0
2459553.50 0 0 0 0 0 0 0 0 0 0 0 0 0 0 4.422280974270639 0
2459553.54 0 0 0 0 0 0 0 0 0 0 0 0 0 0 4.423012600166756 0
2459553.59 0 0 0 0 0 0 0 0 0 0 0 0 0 0 4.423744226062874 0
2459553.63 0 0 0 0 0 0 0 0 0 0 0 0 0 0 4.424475851958992 0
2459553.67 0 0 0 0 0 0 0 0 0 0 0 0 0 0 4.4252074778551105 0
2459553.71 0 0 0 0 0 0 0 0 0 0 0 0 0 0 4.425939103751229 0
2459553.75 0 0 0 0 0 0 0 0 0 0 0 0 0 0 4.426670729647346 0
2459553.80 0 0 0 0 0 0 0 0 0 0 0 0 0 0 4.427402355543465 0
2459553.84 0 0 0 0 0 0 0 0 0 0 0 0 0 0 4.428133981439582 0
2459553.88 0 0 0 0 0 0 0 0 0 0 0 0 0 0 4.4288656073357 0
2459553.92 0 0 0 0 0 0 0 0 0 0 0 0 0 0 4.429597233231818 0
2459553.96 0 0 0 0 0 0 0 0 0 0 0 0 0 0 4.430328859127936 0
2459554.00 0 0 0 0 0 0 0 0 0 0 0 0 0 0 4.431060485024054 0
2459554.05 0 0 0 0 0 0 0 0 0 0 0 0 0 0 4.431792110920172 0
2459554.09 0 0 0 0 0 0 0 0 0 0 0 0 0 0 4.4325237368162895 0
2459554.13 0 0 0 0 0 0 0 0 0 0 0 0 0 0 4.4332553627124085 0
2459554.17 0 0 0 0 0 0 0 0 0 0 0 0 0 0 4.433986988608526 0
2459554.21 0 0 0 0 0 0 0 0 0 0 0 0 0 0 4.434718614504644 0
2459554.25 0 0 0 0 0 0 0 0 0 0 0 0 0 0 4.435450240400762 0
2459554.30 0 0 0 0 0 0 0 0 0 0 0 0 0 0 4.436181866296879 0
2459554.34 0 0 0 0 0 0 0 0 0 0 0 0 0 0 4.436913492192998 0
2459554.38 0 0 0 0 0 0 0 0 0 0 0 0 0 0 4.437645118089116 0
2459554.42 0 0 0 0 0 0 0 0 0 0 0 0 0 0 4.438376743985233 0
2459554.46 0 0 0 0 0 0 0 0 0 0 0 0 0 0 4.439108369881351 0
2459554.50 0 0 0 0 0 0 0 0 0 0 0 0 0 0 4.4398399957774695 0
2459554.55 0 0 0 0 0 0 0 0 0 0 0 0 0 0 4.440571621673587 0
2459554.59 0 0 0 0 0 0 0 0 0 0 0 0 0 0 4.441303247569705 0
2459554.63 0 0 0 0 0 0 0 0 0 0 0 0 0 0 4.442034873465823 0
2459554.67 0 0 0 0 0 0 0 0 0 0 0 0 0 0 4.442766499361941 0
2459554.71 0 0 0 0 0 0 0 0 0 0 0 0 0 0 4.443498125258059 0
2459554.75 0 0 0 0 0 0 0 0 0 0 0 0 0 0 4.444229751154177 0
2459554.80 0 0 0 0 0 0 0 0 0 0 0 0 0 0 4.444961377050295 0
2459554.84 0 0 0 0 0 0 0 0 0 0 0 0 0 0 4.445693002946412 0
2459554.88 0 0 0 0 0 0 0 0 0 0 0 0 0 0 4.446424628842531 0
2459554.92 0 0 0 0 0 0 0 0 0 0 0 0 0 0 4.4471562547386485 0
2459554.96 0 0 0 0 0 0 0 0 0 0 0 0 0 0 4.447887880634767 0
2459555.00 0 0 0 0 0 0 0 0 0 0 0 0 0 0 4.448619506530885 0
2459555.05 0 0 0 0 0 0 0 0 0 0 0 0 0 0 4.449351132427002 0
2459555.09 0 0 0 0 0 0 0 0 0 0 0 0 0 0 4.45008275832312 0
2459555.13 0 0 0 0 0 0 0 0 0 0 0 0 0 0 4.450814384219238 0
2459555.17 0 0 0 0 0 0 0 0 0 0 0 0 0 0 4.451546010115356 0
2459555.21 0 0 0 0 0 0 0 0 0 0 0 0 0 0 4.452277636011474 0
2459555.25 0 0 0 0 0 0 0 0 0 0 0 0 0 0 4.453009261907592 0
2459555.30 0 0 0 0 0 0 0 0 0 0 0 0 0 0 4.45374088780371 0
2459555.34 0 0 0 0 0 0 0 0 0 0 0 0 0 0 4.454472513699828 0
2459555.38 0 0 0 0 0 0 0 0 0 0 0 0 0 0 4.455204139595946 0
2459555.42 0 0 0 0 0 0 0 0 0 0 0 0 0 0 4.455935765492065 0
2459555.46 0 0 0 0 0 0 0 0 0 0 0 0 0 0 4.456667391388182 0
2459555.50 0 0 0 0 0 0 0 0 0 0 0 0 0 0 4.4573990172843 0
2459555.55 0 0 0 0 0 0 0 0 0 0 0 0 0 0 4.458130643180417 0
2459555.59 0 0 0 0 0 0 0 0 0 0 0 0 0 0 4.458862269076535 0
2459555.63 0 0 0 0 0 0 0 0 0 0 0 0 0 0 4.459593894972654 0
2459555.67 0 0 0 0 0 0 0 0 0 0 0 0 0 0 4.460325520868771 0
2459555.71 0 0 0 0 0 0 0 0 0 0 0 0 0 0 4.461057146764889 0
2459555.75 0 0 0 0 0 0 0 0 0 0 0 0 0 0 4.4617887726610075 0
2459555.80 0 0 0 0 0 0 0 0 0 0 0 0 0 0 4.462520398557125 0
2459555.84 0 0 0 0 0 0 0 0 0 0 0 0 0 0 4.463252024453244 0
2459555.88 0 0 0 0 0 0 0 0 0 0 0 0 0 0 4.463983650349361 0
2459555.92 0 0 0 0 0 0 0 0 0 0 0 0 0 0 4.464715276245479 0
2459555.96 0 0 0 0 0 0 0 0 0 0 0 0 0 0 4.465446902141597 0
2459556.01 0 0 0 0 0 0 0 0 0 0 0 0 0 0 4.466178528037715 0
2459556.05 0 0 0 0 0 0 0 0 0 0 0 0 0 0 4.466910153933833 0
2459556.09 0 0 0 0 0 0 0 0 0 0 0 0 0 0 4.467641779829951 0
2459556.13 0 0 0 0 0 0 0 0 0 0 0 0 0 0 4.4683734057260684 0
2459556.17 0 0 0 0 0 0 0 0 0 0 0 0 0 0 4.469105031622187 0
2459556.21 0 0 0 0 0 0 0 0 0 0 0 0 0 0 4.469836657518305 0
2459556.26 0 0 0 0 0 0 0 0 0 0 0 0 0 0 4.470568283414422 0
2459556.30 0 0 0 0 0 0 0 0 0 0 0 0 0 0 4.471299909310541 0
2459556.34 0 0 0 0 0 0 0 0 0 0 0 0 0 0 4.472031535206658 0
2459556.38 0 0 0 0 0 0 0 0 0 0 0 0 0 0 4.472763161102777 0
2459556.42 0 0 0 0 0 0 0 0 0 0 0 0 0 0 4.473494786998894 0
2459556.46 0 0 0 0 0 0 0 0 0 0 0 0 0 0 4.474226412895012 0
2459556.51 0 0 0 0 0 0 0 0 0 0 0 0 0 0 4.47495803879113 0
2459556.55 0 0 0 0 0 0 0 0 0 0 0 0 0 0 4.475689664687248 0
2459556.59 0 0 0 0 0 0 0 0 0 0 0 0 0 0 4.4764212905833665 0
2459556.63 0 0 0 0 0 0 0 0 0 0 0 0 0 0 4.4771529164794845 0
2459556.67 0 0 0 0 0 0 0 0 0 0 0 0 0 0 4.477884542375602 0
2459556.71 0 0 0 0 0 0 0 0 0 0 0 0 0 0 4.47861616827172 0
2459556.76 0 0 0 0 0 0 0 0 0 0 0 0 0 0 4.479347794167838 0
2459556.80 0 0 0 0 0 0 0 0 0 0 0 0 0 0 4.480079420063956 0
2459556.84 0 0 0 0 0 0 0 0 0 0 0 0 0 0 4.480811045960073 0
2459556.88 0 0 0 0 0 0 0 0 0 0 0 0 0 0 4.481542671856191 0
2459556.92 0 0 0 0 0 0 0 0 0 0 0 0 0 0 4.48227429775231 0
2459556.96 0 0 0 0 0 0 0 0 0 0 0 0 0 0 4.483005923648427 0
2459557.01 0 0 0 0 0 0 0 0 0 0 0 0 0 0 4.483737549544546 0
2459557.05 0 0 0 0 0 0 0 0 0 0 0 0 0 0 4.484469175440664 0
2459557.09 0 0 0 0 0 0 0 0 0 0 0 0 0 0 4.485200801336781 0
2459557.13 0 0 0 0 0 0 0 0 0 0 0 0 0 0 4.4859324272329 0
2459557.17 0 0 0 0 0 0 0 0 0 0 0 0 0 0 4.486664053129017 0
2459557.21 0 0 0 0 0 0 0 0 0 0 0 0 0 0 4.487395679025136 0
2459557.26 0 0 0 0 0 0 0 0 0 0 0 0 0 0 4.488127304921253 0
2459557.30 0 0 0 0 0 0 0 0 0 0 0 0 0 0 4.488858930817371 0
2459557.34 0 0 0 0 0 0 0 0 0 0 0 0 0 0 4.489590556713489 0
2459557.38 0 0 0 0 0 0 0 0 0 0 0 0 0 0 4.490322182609607 0
2459557.42 0 0 0 0 0 0 0 0 0 0 0 0 0 0 4.4910538085057246 0
2459557.46 0 0 0 0 0 0 0 0 0 0 0 0 0 0 4.4917854344018435 0
2459557.51 0 0 0 0 0 0 0 0 0 0 0 0 0 0 4.492517060297961 0
2459557.55 0 0 0 0 0 0 0 0 0 0 0 0 0 0 4.493248686194078 0
2459557.59 0 0 0 0 0 0 0 0 0 0 0 0 0 0 4.493980312090197 0
2459557.63 0 0 0 0 0 0 0 0 0 0 0 0 0 0 4.494711937986314 0
2459557.67 0 0 0 0 0 0 0 0 0 0 0 0 0 0 4.495443563882432 0
2459557.71 0 0 0 0 0 0 0 0 0 0 0 0 0 0 4.49617518977855 0
2459557.76 0 0 0 0 0 0 0 0 0 0 0 0 0 0 4.496906815674668 0
2459557.80 0 0 0 0 0 0 0 0 0 0 0 0 0 0 4.497638441570786 0
2459557.84 0 0 0 0 0 0 0 0 0 0 0 0 0 0 4.4983700674669045 0
2459557.88 0 0 0 0 0 0 0 0 0 0 0 0 0 0 4.499101693363023 0
2459557.92 0 0 0 0 0 0 0 0 0 0 0 0 0 0 4.49983331925914 0
2459557.97 0 0 0 0 0 0 0 0 0 0 0 0 0 0 4.500564945155258 0
2459558.01 0 0 0 0 0 0 0 0 0 0 0 0 0 0 4.501296571051376 0
2459558.05 0 0 0 0 0 0 0 0 0 0 0 0 0 0 4.502028196947493 0
2459558.09 0 0 0 0 0 0 0 0 0 0 0 0 0 0 4.502759822843612 0
2459558.13 0 0 0 0 0 0 0 0 0 0 0 0 0 0 4.503491448739729 0
2459558.17 0 0 0 0 0 0 0 0 0 0 0 0 0 0 4.504223074635847 0
2459558.22 0 0 0 0 0 0 0 0 0 0 0 0 0 0 4.504954700531966 0
2459558.26 0 0 0 0 0 0 0 0 0 0 0 0 0 0 4.5056863264280835 0
2459558.30 0 0 0 0 0 0 0 0 0 0 0 0 0 0 4.5064179523242025 0
2459558.34 0 0 0 0 0 0 0 0 0 0 0 0 0 0 4.50714957822032 0
2459558.38 0 0 0 0 0 0 0 0 0 0 0 0 0 0 4.507881204116437 0
2459558.42 0 0 0 0 0 0 0 0 0 0 0 0 0 0 4.508612830012556 0
2459558.47 0 0 0 0 0 0 0 0 0 0 0 0 0 0 4.509344455908673 0
2459558.51 0 0 0 0 0 0 0 0 0 0 0 0 0 0 4.510076081804792 0
2459558.55 0 0 0 0 0 0 0 0 0 0 0 0 0 0 4.510807707700909 0
2459558.59 0 0 0 0 0 0 0 0 0 0 0 0 0 0 4.511539333597027 0
2459558.63 0 0 0 0 0 0 0 0 0 0 0 0 0 0 4.5122709594931445 0
2459558.67 0 0 0 0 0 0 0 0 0 0 0 0 0 0 4.5130025853892635 0
2459558.72 0 0 0 0 0 0 0 0 0 0 0 0 0 0 4.5137342112853815 0
2459558.76 0 0 0 0 0 0 0 0 0 0 0 0 0 0 4.5144658371815 0
2459558.80 0 0 0 0 0 0 0 0 0 0 0 0 0 0 4.515197463077617 0
2459558.84 0 0 0 0 0 0 0 0 0 0 0 0 0 0 4.515929088973735 0
2459558.88 0 0 0 0 0 0 0 0 0 0 0 0 0 0 4.516660714869853 0
2459558.92 0 0 0 0 0 0 0 0 0 0 0 0 0 0 4.51739234076597 0
2459558.97 0 0 0 0 0 0 0 0 0 0 0 0 0 0 4.518123966662088 0
2459559.01 0 0 0 0 0 0 0 0 0 0 0 0 0 0 4.518855592558206 0
2459559.05 0 0 0 0 0 0 0 0 0 0 0 0 0 0 4.519587218454324 0
2459559.09 0 0 0 0 0 0 0 0 0 0 0 0 0 0 4.5203188443504425 0
2459559.13 0 0 0 0 0 0 0 0 0 0 0 0 0 0 4.52105047024656 0
2459559.17 0 0 0 0 0 0 0 0 0 0 0 0 0 0 4.521782096142679 0
2459559.22 0 0 0 0 0 0 0 0 0 0 0 0 0 0 4.522513722038796 0
2459559.26 0 0 0 0 0 0 0 0 0 0 0 0 0 0 4.523245347934913 0
2459559.30 0 0 0 0 0 0 0 0 0 0 0 0 0 0 4.523976973831032 0
2459559.34 0 0 0 0 0 0 0 0 0 0 0 0 0 0 4.524708599727149 0
2459559.38 0 0 0 0 0 0 0 0 0 0 0 0 0 0 4.525440225623268 0
2459559.42 0 0 0 0 0 0 0 0 0 0 0 0 0 0 4.526171851519385 0
2459559.47 0 0 0 0 0 0 0 0 0 0 0 0 0 0 4.5269034774155035 0
2459559.51 0 0 0 0 0 0 0 0 0 0 0 0 0 0 4.5276351033116224 0
2459559.55 0 0 0 0 0 0 0 0 0 0 0 0 0 0 4.52836672920774 0
2459559.59 0 0 0 0 0 0 0 0 0 0 0 0 0 0 4.529098355103859 0
2459559.63 0 0 0 0 0 0 0 0 0 0 0 0 0 0 4.529829980999976 0
2459559.67 0 0 0 0 0 0 0 0 0 0 0 0 0 0 4.530561606896093 0
2459559.72 0 0 0 0 0 0 0 0 0 0 0 0 0 0 4.531293232792212 0
2459559.76 0 0 0 0 0 0 0 0 0 0 0 0 0 0 4.532024858688329 0
2459559.80 0 0 0 0 0 0 0 0 0 0 0 0 0 0 4.532756484584448 0
2459559.84 0 0 0 0 0 0 0 0 0 0 0 0 0 0 4.533488110480565 0
2459559.88 0 0 0 0 0 0 0 0 0 0 0 0 0 0 4.534219736376683 0
2459559.92 0 0 0 0 0 0 0 0 0 0 0 0 0 0 4.5349513622728015 0
2459559.97 0 0 0 0 0 0 0 0 0 0 0 0 0 0 4.53568298816892 0
2459560.01 0 0 0 0 0 0 0 0 0 0 0 0 0 0 4.536414614065038 0
2459560.05 0 0 0 0 0 0 0 0 0 0 0 0 0 0 4.537146239961155 0
2459560.09 0 0 0 0 0 0 0 0 0 0 0 0 0 0 4.537877865857273 0
2459560.13 0 0 0 0 0 0 0 0 0 0 0 0 0 0 4.53860949175339 0
2459560.18 0 0 0 0 0 0 0 0 0 0 0 0 0 0 4.539341117649508 0
2459560.22 0 0 0 0 0 0 0 0 0 0 0 0 0 0 4.540072743545627 0
2459560.26 0 0 0 0 0 0 0 0 0 0 0 0 0 0 4.540804369441744 0
2459560.30 0 0 0 0 0 0 0 0 0 0 0 0 0 0 4.5415359953378625 0
2459560.34 0 0 0 0 0 0 0 0 0 0 0 0 0 0 4.5422676212339805 0
2459560.38 0 0 0 0 0 0 0 0 0 0 0 0 0 0 4.542999247130099 0
2459560.43 0 0 0 0 0 0 0 0 0 0 0 0 0 0 4.543730873026216 0
2459560.47 0 0 0 0 0 0 0 0 0 0 0 0 0 0 4.544462498922335 0
2459560.51 0 0 0 0 0 0 0 0 0 0 0 0 0 0 4.545194124818452 0
2459560.55 0 0 0 0 0 0 0 0 0 0 0 0 0 0 4.545925750714569 0
2459560.59 0 0 0 0 0 0 0 0 0 0 0 0 0 0 4.546657376610688 0
2459560.63 0 0 0 0 0 0 0 0 0 0 0 0 0 0 4.547389002506805 0
2459560.68 0 0 0 0 0 0 0 0 0 0 0 0 0 0 4.548120628402924 0
2459560.72 0 0 0 0 0 0 0 0 0 0 0 0 0 0 4.5488522542990415 0
2459560.76 0 0 0 0 0 0 0 0 0 0 0 0 0 0 4.54958388019516 0
2459560.80 0 0 0 0 0 0 0 0 0 0 0 0 0 0 4.5503155060912786 0
2459560.84 0 0 0 0 0 0 0 0 0 0 0 0 0 0 4.551047131987396 0
2459560.88 0 0 0 0 0 0 0 0 0 0 0 0 0 0 4.551778757883515 0
2459560.93 0 0 0 0 0 0 0 0 0 0 0 0 0 0 4.552510383779632 0
2459560.97 0 0 0 0 0 0 0 0 0 0 0 0 0 0 4.553242009675749 0
2459561.01 0 0 0 0 0 0 0 0 0 0 0 0 0 0 4.553973635571868 0
2459561.05 0 0 0 0 0 0 0 0 0 0 0 0 0 0 4.554705261467985 0
2459561.09 0 0 0 0 0 0 0 0 0 0 0 0 0 0 4.555436887364103 0
2459561.13 0 0 0 0 0 0 0 0 0 0 0 0 0 0 4.556168513260221 0
2459561.18 0 0 0 0 0 0 0 0 0 0 0 0 0 0 4.5569001391563395 0
2459561.22 0 0 0 0 0 0 0 0 0 0 0 0 0 0 4.557631765052458 0
2459561.26 0 0 0 0 0 0 0 0 0 0 0 0 0 0 4.558363390948575 0
2459561.30 0 0 0 0 0 0 0 0 0 0 0 0 0 0 4.559095016844694 0
2459561.34 0 0 0 0 0 0 0 0 0 0 0 0 0 0 4.559826642740811 0
2459561.38 0 0 0 0 0 0 0 0 0 0 0 0 0 0 4.560558268636928 0
2459561.43 0 0 0 0 0 0 0 0 0 0 0 0 0 0 4.561289894533047 0
2459561.47 0 0 0 0 0 0 0 0 0 0 0 0 0 0 4.562021520429164 0
2459561.51 0 0 0 0 0 0 0 0 0 0 0 0 0 0 4.562753146325283 0
2459561.55 0 0 0 0 0 0 0 0 0 0 0 0 0 0 4.5634847722214005 0
2459561.59 0 0 0 0 0 0 0 0 0 0 0 0 0 0 4.564216398117519 0
2459561.63 0 0 0 0 0 0 0 0 0 0 0 0 0 0 4.564948024013636 0
2459561.68 0 0 0 0 0 0 0 0 0 0 0 0 0 0 4.565679649909755 0
2459561.72 0 0 0 0 0 0 0 0 0 0 0 0 0 0 4.566411275805873 0
2459561.76 0 0 0 0 0 0 0 0 0 0 0 0 0 0 4.567142901701991 0
2459561.80 0 0 0 0 0 0 0 0 0 0 0 0 0 0 4.567874527598108 0
2459561.84 0 0 0 0 0 0 0 0 0 0 0 0 0 0 4.568606153494225 0
2459561.88 0 0 0 0 0 0 0 0 0 0 0 0 0 0 4.569337779390344 0
2459561.93 0 0 0 0 0 0 0 0 0 0 0 0 0 0 4.570069405286461 0
2459561.97 0 0 0 0 0 0 0 0 0 0 0 0 0 0 4.57080103118258 0
2459562.01 0 0 0 0 0 0 0 0 0 0 0 0 0 0 4.571532657078698 0
2459562.05 0 0 0 0 0 0 0 0 0 0 0 0 0 0 4.572264282974816 0
2459562.09 0 0 0 0 0 0 0 0 0 0 0 0 0 0 4.572995908870935 0
2459562.14 0 0 0 0 0 0 0 0 0 0 0 0 0 0 4.573727534767052 0
2459562.18 0 0 0 0 0 0 0 0 0 0 0 0 0 0 4.57445916066317 0
2459562.22 0 0 0 0 0 0 0 0 0 0 0 0 0 0 4.575190786559288 0
2459562.26 0 0 0 0 0 0 0 0 0 0 0 0 0 0 4.575922412455405 0
2459562.30 0 0 0 0 0 0 0 0 0 0 0 0 0 0 4.576654038351523 0
2459562.34 0 0 0 0 0 0 0 0 0 0 0 0 0 0 4.577385664247641 0
2459562.39 0 0 0 0 0 0 0 0 0 0 0 0 0 0 4.5781172901437595 0
2459562.43 0 0 0 0 0 0 0 0 0 0 0 0 0 0 4.5788489160398775 0
2459562.47 0 0 0 0 0 0 0 0 0 0 0 0 0 0 4.579580541935996 0
2459562.51 0 0 0 0 0 0 0 0 0 0 0 0 0 0 4.580312167832114 0
2459562.55 0 0 0 0 0 0 0 0 0 0 0 0 0 0 4.581043793728231 0
2459562.59 0 0 0 0 0 0 0 0 0 0 0 0 0 0 4.58177541962435 0
2459562.64 0 0 0 0 0 0 0 0 0 0 0 0 0 0 4.582507045520467 0
2459562.68 0 0 0 0 0 0 0 0 0 0 0 0 0 0 4.583238671416584 0
2459562.72 0 0 0 0 0 0 0 0 0 0 0 0 0 0 4.583970297312703 0
2459562.76 0 0 0 0 0 0 0 0 0 0 0 0 0 0 4.58470192320882 0
2459562.80 0 0 0 0 0 0 0 0 0 0 0 0 0 0 4.585433549104939 0
2459562.84 0 0 0 0 0 0 0 0 0 0 0 0 0 0 4.586165175001057 0
2459562.89 0 0 0 0 0 0 0 0 0 0 0 0 0 0 4.586896800897175 0
2459562.93 0 0 0 0 0 0 0 0 0 0 0 0 0 0 4.587628426793292 0
2459562.97 0 0 0 0 0 0 0 0 0 0 0 0 0 0 4.588360052689411 0
2459563.01 0 0 0 0 0 0 0 0 0 0 0 0 0 0 4.589091678585529 0
2459563.05 0 0 0 0 0 0 0 0 0 0 0 0 0 0 4.589823304481647 0
2459563.09 0 0 0 0 0 0 0 0 0 0 0 0 0 0 4.590554930377764 0
2459563.14 0 0 0 0 0 0 0 0 0 0 0 0 0 0 4.591286556273881 0
2459563.18 0 0 0 0 0 0 0 0 0 0 0 0 0 0 4.59201818217 0
2459563.22 0 0 0 0 0 0 0 0 0 0 0 0 0 0 4.592749808066118 0
2459563.26 0 0 0 0 0 0 0 0 0 0 0 0 0 0 4.5934814339622365 0
2459563.30 0 0 0 0 0 0 0 0 0 0 0 0 0 0 4.594213059858354 0
2459563.34 0 0 0 0 0 0 0 0 0 0 0 0 0 0 4.594944685754472 0
2459563.39 0 0 0 0 0 0 0 0 0 0 0 0 0 0 4.595676311650591 0
2459563.43 0 0 0 0 0 0 0 0 0 0 0 0 0 0 4.596407937546708 0
2459563.47 0 0 0 0 0 0 0 0 0 0 0 0 0 0 4.597139563442826 0
2459563.51 0 0 0 0 0 0 0 0 0 0 0 0 0 0 4.597871189338943 0
2459563.55 0 0 0 0 0 0 0 0 0 0 0 0 0 0 4.598602815235061 0
2459563.59 0 0 0 0 0 0 0 0 0 0 0 0 0 0 4.599334441131179 0
2459563.64 0 0 0 0 0 0 0 0 0 0 0 0 0 0 4.6000660670272975 0
2459563.68 0 0 0 0 0 0 0 0 0 0 0 0 0 0 4.600797692923416 0
2459563.72 0 0 0 0 0 0 0 0 0 0 0 0 0 0 4.601529318819534 0
2459563.76 0 0 0 0 0 0 0 0 0 0 0 0 0 0 4.602260944715651 0
2459563.80 0 0 0 0 0 0 0 0 0 0 0 0 0 0 4.60299257061177 0
2459563.84 0 0 0 0 0 0 0 0 0 0 0 0 0 0 4.603724196507887 0
2459563.89 0 0 0 0 0 0 0 0 0 0 0 0 0 0 4.604455822404006 0
2459563.93 0 0 0 0 0 0 0 0 0 0 0 0 0 0 4.605187448300123 0
2459563.97 0 0 0 0 0 0 0 0 0 0 0 0 0 0 4.60591907419624 0
2459564.01 0 0 0 0 0 0 0 0 0 0 0 0 0 0 4.606650700092359 0
2459564.05 0 0 0 0 0 0 0 0 0 0 0 0 0 0 4.6073823259884765 0
2459564.09 0 0 0 0 0 0 0 0 0 0 0 0 0 0 4.6081139518845955 0
2459564.14 0 0 0 0 0 0 0 0 0 0 0 0 0 0 4.608845577780713 0
2459564.18 0 0 0 0 0 0 0 0 0 0 0 0 0 0 4.609577203676831 0
2459564.22 0 0 0 0 0 0 0 0 0 0 0 0 0 0 4.610308829572949 0
2459564.26 0 0 0 0 0 0 0 0 0 0 0 0 0 0 4.611040455469067 0
2459564.30 0 0 0 0 0 0 0 0 0 0 0 0 0 0 4.611772081365185 0
2459564.35 0 0 0 0 0 0 0 0 0 0 0 0 0 0 4.612503707261303 0
2459564.39 0 0 0 0 0 0 0 0 0 0 0 0 0 0 4.61323533315742 0
2459564.43 0 0 0 0 0 0 0 0 0 0 0 0 0 0 4.6139669590535375 0
2459564.47 0 0 0 0 0 0 0 0 0 0 0 0 0 0 4.6146985849496565 0
2459564.51 0 0 0 0 0 0 0 0 0 0 0 0 0 0 4.6154302108457745 0
2459564.55 0 0 0 0 0 0 0 0 0 0 0 0 0 0 4.616161836741892 0
2459564.60 0 0 0 0 0 0 0 0 0 0 0 0 0 0 4.61689346263801 0
2459564.64 0 0 0 0 0 0 0 0 0 0 0 0 0 0 4.617625088534128 0
2459564.68 0 0 0 0 0 0 0 0 0 0 0 0 0 0 4.618356714430246 0
2459564.72 0 0 0 0 0 0 0 0 0 0 0 0 0 0 4.619088340326365 0
2459564.76 0 0 0 0 0 0 0 0 0 0 0 0 0 0 4.619819966222482 0
2459564.80 0 0 0 0 0 0 0 0 0 0 0 0 0 0 4.620551592118599 0
2459564.85 0 0 0 0 0 0 0 0 0 0 0 0 0 0 4.6212832180147165 0
2459564.89 0 0 0 0 0 0 0 0 0 0 0 0 0 0 4.6220148439108355 0
2459564.93 0 0 0 0 0 0 0 0 0 0 0 0 0 0 4.622746469806954 0
2459564.97 0 0 0 0 0 0 0 0 0 0 0 0 0 0 4.623478095703072 0
2459565.01 0 0 0 0 0 0 0 0 0 0 0 0 0 0 4.62420972159919 0
2459565.05 0 0 0 0 0 0 0 0 0 0 0 0 0 0 4.624941347495307 0
2459565.10 0 0 0 0 0 0 0 0 0 0 0 0 0 0 4.625672973391426 0
2459565.14 0 0 0 0 0 0 0 0 0 0 0 0 0 0 4.626404599287543 0
2459565.18 0 0 0 0 0 0 0 0 0 0 0 0 0 0 4.627136225183662 0
2459565.22 0 0 0 0 0 0 0 0 0 0 0 0 0 0 4.627867851079779 0
2459565.26 0 0 0 0 0 0 0 0 0 0 0 0 0 0 4.6285994769758965 0
2459565.30 0 0 0 0 0 0 0 0 0 0 0 0 0 0 4.629331102872015 0
2459565.35 0 0 0 0 0 0 0 0 0 0 0 0 0 0 4.630062728768133 0
2459565.39 0 0 0 0 0 0 0 0 0 0 0 0 0 0 4.630794354664252 0
2459565.43 0 0 0 0 0 0 0 0 0 0 0 0 0 0 4.631525980560369 0
2459565.47 0 0 0 0 0 0 0 0 0 0 0 0 0 0 4.632257606456487 0
2459565.51 0 0 0 0 0 0 0 0 0 0 0 0 0 0 4.632989232352605 0
2459565.55 0 0 0 0 0 0 0 0 0 0 0 0 0 0 4.633720858248723 0
2459565.60 0 0 0 0 0 0 0 0 0 0 0 0 0 0 4.634452484144841 0
2459565.64 0 0 0 0 0 0 0 0 0 0 0 0 0 0 4.635184110040959 0
2459565.68 0 0 0 0 0 0 0 0 0 0 0 0 0 0 4.635915735937076 0
2459565.72 0 0 0 0 0 0 0 0 0 0 0 0 0 0 4.6366473618331945 0
2459565.76 0 0 0 0 0 0 0 0 0 0 0 0 0 0 4.637378987729312 0
2459565.80 0 0 0 0 0 0 0 0 0 0 0 0 0 0 4.63811061362543 0
2459565.85 0 0 0 0 0 0 0 0 0 0 0 0 0 0 4.638842239521548 0
2459565.89 0 0 0 0 0 0 0 0 0 0 0 0 0 0 4.639573865417666 0
2459565.93 0 0 0 0 0 0 0 0 0 0 0 0 0 0 4.640305491313784 0
2459565.97 0 0 0 0 0 0 0 0 0 0 0 0 0 0 4.641037117209902 0
2459566.01 0 0 0 0 0 0 0 0 0 0 0 0 0 0 4.641768743106019 0
2459566.05 0 0 0 0 0 0 0 0 0 0 0 0 0 0 4.642500369002138 0
2459566.10 0 0 0 0 0 0 0 0 0 0 0 0 0 0 4.643231994898255 0
2459566.14 0 0 0 0 0 0 0 0 0 0 0 0 0 0 4.643963620794373 0
2459566.18 0 0 0 0 0 0 0 0 0 0 0 0 0 0 4.644695246690492 0
2459566.22 0 0 0 0 0 0 0 0 0 0 0 0 0 0 4.645426872586611 0
2459566.26 0 0 0 0 0 0 0 0 0 0 0 0 0 0 4.646158498482728 0
2459566.31 0 0 0 0 0 0 0 0 0 0 0 0 0 0 4.646890124378846 0
2459566.35 0 0 0 0 0 0 0 0 0 0 0 0 0 0 4.647621750274963 0
2459566.39 0 0 0 0 0 0 0 0 0 0 0 0 0 0 4.648353376171082 0
2459566.43 0 0 0 0 0 0 0 0 0 0 0 0 0 0 4.649085002067199 0
2459566.47 0 0 0 0 0 0 0 0 0 0 0 0 0 0 4.649816627963318 0
2459566.51 0 0 0 0 0 0 0 0 0 0 0 0 0 0 4.650548253859435 0
2459566.56 0 0 0 0 0 0 0 0 0 0 0 0 0 0 4.651279879755553 0
2459566.60 0 0 0 0 0 0 0 0 0 0 0 0 0 0 4.6520115056516715 0
2459566.64 0 0 0 0 0 0 0 0 0 0 0 0 0 0 4.652743131547789 0
2459566.68 0 0 0 0 0 0 0 0 0 0 0 0 0 0 4.653474757443907 0
2459566.72 0 0 0 0 0 0 0 0 0 0 0 0 0 0 4.654206383340025 0
2459566.76 0 0 0 0 0 0 0 0 0 0 0 0 0 0 4.654938009236143 0
2459566.81 0 0 0 0 0 0 0 0 0 0 0 0 0 0 4.655669635132261 0
2459566.85 0 0 0 0 0 0 0 0 0 0 0 0 0 0 4.656401261028379 0
2459566.89 0 0 0 0 0 0 0 0 0 0 0 0 0 0 4.657132886924497 0
2459566.93 0 0 0 0 0 0 0 0 0 0 0 0 0 0 4.657864512820614 0
2459566.97 0 0 0 0 0 0 0 0 0 0 0 0 0 0 4.6585961387167325 0
2459567.01 0 0 0 0 0 0 0 0 0 0 0 0 0 0 4.659327764612851 0
2459567.06 0 0 0 0 0 0 0 0 0 0 0 0 0 0 4.660059390508968 0
2459567.10 0 0 0 0 0 0 0 0 0 0 0 0 0 0 4.660791016405087 0
2459567.14 0 0 0 0 0 0 0 0 0 0 0 0 0 0 4.661522642301204 0
2459567.18 0 0 0 0 0 0 0 0 0 0 0 0 0 0 4.662254268197322 0
2459567.22 0 0 0 0 0 0 0 0 0 0 0 0 0 0 4.66298589409344 0
2459567.26 0 0 0 0 0 0 0 0 0 0 0 0 0 0 4.663717519989558 0
2459567.31 0 0 0 0 0 0 0 0 0 0 0 0 0 0 4.664449145885675 0
2459567.35 0 0 0 0 0 0 0 0 0 0 0 0 0 0 4.665180771781794 0
2459567.39 0 0 0 0 0 0 0 0 0 0 0 0 0 0 4.6659123976779115 0
2459567.43 0 0 0 0 0 0 0 0 0 0 0 0 0 0 4.666644023574029 0
2459567.47 0 0 0 0 0 0 0 0 0 0 0 0 0 0 4.667375649470148 0
2459567.51 0 0 0 0 0 0 0 0 0 0 0 0 0 0 4.668107275366266 0
2459567.56 0 0 0 0 0 0 0 0 0 0 0 0 0 0 4.668838901262384 0
2459567.60 0 0 0 0 0 0 0 0 0 0 0 0 0 0 4.669570527158502 0
2459567.64 0 0 0 0 0 0 0 0 0 0 0 0 0 0 4.670302153054619 0
2459567.68 0 0 0 0 0 0 0 0 0 0 0 0 0 0 4.671033778950738 0
2459567.72 0 0 0 0 0 0 0 0 0 0 0 0 0 0 4.671765404846855 0
2459567.76 0 0 0 0 0 0 0 0 0 0 0 0 0 0 4.672497030742974 0
2459567.81 0 0 0 0 0 0 0 0 0 0 0 0 0 0 4.6732286566390915 0
2459567.85 0 0 0 0 0 0 0 0 0 0 0 0 0 0 4.673960282535209 0
2459567.89 0 0 0 0 0 0 0 0 0 0 0 0 0 0 4.674691908431328 0
2459567.93 0 0 0 0 0 0 0 0 0 0 0 0 0 0 4.675423534327445 0
2459567.97 0 0 0 0 0 0 0 0 0 0 0 0 0 0 4.676155160223563 0
2459568.01 0 0 0 0 0 0 0 0 0 0 0 0 0 0 4.676886786119681 0
2459568.06 0 0 0 0 0 0 0 0 0 0 0 0 0 0 4.677618412015799 0
2459568.10 0 0 0 0 0 0 0 0 0 0 0 0 0 0 4.678350037911917 0
2459568.14 0 0 0 0 0 0 0 0 0 0 0 0 0 0 4.679081663808034 0
2459568.18 0 0 0 0 0 0 0 0 0 0 0 0 0 0 4.679813289704153 0
2459568.22 0 0 0 0 0 0 0 0 0 0 0 0 0 0 4.6805449156002705 0
2459568.26 0 0 0 0 0 0 0 0 0 0 0 0 0 0 4.681276541496388 0
2459568.31 0 0 0 0 0 0 0 0 0 0 0 0 0 0 4.682008167392507 0
2459568.35 0 0 0 0 0 0 0 0 0 0 0 0 0 0 4.682739793288624 0
2459568.39 0 0 0 0 0 0 0 0 0 0 0 0 0 0 4.683471419184743 0
2459568.43 0 0 0 0 0 0 0 0 0 0 0 0 0 0 4.68420304508086 0
2459568.47 0 0 0 0 0 0 0 0 0 0 0 0 0 0 4.684934670976978 0
2459568.52 0 0 0 0 0 0 0 0 0 0 0 0 0 0 4.685666296873095 0
2459568.56 0 0 0 0 0 0 0 0 0 0 0 0 0 0 4.686397922769214 0
2459568.60 0 0 0 0 0 0 0 0 0 0 0 0 0 0 4.687129548665333 0
2459568.64 0 0 0 0 0 0 0 0 0 0 0 0 0 0 4.6878611745614505 0
2459568.68 0 0 0 0 0 0 0 0 0 0 0 0 0 0 4.688592800457568 0
2459568.72 0 0 0 0 0 0 0 0 0 0 0 0 0 0 4.689324426353687 0
2459568.77 0 0 0 0 0 0 0 0 0 0 0 0 0 0 4.690056052249804 0
2459568.81 0 0 0 0 0 0 0 0 0 0 0 0 0 0 4.690787678145922 0
2459568.85 0 0 0 0 0 0 0 0 0 0 0 0 0 0 4.69151930404204 0
2459568.89 0 0 0 0 0 0 0 0 0 0 0 0 0 0 4.692250929938158 0
2459568.93 0 0 0 0 0 0 0 0 0 0 0 0 0 0 4.692982555834275 0
2459568.97 0 0 0 0 0 0 0 0 0 0 0 0 0 0 4.693714181730394 0
2459569.02 0 0 0 0 0 0 0 0 0 0 0 0 0 0 4.694445807626511 0
2459569.06 0 0 0 0 0 0 0 0 0 0 0 0 0 0 4.6951774335226295 0
2459569.10 0 0 0 0 0 0 0 0 0 0 0 0 0 0 4.695909059418748 0
2459569.14 0 0 0 0 0 0 0 0 0 0 0 0 0 0 4.696640685314865 0
2459569.18 0 0 0 0 0 0 0 0 0 0 0 0 0 0 4.697372311210983 0
2459569.22 0 0 0 0 0 0 0 0 0 0 0 0 0 0 4.698103937107101 0
2459569.27 0 0 0 0 0 0 0 0 0 0 0 0 0 0 4.698835563003219 0
2459569.31 0 0 0 0 0 0 0 0 0 0 0 0 0 0 4.699567188899337 0
2459569.35 0 0 0 0 0 0 0 0 0 0 0 0 0 0 4.700298814795454 0
2459569.39 0 0 0 0 0 0 0 0 0 0 0 0 0 0 4.701030440691573 0
2459569.43 0 0 0 0 0 0 0 0 0 0 0 0 0 0 4.7017620665876905 0
2459569.47 0 0 0 0 0 0 0 0 0 0 0 0 0 0 4.702493692483809 0
2459569.52 0 0 0 0 0 0 0 0 0 0 0 0 0 0 4.703225318379927 0
2459569.56 0 0 0 0 0 0 0 0 0 0 0 0 0 0 4.703956944276044 0
2459569.60 0 0 0 0 0 0 0 0 0 0 0 0 0 0 4.704688570172163 0
2459569.64 0 0 0 0 0 0 0 0 0 0 0 0 0 0 4.70542019606828 0
2459569.68 0 0 0 0 0 0 0 0 0 0 0 0 0 0 4.706151821964399 0
2459569.72 0 0 0 0 0 0 0 0 0 0 0 0 0 0 4.706883447860516 0
2459569.77 0 0 0 0 0 0 0 0 0 0 0 0 0 0 4.707615073756634 0
2459569.81 0 0 0 0 0 0 0 0 0 0 0 0 0 0 4.708346699652752 0
2459569.85 0 0 0 0 0 0 0 0 0 0 0 0 0 0 4.70907832554887 0
2459569.89 0 0 0 0 0 0 0 0 0 0 0 0 0 0 4.709809951444989 0
2459569.93 0 0 0 0 0 0 0 0 0 0 0 0 0 0 4.710541577341107 0
2459569.97 0 0 0 0 0 0 0 0 0 0 0 0 0 0 4.711273203237224 0
2459570.02 0 0 0 0 0 0 0 0 0 0 0 0 0 0 4.712004829133341 0
2459570.06 0 0 0 0 0 0 0 0 0 0 0 0 0 0 4.71273645502946 0
2459570.10 0 0 0 0 0 0 0 0 0 0 0 0 0 0 4.713468080925578 0
2459570.14 0 0 0 0 0 0 0 0 0 0 0 0 0 0 4.714199706821696 0
2459570.18 0 0 0 0 0 0 0 0 0 0 0 0 0 0 4.714931332717814 0
2459570.22 0 0 0 0 0 0 0 0 0 0 0 0 0 0 4.715662958613932 0
2459570.27 0 0 0 0 0 0 0 0 0 0 0 0 0 0 4.7163945845100494 0
2459570.31 0 0 0 0 0 0 0 0 0 0 0 0 0 0 4.7171262104061675 0
2459570.35 0 0 0 0 0 0 0 0 0 0 0 0 0 0 4.717857836302286 0
2459570.39 0 0 0 0 0 0 0 0 0 0 0 0 0 0 4.718589462198403 0
2459570.43 0 0 0 0 0 0 0 0 0 0 0 0 0 0 4.719321088094521 0
2459570.48 0 0 0 0 0 0 0 0 0 0 0 0 0 0 4.720052713990639 0
2459570.52 0 0 0 0 0 0 0 0 0 0 0 0 0 0 4.720784339886757 0
2459570.56 0 0 0 0 0 0 0 0 0 0 0 0 0 0 4.721515965782875 0
2459570.60 0 0 0 0 0 0 0 0 0 0 0 0 0 0 4.722247591678993 0
2459570.64 0 0 0 0 0 0 0 0 0 0 0 0 0 0 4.72297921757511 0
2459570.68 0 0 0 0 0 0 0 0 0 0 0 0 0 0 4.723710843471229 0
2459570.73 0 0 0 0 0 0 0 0 0 0 0 0 0 0 4.724442469367347 0
2459570.77 0 0 0 0 0 0 0 0 0 0 0 0 0 0 4.7251740952634655 0
2459570.81 0 0 0 0 0 0 0 0 0 0 0 0 0 0 4.725905721159583 0
2459570.85 0 0 0 0 0 0 0 0 0 0 0 0 0 0 4.7266373470557 0
2459570.89 0 0 0 0 0 0 0 0 0 0 0 0 0 0 4.727368972951819 0
2459570.93 0 0 0 0 0 0 0 0 0 0 0 0 0 0 4.728100598847936 0
2459570.98 0 0 0 0 0 0 0 0 0 0 0 0 0 0 4.728832224744055 0
2459571.02 0 0 0 0 0 0 0 0 0 0 0 0 0 0 4.729563850640172 0
2459571.06 0 0 0 0 0 0 0 0 0 0 0 0 0 0 4.73029547653629 0
2459571.10 0 0 0 0 0 0 0 0 0 0 0 0 0 0 4.731027102432408 0
2459571.14 0 0 0 0 0 0 0 0 0 0 0 0 0 0 4.7317587283285265 0
2459571.18 0 0 0 0 0 0 0 0 0 0 0 0 0 0 4.732490354224645 0
2459571.23 0 0 0 0 0 0 0 0 0 0 0 0 0 0 4.733221980120763 0
2459571.27 0 0 0 0 0 0 0 0 0 0 0 0 0 0 4.73395360601688 0
2459571.31 0 0 0 0 0 0 0 0 0 0 0 0 0 0 4.734685231912998 0
2459571.35 0 0 0 0 0 0 0 0 0 0 0 0 0 0 4.735416857809116 0
2459571.39 0 0 0 0 0 0 0 0 0 0 0 0 0 0 4.736148483705234 0
2459571.43 0 0 0 0 0 0 0 0 0 0 0 0 0 0 4.736880109601352 0
2459571.48 0 0 0 0 0 0 0 0 0 0 0 0 0 0 4.73761173549747 0
2459571.52 0 0 0 0 0 0 0 0 0 0 0 0 0 0 4.7383433613935875 0
2459571.56 0 0 0 0 0 0 0 0 0 0 0 0 0 0 4.7390749872897056 0
2459571.60 0 0 0 0 0 0 0 0 0 0 0 0 0 0 4.7398066131858245 0
2459571.64 0 0 0 0 0 0 0 0 0 0 0 0 0 0 4.740538239081942 0
2459571.68 0 0 0 0 0 0 0 0 0 0 0 0 0 0 4.741269864978059 0
2459571.73 0 0 0 0 0 0 0 0 0 0 0 0 0 0 4.742001490874177 0
2459571.77 0 0 0 0 0 0 0 0 0 0 0 0 0 0 4.742733116770295 0
2459571.81 0 0 0 0 0 0 0 0 0 0 0 0 0 0 4.743464742666413 0
2459571.85 0 0 0 0 0 0 0 0 0 0 0 0 0 0 4.744196368562531 0
2459571.89 0 0 0 0 0 0 0 0 0 0 0 0 0 0 4.744927994458649 0
2459571.93 0 0 0 0 0 0 0 0 0 0 0 0 0 0 4.7456596203547665 0
2459571.98 0 0 0 0 0 0 0 0 0 0 0 0 0 0 4.7463912462508855 0
2459572.02 0 0 0 0 0 0 0 0 0 0 0 0 0 0 4.747122872147003 0
2459572.06 0 0 0 0 0 0 0 0 0 0 0 0 0 0 4.747854498043122 0
2459572.10 0 0 0 0 0 0 0 0 0 0 0 0 0 0 4.748586123939239 0
2459572.14 0 0 0 0 0 0 0 0 0 0 0 0 0 0 4.749317749835356 0
2459572.18 0 0 0 0 0 0 0 0 0 0 0 0 0 0 4.750049375731475 0
2459572.23 0 0 0 0 0 0 0 0 0 0 0 0 0 0 4.750781001627592 0
2459572.27 0 0 0 0 0 0 0 0 0 0 0 0 0 0 4.751512627523711 0
2459572.31 0 0 0 0 0 0 0 0 0 0 0 0 0 0 4.752244253419828 0
2459572.35 0 0 0 0 0 0 0 0 0 0 0 0 0 0 4.7529758793159465 0
2459572.39 0 0 0 0 0 0 0 0 0 0 0 0 0 0 4.7537075052120645 0
2459572.43 0 0 0 0 0 0 0 0 0 0 0 0 0 0 4.754439131108183 0
2459572.48 0 0 0 0 0 0 0 0 0 0 0 0 0 0 4.755170757004301 0
2459572.52 0 0 0 0 0 0 0 0 0 0 0 0 0 0 4.755902382900418 0
2459572.56 0 0 0 0 0 0 0 0 0 0 0 0 0 0 4.756634008796536 0
2459572.60 0 0 0 0 0 0 0 0 0 0 0 0 0 0 4.757365634692654 0
2459572.64 0 0 0 0 0 0 0 0 0 0 0 0 0 0 4.758097260588771 0
2459572.69 0 0 0 0 0 0 0 0 0 0 0 0 0 0 4.75882888648489 0
2459572.73 0 0 0 0 0 0 0 0 0 0 0 0 0 0 4.759560512381008 0
2459572.77 0 0 0 0 0 0 0 0 0 0 0 0 0 0 4.7602921382771255 0
2459572.81 0 0 0 0 0 0 0 0 0 0 0 0 0 0 4.7610237641732445 0
2459572.85 0 0 0 0 0 0 0 0 0 0 0 0 0 0 4.761755390069362 0
2459572.89 0 0 0 0 0 0 0 0 0 0 0 0 0 0 4.762487015965481 0
2459572.94 0 0 0 0 0 0 0 0 0 0 0 0 0 0 4.763218641861598 0
2459572.98 0 0 0 0 0 0 0 0 0 0 0 0 0 0 4.763950267757715 0
2459573.02 0 0 0 0 0 0 0 0 0 0 0 0 0 0 4.764681893653833 0
2459573.06 0 0 0 0 0 0 0 0 0 0 0 0 0 0 4.765413519549951 0
2459573.10 0 0 0 0 0 0 0 0 0 0 0 0 0 0 4.76614514544607 0
2459573.14 0 0 0 0 0 0 0 0 0 0 0 0 0 0 4.766876771342187 0
2459573.19 0 0 0 0 0 0 0 0 0 0 0 0 0 0 4.767608397238305 0
2459573.23 0 0 0 0 0 0 0 0 0 0 0 0 0 0 4.768340023134423 0
2459573.27 0 0 0 0 0 0 0 0 0 0 0 0 0 0 4.769071649030542 0
2459573.31 0 0 0 0 0 0 0 0 0 0 0 0 0 0 4.769803274926659 0
2459573.35 0 0 0 0 0 0 0 0 0 0 0 0 0 0 4.770534900822778 0
2459573.39 0 0 0 0 0 0 0 0 0 0 0 0 0 0 4.771266526718895 0
2459573.44 0 0 0 0 0 0 0 0 0 0 0 0 0 0 4.771998152615012 0
2459573.48 0 0 0 0 0 0 0 0 0 0 0 0 0 0 4.772729778511131 0
2459573.52 0 0 0 0 0 0 0 0 0 0 0 0 0 0 4.773461404407248 0
2459573.56 0 0 0 0 0 0 0 0 0 0 0 0 0 0 4.774193030303366 0
2459573.60 0 0 0 0 0 0 0 0 0 0 0 0 0 0 4.7749246561994845 0
2459573.64 0 0 0 0 0 0 0 0 0 0 0 0 0 0 4.775656282095603 0
2459573.69 0 0 0 0 0 0 0 0 0 0 0 0 0 0 4.776387907991721 0
2459573.73 0 0 0 0 0 0 0 0 0 0 0 0 0 0 4.777119533887839 0
2459573.77 0 0 0 0 0 0 0 0 0 0 0 0 0 0 4.777851159783957 0
2459573.81 0 0 0 0 0 0 0 0 0 0 0 0 0 0 4.778582785680074 0
2459573.85 0 0 0 0 0 0 0 0 0 0 0 0 0 0 4.779314411576191 0
2459573.89 0 0 0 0 0 0 0 0 0 0 0 0 0 0 4.78004603747231 0
2459573.94 0 0 0 0 0 0 0 0 0 0 0 0 0 0 4.780777663368427 0
2459573.98 0 0 0 0 0 0 0 0 0 0 0 0 0 0 4.781509289264546 0
2459574.02 0 0 0 0 0 0 0 0 0 0 0 0 0 0 4.782240915160664 0
2459574.06 0 0 0 0 0 0 0 0 0 0 0 0 0 0 4.782972541056782 0
2459574.10 0 0 0 0 0 0 0 0 0 0 0 0 0 0 4.783704166952901 0
2459574.14 0 0 0 0 0 0 0 0 0 0 0 0 0 0 4.784435792849018 0
2459574.19 0 0 0 0 0 0 0 0 0 0 0 0 0 0 4.785167418745137 0
2459574.23 0 0 0 0 0 0 0 0 0 0 0 0 0 0 4.785899044641254 0
2459574.27 0 0 0 0 0 0 0 0 0 0 0 0 0 0 4.786630670537371 0
2459574.31 0 0 0 0 0 0 0 0 0 0 0 0 0 0 4.78736229643349 0
2459574.35 0 0 0 0 0 0 0 0 0 0 0 0 0 0 4.788093922329607 0
2459574.39 0 0 0 0 0 0 0 0 0 0 0 0 0 0 4.788825548225726 0
2459574.44 0 0 0 0 0 0 0 0 0 0 0 0 0 0 4.7895571741218435 0
2459574.48 0 0 0 0 0 0 0 0 0 0 0 0 0 0 4.7902888000179615 0
2459574.52 0 0 0 0 0 0 0 0 0 0 0 0 0 0 4.791020425914079 0
2459574.56 0 0 0 0 0 0 0 0 0 0 0 0 0 0 4.791752051810198 0
2459574.60 0 0 0 0 0 0 0 0 0 0 0 0 0 0 4.792483677706316 0
2459574.65 0 0 0 0 0 0 0 0 0 0 0 0 0 0 4.793215303602434 0
2459574.69 0 0 0 0 0 0 0 0 0 0 0 0 0 0 4.793946929498551 0
2459574.73 0 0 0 0 0 0 0 0 0 0 0 0 0 0 4.794678555394668 0
2459574.77 0 0 0 0 0 0 0 0 0 0 0 0 0 0 4.795410181290786 0
2459574.81 0 0 0 0 0 0 0 0 0 0 0 0 0 0 4.796141807186904 0
2459574.85 0 0 0 0 0 0 0 0 0 0 0 0 0 0 4.7968734330830225 0
2459574.90 0 0 0 0 0 0 0 0 0 0 0 0 0 0 4.797605058979141 0
2459574.94 0 0 0 0 0 0 0 0 0 0 0 0 0 0 4.798336684875259 0
2459574.98 0 0 0 0 0 0 0 0 0 0 0 0 0 0 4.799068310771377 0
2459575.02 0 0 0 0 0 0 0 0 0 0 0 0 0 0 4.799799936667494 0
2459575.06 0 0 0 0 0 0 0 0 0 0 0 0 0 0 4.800531562563613 0
2459575.10 0 0 0 0 0 0 0 0 0 0 0 0 0 0 4.80126318845973 0
2459575.15 0 0 0 0 0 0 0 0 0 0 0 0 0 0 4.801994814355847 0
2459575.19 0 0 0 0 0 0 0 0 0 0 0 0 0 0 4.802726440251966 0
2459575.23 0 0 0 0 0 0 0 0 0 0 0 0 0 0 4.8034580661480835 0
2459575.27 0 0 0 0 0 0 0 0 0 0 0 0 0 0 4.804189692044202 0
2459575.31 0 0 0 0 0 0 0 0 0 0 0 0 0 0 4.8049213179403205 0
2459575.35 0 0 0 0 0 0 0 0 0 0 0 0 0 0 4.805652943836438 0
2459575.40 0 0 0 0 0 0 0 0 0 0 0 0 0 0 4.806384569732557 0
2459575.44 0 0 0 0 0 0 0 0 0 0 0 0 0 0 4.807116195628674 0
2459575.48 0 0 0 0 0 0 0 0 0 0 0 0 0 0 4.807847821524793 0
2459575.52 0 0 0 0 0 0 0 0 0 0 0 0 0 0 4.80857944742091 0
2459575.56 0 0 0 0 0 0 0 0 0 0 0 0 0 0 4.809311073317027 0
2459575.60 0 0 0 0 0 0 0 0 0 0 0 0 0 0 4.810042699213146 0
2459575.65 0 0 0 0 0 0 0 0 0 0 0 0 0 0 4.810774325109263 0
2459575.69 0 0 0 0 0 0 0 0 0 0 0 0 0 0 4.8115059510053815 0
2459575.73 0 0 0 0 0 0 0 0 0 0 0 0 0 0 4.8122375769015 0
2459575.77 0 0 0 0 0 0 0 0 0 0 0 0 0 0 4.812969202797618 0
2459575.81 0 0 0 0 0 0 0 0 0 0 0 0 0 0 4.813700828693736 0
2459575.85 0 0 0 0 0 0 0 0 0 0 0 0 0 0 4.814432454589854 0
2459575.90 0 0 0 0 0 0 0 0 0 0 0 0 0 0 4.815164080485971 0
2459575.94 0 0 0 0 0 0 0 0 0 0 0 0 0 0 4.815895706382089 0
2459575.98 0 0 0 0 0 0 0 0 0 0 0 0 0 0 4.816627332278207 0
2459576.02 0 0 0 0 0 0 0 0 0 0 0 0 0 0 4.817358958174324 0
2459576.06 0 0 0 0 0 0 0 0 0 0 0 0 0 0 4.818090584070442 0
2459576.10 0 0 0 0 0 0 0 0 0 0 0 0 0 0 4.818822209966561 0
2459576.15 0 0 0 0 0 0 0 0 0 0 0 0 0 0 4.819553835862679 0
2459576.19 0 0 0 0 0 0 0 0 0 0 0 0 0 0 4.820285461758797 0
2459576.23 0 0 0 0 0 0 0 0 0 0 0 0 0 0 4.821017087654914 0
2459576.27 0 0 0 0 0 0 0 0 0 0 0 0 0 0 4.821748713551033 0
2459576.31 0 0 0 0 0 0 0 0 0 0 0 0 0 0 4.82248033944715 0
2459576.35 0 0 0 0 0 0 0 0 0 0 0 0 0 0 4.823211965343269 0
2459576.40 0 0 0 0 0 0 0 0 0 0 0 0 0 0 4.823943591239386 0
2459576.44 0 0 0 0 0 0 0 0 0 0 0 0 0 0 4.824675217135503 0
2459576.48 0 0 0 0 0 0 0 0 0 0 0 0 0 0 4.825406843031622 0
2459576.52 0 0 0 0 0 0 0 0 0 0 0 0 0 0 4.82613846892774 0
2459576.56 0 0 0 0 0 0 0 0 0 0 0 0 0 0 4.8268700948238585 0
2459576.60 0 0 0 0 0 0 0 0 0 0 0 0 0 0 4.827601720719977 0
2459576.65 0 0 0 0 0 0 0 0 0 0 0 0 0 0 4.828333346616094 0
2459576.69 0 0 0 0 0 0 0 0 0 0 0 0 0 0 4.829064972512213 0
2459576.73 0 0 0 0 0 0 0 0 0 0 0 0 0 0 4.82979659840833 0
2459576.77 0 0 0 0 0 0 0 0 0 0 0 0 0 0 4.830528224304449 0
2459576.81 0 0 0 0 0 0 0 0 0 0 0 0 0 0 4.831259850200566 0
2459576.86 0 0 0 0 0 0 0 0 0 0 0 0 0 0 4.831991476096683 0
2459576.90 0 0 0 0 0 0 0 0 0 0 0 0 0 0 4.832723101992802 0
2459576.94 0 0 0 0 0 0 0 0 0 0 0 0 0 0 4.8334547278889195 0
2459576.98 0 0 0 0 0 0 0 0 0 0 0 0 0 0 4.834186353785038 0
2459577.02 0 0 0 0 0 0 0 0 0 0 0 0 0 0 4.834917979681156 0
2459577.06 0 0 0 0 0 0 0 0 0 0 0 0 0 0 4.835649605577274 0
2459577.11 0 0 0 0 0 0 0 0 0 0 0 0 0 0 4.836381231473392 0
2459577.15 0 0 0 0 0 0 0 0 0 0 0 0 0 0 4.837112857369509 0
2459577.19 0 0 0 0 0 0 0 0 0 0 0 0 0 0 4.837844483265628 0
2459577.23 0 0 0 0 0 0 0 0 0 0 0 0 0 0 4.838576109161745 0
2459577.27 0 0 0 0 0 0 0 0 0 0 0 0 0 0 4.839307735057862 0
2459577.31 0 0 0 0 0 0 0 0 0 0 0 0 0 0 4.8400393609539805 0
2459577.36 0 0 0 0 0 0 0 0 0 0 0 0 0 0 4.8407709868500985 0
2459577.40 0 0 0 0 0 0 0 0 0 0 0 0 0 0 4.841502612746217 0
2459577.44 0 0 0 0 0 0 0 0 0 0 0 0 0 0 4.842234238642335 0
2459577.48 0 0 0 0 0 0 0 0 0 0 0 0 0 0 4.842965864538453 0
2459577.52 0 0 0 0 0 0 0 0 0 0 0 0 0 0 4.84369749043457 0
2459577.56 0 0 0 0 0 0 0 0 0 0 0 0 0 0 4.844429116330689 0
2459577.61 0 0 0 0 0 0 0 0 0 0 0 0 0 0 4.845160742226808 0
2459577.65 0 0 0 0 0 0 0 0 0 0 0 0 0 0 4.845892368122925 0
2459577.69 0 0 0 0 0 0 0 0 0 0 0 0 0 0 4.846623994019042 0
2459577.73 0 0 0 0 0 0 0 0 0 0 0 0 0 0 4.8473556199151595 0
2459577.77 0 0 0 0 0 0 0 0 0 0 0 0 0 0 4.8480872458112785 0
2459577.81 0 0 0 0 0 0 0 0 0 0 0 0 0 0 4.848818871707396 0
2459577.86 0 0 0 0 0 0 0 0 0 0 0 0 0 0 4.849550497603515 0
2459577.90 0 0 0 0 0 0 0 0 0 0 0 0 0 0 4.850282123499633 0
2459577.94 0 0 0 0 0 0 0 0 0 0 0 0 0 0 4.85101374939575 0
2459577.98 0 0 0 0 0 0 0 0 0 0 0 0 0 0 4.851745375291869 0
2459578.02 0 0 0 0 0 0 0 0 0 0 0 0 0 0 4.852477001187986 0
2459578.06 0 0 0 0 0 0 0 0 0 0 0 0 0 0 4.853208627084104 0
2459578.11 0 0 0 0 0 0 0 0 0 0 0 0 0 0 4.853940252980222 0
2459578.15 0 0 0 0 0 0 0 0 0 0 0 0 0 0 4.854671878876339 0
2459578.19 0 0 0 0 0 0 0 0 0 0 0 0 0 0 4.8554035047724575 0
2459578.23 0 0 0 0 0 0 0 0 0 0 0 0 0 0 4.856135130668576 0
2459578.27 0 0 0 0 0 0 0 0 0 0 0 0 0 0 4.856866756564694 0
2459578.31 0 0 0 0 0 0 0 0 0 0 0 0 0 0 4.857598382460812 0
2459578.36 0 0 0 0 0 0 0 0 0 0 0 0 0 0 4.858330008356929 0
2459578.40 0 0 0 0 0 0 0 0 0 0 0 0 0 0 4.859061634253047 0
2459578.44 0 0 0 0 0 0 0 0 0 0 0 0 0 0 4.859793260149165 0
2459578.48 0 0 0 0 0 0 0 0 0 0 0 0 0 0 4.860524886045284 0
2459578.52 0 0 0 0 0 0 0 0 0 0 0 0 0 0 4.861256511941401 0
2459578.56 0 0 0 0 0 0 0 0 0 0 0 0 0 0 4.8619881378375185 0
2459578.61 0 0 0 0 0 0 0 0 0 0 0 0 0 0 4.8627197637336375 0
2459578.65 0 0 0 0 0 0 0 0 0 0 0 0 0 0 4.863451389629755 0
2459578.69 0 0 0 0 0 0 0 0 0 0 0 0 0 0 4.864183015525874 0
2459578.73 0 0 0 0 0 0 0 0 0 0 0 0 0 0 4.864914641421991 0
2459578.77 0 0 0 0 0 0 0 0 0 0 0 0 0 0 4.865646267318109 0
2459578.82 0 0 0 0 0 0 0 0 0 0 0 0 0 0 4.866377893214226 0
2459578.86 0 0 0 0 0 0 0 0 0 0 0 0 0 0 4.867109519110345 0
2459578.90 0 0 0 0 0 0 0 0 0 0 0 0 0 0 4.867841145006462 0
2459578.94 0 0 0 0 0 0 0 0 0 0 0 0 0 0 4.868572770902581 0
2459578.98 0 0 0 0 0 0 0 0 0 0 0 0 0 0 4.869304396798698 0
2459579.02 0 0 0 0 0 0 0 0 0 0 0 0 0 0 4.870036022694816 0
2459579.07 0 0 0 0 0 0 0 0 0 0 0 0 0 0 4.870767648590935 0
2459579.11 0 0 0 0 0 0 0 0 0 0 0 0 0 0 4.871499274487052 0
2459579.15 0 0 0 0 0 0 0 0 0 0 0 0 0 0 4.872230900383171 0
2459579.19 0 0 0 0 0 0 0 0 0 0 0 0 0 0 4.872962526279289 0
2459579.23 0 0 0 0 0 0 0 0 0 0 0 0 0 0 4.873694152175406 0
2459579.27 0 0 0 0 0 0 0 0 0 0 0 0 0 0 4.874425778071524 0
2459579.32 0 0 0 0 0 0 0 0 0 0 0 0 0 0 4.875157403967642 0
2459579.36 0 0 0 0 0 0 0 0 0 0 0 0 0 0 4.87588902986376 0
2459579.40 0 0 0 0 0 0 0 0 0 0 0 0 0 0 4.8766206557598775 0
2459579.44 0 0 0 0 0 0 0 0 0 0 0 0 0 0 4.8773522816559955 0
2459579.48 0 0 0 0 0 0 0 0 0 0 0 0 0 0 4.878083907552114 0
2459579.52 0 0 0 0 0 0 0 0 0 0 0 0 0 0 4.878815533448232 0
2459579.57 0 0 0 0 0 0 0 0 0 0 0 0 0 0 4.87954715934435 0
2459579.61 0 0 0 0 0 0 0 0 0 0 0 0 0 0 4.880278785240468 0
2459579.65 0 0 0 0 0 0 0 0 0 0 0 0 0 0 4.881010411136585 0
2459579.69 0 0 0 0 0 0 0 0 0 0 0 0 0 0 4.881742037032704 0
2459579.73 0 0 0 0 0 0 0 0 0 0 0 0 0 0 4.882473662928821 0
2459579.77 0 0 0 0 0 0 0 0 0 0 0 0 0 0 4.88320528882494 0
2459579.82 0 0 0 0 0 0 0 0 0 0 0 0 0 0 4.883936914721057 0
2459579.86 0 0 0 0 0 0 0 0 0 0 0 0 0 0 4.884668540617175 0
2459579.90 0 0 0 0 0 0 0 0 0 0 0 0 0 0 4.885400166513293 0
2459579.94 0 0 0 0 0 0 0 0 0 0 0 0 0 0 4.886131792409411 0
2459579.98 0 0 0 0 0 0 0 0 0 0 0 0 0 0 4.88686341830553 0
2459580.02 0 0 0 0 0 0 0 0 0 0 0 0 0 0 4.887595044201647 0
2459580.07 0 0 0 0 0 0 0 0 0 0 0 0 0 0 4.888326670097765 0
2459580.11 0 0 0 0 0 0 0 0 0 0 0 0 0 0 4.889058295993883 0
2459580.15 0 0 0 0 0 0 0 0 0 0 0 0 0 0 4.889789921890001 0
2459580.19 0 0 0 0 0 0 0 0 0 0 0 0 0 0 4.890521547786118 0
2459580.23 0 0 0 0 0 0 0 0 0 0 0 0 0 0 4.891253173682237 0
2459580.27 0 0 0 0 0 0 0 0 0 0 0 0 0 0 4.8919847995783545 0
2459580.32 0 0 0 0 0 0 0 0 0 0 0 0 0 0 4.892716425474472 0
2459580.36 0 0 0 0 0 0 0 0 0 0 0 0 0 0 4.893448051370591 0
2459580.40 0 0 0 0 0 0 0 0 0 0 0 0 0 0 4.894179677266708 0
2459580.44 0 0 0 0 0 0 0 0 0 0 0 0 0 0 4.894911303162827 0
2459580.48 0 0 0 0 0 0 0 0 0 0 0 0 0 0 4.895642929058945 0